timestamp,temperature,light,humidity,pressure,orientation_x,orientation_y,orientation_z,acceleration_x,acceleration_y,acceleration_z,mag_x,mag_y,mag_z,mag_res
20000,24421.0,74880,42,99359,-0.0216,0.712,-0.011,-0.996,-0.042,-0.019,50,-43,175,187.0133685061044
20104,24421.0,74880,42,99359,-0.0216,0.712,-0.011,-0.996,-0.042,-0.019,49,-47,172,184.9161972353963
20209,24411.0,74880,42,99359,-0.0216,0.712,-0.011,-0.995,-0.044,-0.019,48,-49,171,184.24440290006095
20305,24411.0,74880,42,99359,-0.0216,0.712,-0.011,-0.994,-0.043,-0.021,47,-52,170,183.88311504866343
20405,24421.0,74880,42,99360,-0.0216,0.712,-0.011,-0.996,-0.045,-0.019,46,-53,170,183.9157415774952
20505,24411.0,74880,42,99362,-0.0216,0.712,-0.011,-0.997,-0.044,-0.019,46,-56,168,182.96447742663057
20606,24411.0,74880,42,99362,-0.0216,0.712,-0.011,-0.997,-0.045,-0.015,44,-57,168,182.7812900709479
20706,24421.0,74880,42,99359,-0.0216,0.712,-0.011,-0.996,-0.046,-0.017,46,-59,167,182.99180309511135
20808,24411.0,74880,42,99363,-0.0216,0.712,-0.011,-0.996,-0.043,-0.02,46,-60,168,184.22811946062956
20905,24421.0,74880,42,99363,-0.0216,0.712,-0.011,-0.998,-0.044,-0.018,46,-62,167,183.98097727754356
21008,24421.0,74880,42,99363,-0.0216,0.712,-0.011,-0.996,-0.043,-0.02,47,-62,168,185.1404871982355
21105,24421.0,74880,42,99361,-0.0216,0.712,-0.011,-0.998,-0.045,-0.019,49,-63,170,187.8030883665122
21205,24421.0,74880,42,99360,-0.0216,0.712,-0.011,-0.995,-0.041,-0.017,49,-61,169,186.2337241210625
21305,24421.0,74880,42,99360,-0.0216,0.712,-0.011,-0.997,-0.042,-0.017,51,-61,171,188.58154734755996
21405,24411.0,74880,42,99359,-0.0216,0.712,-0.011,-0.997,-0.042,-0.017,52,-61,169,187.0454490224234
21507,24411.0,74880,42,99361,-0.0216,0.712,-0.011,-0.997,-0.045,-0.018,62,-41,176,191.05234884711572
21606,24411.0,74880,42,99361,-0.0216,0.712,-0.011,-0.995,-0.043,-0.017,47,-50,175,187.9734023738465
21705,24401.0,74880,42,99358,-0.0216,0.712,-0.011,-0.997,-0.044,-0.018,44,-55,172,185.86285266292455
21807,24411.0,74880,42,99361,-0.0216,0.712,-0.011,-0.997,-0.043,-0.018,49,-46,177,189.33039903829496
21904,24411.0,74880,42,99361,-0.0213,0.7119,-0.0112,-1.029,-0.066,-0.006,50,-44,178,190.0526242912736
22015,24411.0,74880,42,99361,-0.0186,0.71,-0.0119,-1.046,-0.048,0.008,51,-45,178,190.55183021949696
22107,24411.0,74880,42,99359,-0.0155,0.7067,-0.0071,-1.052,-0.077,0.0,53,-46,176,189.47559209565753
22208,24401.0,74880,42,99360,-0.0105,0.7017,0.0004,-1.053,-0.068,-0.062,51,-46,174,187.0641601162553
22307,24401.0,77760,42,99360,-0.0029,0.6958,0.0042,-1.019,0.036,-0.019,54,-46,174,187.90423092628865
22405,24411.0,77760,42,99361,0.003,0.6893,0.0049,-1.027,0.036,0.047,55,-47,170,184.75389035146188
22508,24401.0,83520,42,99359,0.0059,0.6826,0.0036,-1.032,0.02,0.038,55,-46,165,179.90553076545478
22605,24401.0,86400,42,99358,0.0063,0.6759,-0.0003,-1.031,0.058,0.104,55,-44,164,178.4852935118185
22705,24401.0,89280,42,99358,0.004,0.6695,-0.0067,-1.007,0.016,0.044,54,-42,159,173.09246084101989
22805,24401.0,92160,42,99358,-0.0014,0.6638,-0.0156,-0.992,0.05,0.07,54,-42,156,170.34083479894068
22909,24401.0,95040,42,99357,-0.0088,0.6586,-0.0268,-0.963,0.0,0.121,56,-39,153,167.5291019494822
23006,24401.0,97920,42,99357,-0.0162,0.6555,-0.0385,-0.949,-0.049,0.147,57,-37,149,163.76507564190845
23105,24381.0,103680,42,99353,-0.0217,0.6548,-0.0499,-0.962,-0.101,0.102,54,-32,147,159.84054554461454
23206,24391.0,106560,42,99356,-0.0252,0.6563,-0.061,-0.963,-0.11,0.147,53,-31,149,161.15520469410848
23301,24391.0,109440,42,99356,-0.0265,0.6597,-0.0715,-0.941,-0.113,0.089,52,-28,148,159.34867429633672
23406,24391.0,109440,42,99356,-0.0251,0.6649,-0.0812,-0.936,-0.11,0.123,51,-28,148,159.02515524281057
23508,24391.0,112320,42,99356,-0.021,0.6714,-0.09,-0.952,-0.137,0.114,51,-26,149,159.6182946908029
23610,24391.0,112320,42,99354,-0.0165,0.6789,-0.0955,-0.965,-0.143,0.111,48,-27,149,158.8521325006372
23709,24391.0,112320,42,99354,-0.0143,0.6864,-0.1004,-0.914,-0.174,0.063,48,-26,151,160.56462873248267
23818,24391.0,109440,42,99355,-0.0112,0.6903,-0.1051,-0.936,-0.144,0.08,49,-26,152,161.8054387219416
23915,24371.0,109440,42,99357,-0.0091,0.6905,-0.1071,-0.989,-0.182,0.023,47,-25,152,161.0527863776346
24016,24371.0,109440,42,99357,-0.0082,0.6906,-0.1083,-0.984,-0.176,0.029,46,-24,152,160.61133210331082
24110,24371.0,109440,42,99352,-0.0026,0.6899,-0.1151,-0.983,-0.161,0.036,47,-24,153,161.8456054392581
24221,24371.0,109440,42,99354,0.0082,0.6885,-0.1271,-0.977,-0.161,0.04,46,-21,152,160.19051157918187
24310,24371.0,106560,42,99354,0.0243,0.6859,-0.1445,-0.992,-0.163,0.043,46,-20,153,161.01242188104618
24406,24381.0,106560,42,99354,0.0451,0.6816,-0.1671,-0.982,-0.162,0.05,46,-17,152,159.71537183377183
24507,24371.0,106560,42,99352,0.0671,0.6762,-0.1911,-0.984,-0.12,0.052,45,-15,151,158.27507700203466
24605,24371.0,103680,42,99357,0.0891,0.67,-0.2148,-0.985,-0.124,0.056,45,-13,151,158.09807082946963
24706,24371.0,103680,42,99357,0.1109,0.663,-0.2383,-0.98,-0.14,0.072,45,-11,151,157.94619336976754
24806,24381.0,100800,42,99352,0.1327,0.6555,-0.2615,-0.986,-0.102,0.066,45,-8,150,156.808800773426
24906,24371.0,97920,42,99358,0.1542,0.6469,-0.2845,-0.982,-0.113,0.075,44,-5,147,153.52524222420234
25005,24371.0,97920,42,99358,0.1751,0.638,-0.3067,-0.979,-0.116,0.079,43,-3,148,154.14927829866735
25106,24351.0,97920,42,99356,0.193,0.6307,-0.323,-0.983,-0.089,0.085,43,-2,147,153.17310468878014
25218,24371.0,95040,42,99356,0.2116,0.6275,-0.3289,-0.983,-0.078,0.088,42,-1,145,150.96357176484665
25310,24371.0,95040,42,99356,0.2205,0.6249,-0.334,-0.981,-0.078,0.093,43,0,145,151.24152868838638
25411,24371.0,95040,42,99354,0.2255,0.6248,-0.3331,-0.982,-0.119,0.094,43,0,144,150.28306624500314
25510,24361.0,95040,42,99354,0.2282,0.6245,-0.3355,-0.98,-0.112,0.095,43,0,145,151.24152868838638
25616,24361.0,95040,42,99354,0.2357,0.6219,-0.3431,-0.978,-0.116,0.095,43,2,144,150.29637387508723
25711,24361.0,92160,42,99354,0.2478,0.6162,-0.3558,-0.982,-0.126,0.096,43,1,144,150.28639326299637
25816,24351.0,92160,42,99357,0.2644,0.6077,-0.3729,-0.98,-0.123,0.097,42,3,143,149.07045314213008
25910,24361.0,92160,42,99353,0.2844,0.5962,-0.3938,-0.98,-0.087,0.102,43,5,140,146.54009690183776
26018,24361.0,89280,42,99353,0.3043,0.5839,-0.4143,-0.984,-0.055,0.097,42,7,138,144.4195277654653
26183,24361.0,89280,42,99353,0.3243,0.5711,-0.4341,-0.977,-0.094,0.101,42,8,136,142.56226709757388
26215,24361.0,89280,42,99352,0.3444,0.5579,-0.4531,-0.983,-0.074,0.108,42,9,133,139.76408694654003
26310,24351.0,89280,42,99354,0.3644,0.5442,-0.4713,-0.982,-0.026,0.101,40,11,133,139.3197760549449
26415,24351.0,89280,42,99354,0.3836,0.5297,-0.4894,-0.978,-0.067,0.106,41,12,129,135.88966112254457
26510,24351.0,86400,42,99358,0.4022,0.5146,-0.5072,-0.984,-0.037,0.11,40,13,128,134.73306943731373
26617,24341.0,86400,42,99357,0.4209,0.499,-0.5237,-0.981,-0.008,0.1,39,14,125,131.68902763708144
26712,24341.0,89280,42,99357,0.4392,0.4831,-0.5398,-0.979,-0.055,0.106,40,14,123,130.09611831257686
26816,24341.0,89280,42,99350,0.4575,0.4665,-0.5549,-0.984,-0.022,0.106,39,15,119,126.12295588036304
26911,24341.0,89280,42,99353,0.4752,0.4495,-0.5694,-0.979,0.016,0.097,37,15,118,124.57126474432216
27016,24341.0,89280,42,99353,0.4918,0.4318,-0.5838,-0.981,-0.025,0.103,39,15,116,123.29639086364207
27110,24341.0,89280,42,99349,0.5072,0.4137,-0.5981,-0.985,0.006,0.099,38,15,114,121.09913294487288
27215,24331.0,89280,42,99353,0.5232,0.3951,-0.6108,-0.98,0.033,0.089,37,14,113,119.7246841716444
27329,24341.0,89280,42,99352,0.5386,0.3762,-0.6228,-0.982,-0.015,0.094,36,15,108,114.82595525402782
27406,24341.0,89280,42,99352,0.5524,0.3568,-0.6351,-0.984,0.019,0.085,38,14,107,114.4071676076285
27504,24331.0,86400,42,99353,0.567,0.3371,-0.6454,-0.984,0.058,0.078,36,13,104,110.81967334368028
27615,24331.0,74880,42,99356,0.58,0.3168,-0.6559,-0.983,0.015,0.08,37,13,102,109.27945827098522
27710,24331.0,69120,42,99356,0.5925,0.2965,-0.6655,-0.986,0.043,0.072,36,12,100,106.9579356569675
27806,24331.0,66240,42,99351,0.6046,0.2759,-0.674,-0.984,0.075,0.063,35,12,98,104.75208828467336
27907,24321.0,63360,42,99353,0.615,0.255,-0.6829,-0.983,0.016,0.061,36,10,97,103.9471019317037
28010,24321.0,63360,42,99353,0.6247,0.2337,-0.691,-0.985,0.048,0.05,35,9,96,102.5768004960186
28112,24331.0,66240,42,99353,0.6337,0.2122,-0.6983,-0.988,0.086,0.046,35,8,94,100.62305898749054
28217,24321.0,74880,42,99352,0.6418,0.1905,-0.7052,-0.983,0.038,0.04,35,6,92,98.6154146165801
28351,24321.0,86400,42,99354,0.6494,0.1686,-0.711,-0.99,0.068,0.032,34,5,91,97.27281223445738
28419,24321.0,97920,42,99354,0.6587,0.146,-0.7137,-0.988,0.094,0.026,34,3,88,94.38749917229504
28510,24321.0,106560,42,99352,0.6651,0.1237,-0.7178,-0.994,0.09,0.019,34,1,88,94.34511116109832
28615,24331.0,118080,42,99353,0.6702,0.1014,-0.7216,-0.987,0.082,0.014,33,1,85,91.18662182579196
28710,24331.0,120960,42,99353,0.675,0.0789,-0.7241,-0.989,0.077,0.009,33,-1,84,90.2551937563706
28817,24321.0,120960,42,99352,0.6795,0.0561,-0.7255,-0.995,0.094,-0.005,34,-3,83,89.74408058473828
28906,24321.0,120960,42,99351,0.6829,0.0332,-0.7264,-0.991,0.072,-0.009,34,-3,83,89.74408058473828
29006,24321.0,120960,42,99355,0.6858,0.0105,-0.7263,-0.993,0.079,-0.014,33,-6,83,89.52094726934027
29106,24321.0,120960,42,99355,0.688,-0.0124,-0.7253,-0.996,0.088,-0.028,32,-7,83,89.23003978481687
29207,24321.0,118080,42,99358,-0.6894,0.0352,0.7235,-0.993,0.077,-0.032,33,-10,82,88.95504482602435
29306,24331.0,118080,42,99357,-0.6901,0.0579,0.7209,-0.993,0.077,-0.039,33,-12,81,88.28363381737297
29415,24331.0,112320,42,99357,-0.6909,0.0811,0.7167,-0.995,0.082,-0.05,32,-13,81,88.05679985100527
29506,24331.0,106560,42,99355,-0.6893,0.1033,0.7132,-0.995,0.061,-0.053,33,-15,81,88.74119674649424
29606,24311.0,100800,42,99352,-0.6878,0.1256,0.7083,-0.997,0.071,-0.059,32,-18,80,88.02272433866155
29706,24311.0,97920,42,99352,-0.6855,0.1479,0.7025,-0.997,0.075,-0.072,32,-19,80,88.23264701911646
29807,24311.0,89280,42,99352,-0.6825,0.1701,0.6959,-0.999,0.058,-0.076,33,-21,83,91.7551088495894
29907,24321.0,86400,42,99352,-0.6787,0.1919,0.6886,-0.995,0.06,-0.082,32,-23,82,90.97801932335084
30006,24321.0,77760,42,99353,-0.6733,0.2131,0.6813,-0.998,0.056,-0.09,32,-27,82,92.07062506576132
30106,24321.0,74880,42,99353,-0.6679,0.2345,0.6726,-0.997,0.035,-0.089,32,-28,82,92.36882591004392
30217,24311.0,66240,42,99351,-0.662,0.2557,0.663,-0.996,0.046,-0.097,32,-29,85,95.34149149242424
30308,24321.0,60480,42,99352,-0.6545,0.2761,0.6534,-0.998,0.047,-0.105,32,-31,85,95.96874491208062
30406,24321.0,54720,42,99352,-0.6471,0.2966,0.6424,-1.001,0.023,-0.109,31,-34,86,97.53460924205316
30507,24311.0,48960,42,99357,-0.6397,0.3173,0.63,-0.998,0.021,-0.111,32,-35,87,99.0858213873206
30618,24311.0,43200,42,99352,-0.6309,0.3372,0.6175,-0.997,0.021,-0.12,31,-36,88,100.00499987500623
30707,24311.0,37440,42,99352,-0.6206,0.3561,0.6052,-1.001,-0.007,-0.115,32,-37,90,102.43534546239398
30815,24311.0,37440,44,99350,-0.61,0.3743,0.5924,-0.998,0.023,-0.122,32,-40,93,106.17438485811914
30911,24311.0,37440,42,99352,-0.607,0.3955,0.5752,-0.999,0.018,-0.127,33,-41,95,108.6047881080756
31016,24301.0,37440,42,99346,-0.604,0.4093,0.5636,-0.997,0.007,-0.121,33,-41,96,109.48059188732952
31112,24301.0,37440,42,99346,-0.6032,0.4189,0.5554,-0.997,0.001,-0.121,33,-41,94,107.73114684249862
31214,24311.0,37440,42,99353,-0.6038,0.4228,0.5519,-0.997,-0.009,-0.12,33,-43,97,111.11705539655016
31310,24301.0,37440,42,99351,-0.6058,0.4238,0.5497,-0.998,-0.01,-0.12,33,-42,98,111.61093136427094
31411,24301.0,37440,42,99351,-0.6072,0.4244,0.5482,-0.996,-0.01,-0.118,33,-43,97,111.11705539655016
31505,24311.0,37440,42,99357,-0.6082,0.4248,0.5472,-0.998,-0.01,-0.121,34,-43,97,111.41813137905338
31612,24301.0,37440,42,99350,-0.609,0.4251,0.5463,-0.997,-0.011,-0.122,33,-43,97,111.11705539655016
31707,24301.0,37440,42,99351,-0.6096,0.4254,0.5456,-0.995,-0.011,-0.121,32,-42,96,109.5627673984187
31811,24301.0,37440,42,99351,-0.61,0.4256,0.5451,-0.998,-0.009,-0.121,33,-42,97,110.73391531053169
31910,24301.0,37440,42,99349,-0.6104,0.4257,0.5447,-0.998,-0.011,-0.121,34,-43,98,112.2898036332774
32006,24291.0,37440,42,99354,-0.6108,0.4259,0.5443,-0.997,-0.01,-0.121,33,-43,97,111.11705539655016
32107,24291.0,37440,42,99354,-0.611,0.426,0.544,-0.998,-0.012,-0.12,34,-43,97,111.41813137905338
32211,24291.0,37440,42,99355,-0.6113,0.4261,0.5437,-0.986,-0.011,-0.124,33,-43,97,111.11705539655016
32312,24291.0,37440,42,99354,-0.6138,0.4236,0.5442,-0.956,-0.031,-0.151,32,-43,97,110.82418508610834
32416,24291.0,37440,42,99354,-0.6195,0.4149,0.549,-0.999,0.004,-0.123,32,-43,96,109.9499886311954
32506,24281.0,37440,42,99356,-0.6277,0.4026,0.5567,-1.0,-0.005,-0.113,34,-41,96,109.78615577567146
32606,24291.0,37440,42,99352,-0.6384,0.3859,0.5673,-0.991,0.018,-0.123,32,-43,93,107.34057946554977
32706,24291.0,37440,42,99354,-0.65,0.3653,0.5801,-0.999,-0.018,-0.12,35,-39,92,105.8772874605314
32806,24291.0,37440,42,99354,-0.6611,0.3447,0.592,-0.996,-0.059,-0.124,33,-37,90,102.75212893171606
32906,24291.0,40320,42,99355,-0.6715,0.3236,0.6032,-1.009,-0.005,-0.123,33,-36,89,101.51847122568384
33006,24291.0,43200,42,99356,-0.681,0.3026,0.6137,-1.003,-0.002,-0.13,34,-32,85,96.97937925146768
33107,24291.0,46080,42,99356,-0.6898,0.2808,0.6236,-1.009,-0.03,-0.11,33,-32,85,96.63332758422428
33206,24281.0,54720,42,99355,-0.6976,0.2595,0.6325,-0.993,-0.003,-0.123,34,-29,84,95.14725429564427
33307,24291.0,54720,42,99356,-0.7047,0.2381,0.6406,-0.993,-0.005,-0.125,32,-28,82,92.36882591004392
33406,24291.0,60480,42,99356,-0.7111,0.216,0.648,-0.99,-0.04,-0.12,34,-25,81,91.33454987024352
33506,24281.0,63360,42,99355,-0.7166,0.1939,0.6547,-1.006,0.007,-0.125,33,-23,83,92.233399590387
33606,24281.0,69120,44,99356,-0.7214,0.1718,0.6603,-1.005,-0.003,-0.121,35,-20,82,91.37286249209882
33708,24281.0,74880,42,99354,-0.7255,0.1496,0.6651,-0.99,-0.025,-0.125,35,-18,81,90.05553841935541
33806,24281.0,77760,42,99354,-0.7288,0.1271,0.6693,-1.001,0.023,-0.12,34,-16,80,88.38551917593742
33906,24281.0,77760,42,99353,-0.7312,0.1048,0.6726,-0.995,0.005,-0.12,36,-14,81,89.73850901368932
34007,24281.0,80640,42,99352,-0.733,0.0828,0.6749,-1.006,-0.004,-0.117,34,-11,81,88.53247991556545
34106,24281.0,83520,42,99352,0.7338,-0.0606,-0.6766,-0.988,0.022,-0.122,34,-9,81,88.30628516702534
34208,24281.0,86400,42,99355,0.7338,-0.0382,-0.6776,-1.001,0.056,-0.133,36,-7,82,89.8276126811795
34303,24281.0,86400,44,99356,0.733,-0.0159,-0.6778,-0.999,0.035,-0.113,35,-4,84,91.08786966440702
34407,24281.0,86400,44,99356,0.7313,0.0058,-0.6773,-0.99,-0.033,-0.122,36,-2,84,91.41115905621152
34506,24281.0,86400,42,99356,0.7289,0.0275,-0.676,-0.988,0.079,-0.116,36,-1,84,91.39474820797966
34617,24271.0,80640,42,99359,0.7257,0.0493,-0.6739,-1.009,0.062,-0.122,35,2,86,92.87087810503355
34710,24271.0,74880,42,99356,0.7216,0.0707,-0.6712,-0.974,-0.025,-0.108,37,3,88,95.50916186418976
34815,24271.0,60480,42,99356,0.7167,0.0919,-0.6678,-0.994,0.079,-0.107,37,6,89,96.57121724406296
34910,24261.0,51840,42,99353,0.7109,0.1128,-0.6638,-0.992,0.067,-0.115,38,7,90,97.94386147176353
35018,24271.0,48960,42,99358,0.7045,0.134,-0.6589,-1.009,0.005,-0.099,37,9,93,100.4937809021036
35110,24271.0,48960,42,99358,0.6972,0.1545,-0.6535,-1.003,0.109,-0.096,37,10,94,101.51354589413178
35218,24271.0,48960,42,99356,0.6891,0.1747,-0.6474,-1.004,0.086,-0.093,39,12,95,103.39245620450264
35313,24271.0,48960,42,99358,0.68,0.1948,-0.6409,-0.989,0.018,-0.089,39,12,98,106.155546251715
35417,24261.0,48960,42,99355,0.6704,0.2148,-0.6335,-0.995,0.1,-0.085,39,14,99,107.32194556566704
35513,24261.0,51840,42,99355,0.66,0.2345,-0.6255,-0.996,0.086,-0.078,39,14,102,110.09541316512691
35615,24271.0,51840,42,99356,0.6489,0.2534,-0.6169,-0.989,0.029,-0.071,40,17,104,112.7164584255556
35711,24271.0,51840,42,99357,0.6371,0.2723,-0.6078,-1.0,0.124,-0.069,40,17,105,113.63978176677392
35818,24271.0,54720,42,99357,0.6246,0.291,-0.598,-1.001,0.106,-0.052,40,17,107,115.49025932952097
35910,24261.0,60480,42,99356,0.6113,0.3095,-0.5874,-0.999,0.031,-0.044,42,19,111,120.19151384353223
36015,24281.0,60480,42,99358,0.5976,0.3272,-0.5764,-0.981,0.135,-0.053,41,20,112,120.93386622447824
36105,24281.0,63360,42,99358,0.583,0.3451,-0.5649,-1.0,0.086,-0.039,41,19,116,124.49096352747856
36215,24261.0,66240,42,99357,0.568,0.3624,-0.5527,-0.997,0.037,-0.014,43,20,118,127.17311036535986
36306,24261.0,69120,42,99357,0.5524,0.3792,-0.5399,-0.994,0.107,-0.022,43,20,122,130.89308614285173
36411,24251.0,72000,42,99358,0.536,0.3956,-0.5268,-0.98,0.096,-0.019,43,20,125,133.69367973094316
36514,24251.0,72000,42,99358,0.5191,0.4119,-0.5132,-0.997,0.049,-0.009,44,20,128,136.82105101189657
36618,24251.0,74880,42,99357,0.5016,0.4276,-0.4989,-0.99,0.107,-0.003,42,20,128,136.19104228986575
36723,24251.0,77760,42,99357,0.4834,0.443,-0.4842,-0.981,0.076,-0.006,44,19,131,139.49193525075205
36817,24251.0,77760,42,99357,0.465,0.4579,-0.4691,-0.992,0.013,0.024,44,19,134,142.31303524273522
36911,24261.0,80640,42,99359,0.4461,0.4724,-0.4536,-1.003,0.111,0.022,46,18,138,146.574213284602
37022,24261.0,83520,42,99358,0.4264,0.4865,-0.4374,-1.004,0.09,0.035,46,16,140,148.22955170950223
37110,24261.0,86400,42,99358,0.4063,0.5001,-0.4209,-0.977,0.069,0.027,46,16,143,151.06621064950295
37215,24261.0,86400,42,99355,0.3858,0.5132,-0.4043,-0.996,0.048,0.037,46,14,145,152.76452467768817
37310,24251.0,86400,42,99358,0.3647,0.5259,-0.3872,-0.991,0.076,0.043,47,12,148,155.746589047722
37415,24251.0,86400,44,99357,0.3434,0.538,-0.3698,-0.994,0.05,0.046,48,10,149,156.85981002156032
37510,24251.0,86400,44,99357,0.3215,0.5497,-0.352,-0.986,0.005,0.054,48,9,152,159.6527481755325
37619,24261.0,89280,42,99359,0.2994,0.5612,-0.3339,-1.005,0.049,0.056,47,4,155,162.0185174601965
37711,24251.0,89280,42,99355,0.2768,0.5717,-0.3156,-0.982,0.02,0.054,49,5,157,164.54482671904336
37815,24251.0,89280,42,99355,0.2538,0.5816,-0.2969,-0.99,0.006,0.054,50,2,159,166.68833192518306
37906,24251.0,89280,42,99355,0.2308,0.5915,-0.2777,-0.98,0.036,0.053,50,-1,162,169.54350474140847
38006,24251.0,89280,42,99359,0.2079,0.6008,-0.2584,-0.998,0.001,0.06,50,-4,164,171.4992711354774
38105,24251.0,89280,42,99357,0.1844,0.6094,-0.2387,-0.976,-0.006,0.063,52,-5,166,174.0258601472781
38206,24251.0,89280,42,99357,0.1607,0.6176,-0.2185,-0.991,-0.002,0.052,50,-10,168,175.56765077883796
38306,24251.0,89280,42,99358,0.1371,0.6253,-0.1983,-0.981,-0.022,0.051,51,-13,169,177.00564962734947
38406,24251.0,86400,44,99360,0.1133,0.6326,-0.1777,-1.0,-0.052,0.052,51,-16,170,178.20493820318222
38509,24251.0,86400,44,99360,0.0893,0.639,-0.157,-0.987,-0.009,0.036,52,-20,171,179.84715733088473
38608,24251.0,86400,42,99359,0.0655,0.645,-0.1362,-0.986,-0.047,0.045,52,-23,172,181.1546300815963
38708,24251.0,86400,44,99359,0.0414,0.6506,-0.115,-0.99,-0.053,0.036,53,-26,173,182.7949671079595
38809,24251.0,83520,44,99359,0.0174,0.6556,-0.0938,-0.995,-0.024,0.035,53,-29,173,183.24573664890545
38909,24251.0,83520,42,99358,-0.0064,0.6599,-0.0727,-0.989,-0.083,0.015,54,-33,173,184.2118345818205
39019,24241.0,80640,42,99350,-0.0254,0.6655,-0.0548,-0.997,-0.079,0.026,54,-38,174,186.10749581894868
39109,24241.0,77760,44,99356,-0.0384,0.6713,-0.0417,-1.001,-0.099,0.002,53,-39,174,186.02687977816535
39206,24241.0,77760,44,99356,-0.0452,0.6833,-0.0329,-1.038,-0.141,-0.034,54,-43,172,185.33483212823216
39306,24241.0,77760,42,99357,-0.0482,0.685,-0.032,-1.008,-0.088,0.0,53,-41,173,185.52358340653083
39408,24241.0,77760,42,99357,-0.0479,0.6846,-0.0323,-0.952,-0.041,0.0,53,-41,172,184.59144075498193
39509,24241.0,77760,42,99357,-0.046,0.6869,-0.0299,-0.953,-0.067,-0.017,53,-40,173,185.30515373297095
39617,24241.0,77760,44,99357,-0.0411,0.6945,-0.0243,-0.966,-0.078,-0.021,53,-40,174,186.23909364040625
39710,24241.0,74880,42,99356,-0.0354,0.7015,-0.0185,-0.954,-0.041,-0.01,53,-43,174,186.9063936841113
39817,24241.0,74880,42,99356,-0.0311,0.705,-0.0143,-1.038,-0.079,-0.009,51,-44,176,188.4489320744482
39909,24241.0,74880,44,99358,-0.0285,0.7069,-0.0118,-1.028,-0.053,-0.004,51,-44,178,190.3181546778972
40016,24241.0,74880,44,99354,-0.0274,0.7074,-0.0107,-1.026,-0.061,-0.015,50,-44,178,190.0526242912736
40111,24241.0,74880,42,99360,-0.027,0.7067,-0.0111,-1.004,-0.017,-0.015,49,-44,177,188.85444130334875
40214,24241.0,74880,42,99360,-0.0267,0.7068,-0.0112,-0.995,-0.04,-0.018,50,-44,178,190.0526242912736
40310,24241.0,74880,42,99360,-0.0263,0.7079,-0.0107,-0.996,-0.05,-0.03,50,-45,178,190.2866259094422
40402,24241.0,74880,44,99357,-0.026,0.7083,-0.0103,-1.003,-0.045,-0.02,50,-44,178,190.0526242912736
40508,24241.0,74880,44,99357,-0.0257,0.7089,-0.0101,-0.998,-0.04,-0.019,44,-51,178,190.3181546778972
40606,24241.0,74880,44,99361,-0.0255,0.7093,-0.0098,-0.995,-0.044,-0.019,46,-49,179,191.2014644295383
40709,24241.0,74880,42,99359,-0.0253,0.7096,-0.0096,-0.995,-0.041,-0.017,49,-48,179,191.69246203228755
40811,24231.0,74880,44,99359,-0.0251,0.7099,-0.0094,-0.996,-0.041,-0.017,50,-45,178,190.2866259094422
40912,24231.0,74880,44,99359,-0.025,0.7101,-0.0093,-0.996,-0.042,-0.021,51,-43,179,191.0261762167688
41019,24231.0,74880,42,99359,-0.0249,0.7103,-0.0092,-0.998,-0.044,-0.019,53,-41,177,189.25908168434088
41117,24231.0,74880,44,99357,-0.0248,0.7105,-0.0091,-0.997,-0.043,-0.018,56,-41,178,191.05234884711572
41220,24231.0,74880,44,99357,-0.0247,0.7106,-0.009,-0.998,-0.044,-0.018,58,-40,176,189.57847979135184
41307,24231.0,74880,44,99361,-0.0247,0.7108,-0.0089,-0.996,-0.044,-0.02,59,-38,174,187.61929538296428
41411,24231.0,74880,42,99360,-0.0246,0.7109,-0.0088,-0.997,-0.045,-0.02,61,-38,174,188.257801963159
41506,24231.0,74880,42,99360,-0.0246,0.711,-0.0088,-0.998,-0.044,-0.015,62,-39,171,186.02687977816535
41606,24231.0,74880,44,99359,-0.0246,0.711,-0.0088,-0.998,-0.045,-0.021,62,-39,171,186.02687977816535
41707,24241.0,74880,44,99358,-0.0246,0.711,-0.0088,-0.997,-0.042,-0.02,62,-41,171,186.45642922677672
41806,24221.0,74880,44,99357,-0.0246,0.711,-0.0088,-0.997,-0.042,-0.019,62,-43,171,186.9063936841113
41907,24221.0,74880,44,99357,-0.0246,0.711,-0.0088,-0.995,-0.042,-0.017,62,-44,170,186.22566955175648
42006,24221.0,74880,44,99357,-0.0246,0.711,-0.0088,-0.997,-0.045,-0.017,63,-47,171,188.1993623793662
42106,24221.0,74880,44,99354,-0.0246,0.711,-0.0088,-0.995,-0.042,-0.018,63,-48,172,189.3594465560142
42206,24221.0,74880,44,99354,-0.0246,0.711,-0.0088,-1.0,-0.042,-0.018,63,-50,172,189.87627550591992
42308,24231.0,74880,44,99362,-0.0246,0.711,-0.0088,-0.997,-0.043,-0.018,61,-51,175,192.21602430598756
42407,24231.0,74880,44,99360,-0.0246,0.711,-0.0088,-0.998,-0.044,-0.019,61,-54,175,193.03367581849545
42509,24231.0,74880,44,99360,-0.0246,0.711,-0.0088,-0.997,-0.043,-0.019,61,-55,176,194.221523009166
42607,24231.0,74880,42,99361,-0.0246,0.711,-0.0088,-0.995,-0.043,-0.019,62,-56,179,197.5373382426725
42707,24211.0,74880,42,99361,-0.0246,0.711,-0.0088,-0.996,-0.042,-0.02,62,-57,179,197.82315334661916
42806,24221.0,74880,44,99360,-0.0246,0.711,-0.0088,-0.997,-0.044,-0.016,62,-57,180,198.72845795205075
42906,24221.0,74880,44,99360,-0.0246,0.711,-0.0088,-0.998,-0.043,-0.018,63,-57,180,199.0427089847805
43007,24221.0,74880,44,99359,-0.0246,0.711,-0.0088,-0.997,-0.043,-0.019,64,-56,181,199.982499234308
43109,24231.0,74880,42,99361,-0.0246,0.711,-0.0088,-0.994,-0.042,-0.019,63,-55,180,198.47921805569467
43211,24231.0,74880,42,99361,-0.0246,0.711,-0.0088,-0.997,-0.042,-0.02,65,-56,180,199.40160480798545
43302,24211.0,74880,44,99358,-0.0246,0.711,-0.0088,-0.998,-0.044,-0.016,65,-55,178,197.3170038288642
43407,24211.0,74880,44,99355,-0.0246,0.711,-0.0088,-0.996,-0.042,-0.019,64,-54,177,195.8085799958725
43506,24231.0,74880,42,99362,-0.0246,0.711,-0.0088,-0.997,-0.044,-0.016,65,-55,175,194.61500456028563
43608,24231.0,74880,42,99362,-0.0246,0.711,-0.0088,-0.994,-0.044,-0.022,65,-53,173,192.25763964014536
43707,24211.0,74880,44,99360,-0.0246,0.711,-0.0088,-0.997,-0.044,-0.017,65,-53,170,189.56265454988755
43807,24211.0,74880,44,99361,-0.0246,0.711,-0.0088,-0.998,-0.042,-0.02,63,-52,166,185.0108104949546
43909,24211.0,74880,44,99361,-0.0246,0.711,-0.0088,-0.996,-0.047,-0.02,61,-54,166,184.91349328807783
44007,24211.0,74880,42,99359,-0.0246,0.711,-0.0088,-0.998,-0.043,-0.021,59,-55,165,183.66001197865583
44110,24211.0,74880,44,99360,-0.0246,0.711,-0.0088,-0.997,-0.047,-0.02,58,-57,166,184.84858668650944
44207,24211.0,74880,44,99360,-0.0246,0.711,-0.0088,-0.995,-0.043,-0.02,55,-57,163,181.22637777100772
44306,24201.0,74880,44,99358,-0.0246,0.711,-0.0088,-0.996,-0.043,-0.019,65,-53,175,194.05926929677955
44408,24201.0,74880,44,99358,-0.0246,0.711,-0.0088,-0.995,-0.045,-0.019,50,-45,179,191.22238362702208
44509,24211.0,74880,44,99358,-0.0246,0.711,-0.0088,-0.996,-0.044,-0.018,61,-39,174,188.46219780104445
44604,24211.0,74880,44,99358,-0.0246,0.711,-0.0088,-0.998,-0.043,-0.02,62,-44,172,188.05318396666408
44707,24211.0,74880,42,99361,-0.0246,0.711,-0.0088,-1.029,-0.115,-0.007,62,-45,172,188.28967045486056
44816,24201.0,74880,42,99356,-0.0223,0.7099,-0.0098,-1.046,-0.062,-0.004,61,-44,172,187.725863961256
44909,24201.0,74880,42,99356,-0.0193,0.707,-0.0066,-1.043,-0.054,0.001,62,-44,172,188.05318396666408
45010,24211.0,74880,42,99361,-0.0153,0.7027,0.0004,-1.02,-0.019,-0.018,63,-46,171,187.95212156291296
45114,24201.0,77760,42,99357,-0.0081,0.697,0.0061,-1.049,-0.057,-0.029,63,-47,168,185.47776147020969
45214,24201.0,80640,42,99357,-0.0013,0.6907,0.0075,-1.041,0.01,0.062,67,-47,167,185.9758048779464
45308,24201.0,83520,44,99359,0.0025,0.6839,0.0066,-1.03,0.022,0.035,66,-45,164,182.41984541162185
45406,24201.0,86400,42,99356,0.0038,0.6772,0.0037,-1.041,0.023,0.076,65,-46,158,176.93219040072952
45506,24201.0,89280,42,99359,0.0024,0.6708,-0.0017,-1.043,0.037,0.129,66,-42,155,173.62315513778685
45606,24201.0,92160,42,99359,-0.0017,0.6645,-0.0096,-1.019,0.007,0.069,67,-42,153,172.2265949265676
45706,24201.0,97920,44,99354,-0.0086,0.6591,-0.02,-0.993,-0.044,0.085,68,-41,148,167.95535120977837
45806,24191.0,97920,42,99356,-0.0163,0.6553,-0.0318,-0.926,-0.022,0.099,67,-37,147,165.731710906513
45909,24191.0,103680,42,99356,-0.0225,0.6539,-0.0434,-0.952,-0.083,0.132,66,-34,144,162.01234520862909
46006,24201.0,106560,44,99352,-0.0265,0.6546,-0.0545,-0.938,-0.086,0.129,66,-32,142,159.82490419205638
46106,24201.0,109440,42,99353,-0.0284,0.6575,-0.0652,-0.934,-0.124,0.101,65,-29,143,159.73415414368964
46206,24201.0,109440,42,99353,-0.0279,0.6623,-0.0752,-0.937,-0.13,0.111,63,-28,142,157.851195750935
46306,24201.0,112320,42,99354,-0.0247,0.6683,-0.0845,-0.927,-0.111,0.075,63,-28,143,158.75137794677562
46407,24191.0,112320,44,99355,-0.02,0.6755,-0.0912,-0.948,-0.174,0.101,61,-26,143,157.62613996415695
46508,24191.0,112320,42,99354,-0.0173,0.6836,-0.096,-0.938,-0.184,0.101,59,-26,146,159.6026315572522
46667,24191.0,112320,42,99354,-0.0145,0.689,-0.1008,-0.924,-0.151,0.062,58,-23,146,158.7734234687909
46706,24191.0,109440,42,99354,-0.011,0.6894,-0.1037,-0.925,-0.132,0.069,60,-26,148,161.80234856144702
46807,24201.0,109440,42,99355,-0.0109,0.6894,-0.1038,-0.994,-0.14,0.029,59,-24,146,159.2890454488318
47012,24191.0,109440,42,99356,-0.0101,0.6909,-0.1028,-0.987,-0.147,0.03,57,-24,147,159.48040632002414
47107,24191.0,109440,42,99357,-0.0099,0.6912,-0.1026,-0.987,-0.148,0.029,59,-24,146,159.2890454488318
47215,24201.0,109440,42,99352,-0.0096,0.6917,-0.1022,-0.98,-0.15,0.033,59,-24,146,159.2890454488318
47307,24201.0,109440,42,99352,-0.0094,0.6921,-0.102,-0.99,-0.145,0.032,58,-25,146,159.07545379473223
47411,24191.0,109440,42,99356,-0.0093,0.6923,-0.1019,-0.981,-0.148,0.032,59,-25,147,160.3589723090043
47511,24191.0,109440,42,99356,-0.0091,0.6925,-0.1017,-0.985,-0.15,0.033,58,-24,146,158.92136420255144
47613,24191.0,109440,42,99356,-0.009,0.6927,-0.1016,-0.987,-0.149,0.031,59,-24,147,160.20611723651504
47712,24191.0,109440,42,99353,-0.0089,0.6929,-0.1014,-0.982,-0.15,0.032,57,-26,147,159.7936168937921
47813,24191.0,109440,42,99352,-0.0089,0.6931,-0.1013,-0.984,-0.148,0.031,58,-24,146,158.92136420255144
47912,24191.0,109440,42,99352,-0.0088,0.6932,-0.1012,-0.985,-0.148,0.032,59,-25,145,158.52760012060992
48007,24191.0,109440,42,99355,-0.0087,0.6933,-0.1012,-0.982,-0.148,0.034,57,-24,147,159.48040632002414
48105,24191.0,109440,42,99354,-0.0087,0.6933,-0.1012,-0.986,-0.149,0.032,59,-24,147,160.20611723651504
48207,24181.0,109440,42,99349,-0.0087,0.6933,-0.1012,-0.985,-0.147,0.032,59,-24,147,160.20611723651504
48306,24181.0,109440,42,99349,-0.0087,0.6933,-0.1012,-0.983,-0.148,0.032,59,-25,147,160.3589723090043
48410,24181.0,109440,42,99353,-0.0087,0.6933,-0.1012,-0.986,-0.149,0.033,58,-25,146,159.07545379473223
48506,24181.0,109440,42,99348,-0.0087,0.6933,-0.1012,-0.985,-0.147,0.035,60,-24,146,159.66214329013624
48607,24181.0,109440,42,99348,-0.0087,0.6933,-0.1012,-0.985,-0.148,0.033,58,-24,147,159.84054554461454
48706,24191.0,109440,42,99353,-0.0087,0.6933,-0.1012,-0.987,-0.149,0.032,58,-24,147,159.84054554461454
48804,24181.0,109440,42,99352,-0.0087,0.6933,-0.1012,-0.985,-0.147,0.032,58,-25,147,159.99374987792493
48906,24181.0,109440,42,99352,-0.0087,0.6933,-0.1012,-0.983,-0.149,0.031,58,-24,147,159.84054554461454
49009,24181.0,109440,42,99350,-0.0087,0.6933,-0.1012,-0.986,-0.15,0.031,58,-25,148,160.91301998284663
49106,24181.0,109440,42,99351,-0.0087,0.6933,-0.1012,-0.984,-0.148,0.033,58,-23,147,159.6934563468397
49207,24171.0,109440,42,99351,-0.0087,0.6933,-0.1012,-0.985,-0.147,0.032,59,-24,147,160.20611723651504
49344,24171.0,109440,42,99351,-0.0087,0.6933,-0.1012,-0.985,-0.149,0.031,58,-25,148,160.91301998284663
49414,24181.0,109440,42,99352,-0.0087,0.6933,-0.1012,-0.983,-0.148,0.032,58,-24,146,158.92136420255144
49514,24181.0,109440,44,99349,-0.0087,0.6933,-0.1012,-0.985,-0.149,0.031,58,-25,147,159.99374987792493
49610,24181.0,109440,44,99349,-0.0087,0.6933,-0.1012,-0.985,-0.151,0.034,59,-25,146,159.44277970482077
49706,24181.0,109440,42,99352,-0.0087,0.6933,-0.1012,-0.984,-0.148,0.033,58,-24,146,158.92136420255144
49806,24171.0,109440,42,99351,-0.0087,0.6933,-0.1012,-0.986,-0.148,0.032,59,-24,147,160.20611723651504
49906,24171.0,109440,42,99351,-0.0087,0.6933,-0.1012,-0.984,-0.149,0.034,58,-25,147,159.99374987792493
50006,24171.0,109440,42,99351,-0.0087,0.6933,-0.1012,-0.983,-0.148,0.031,59,-24,147,160.20611723651504
50108,24171.0,109440,42,99351,-0.0087,0.6933,-0.1012,-0.984,-0.148,0.033,60,-24,146,159.66214329013624
50208,24171.0,109440,42,99353,-0.0087,0.6933,-0.1012,-0.985,-0.148,0.033,59,-24,147,160.20611723651504
50307,24171.0,109440,42,99353,-0.0087,0.6933,-0.1012,-0.984,-0.151,0.031,58,-24,147,159.84054554461454
50407,24171.0,109440,42,99354,-0.0087,0.6933,-0.1012,-0.984,-0.15,0.033,58,-24,147,159.84054554461454
50506,24161.0,109440,44,99347,-0.0087,0.6933,-0.1012,-0.985,-0.15,0.031,59,-25,146,159.44277970482077
50608,24161.0,109440,44,99347,-0.0087,0.6933,-0.1012,-0.984,-0.148,0.033,58,-25,147,159.99374987792493
50705,24181.0,109440,42,99351,-0.0087,0.6933,-0.1012,-0.983,-0.147,0.03,58,-25,146,159.07545379473223
50810,24171.0,109440,42,99353,-0.0087,0.6933,-0.1012,-0.985,-0.15,0.034,60,-24,146,159.66214329013624
50906,24171.0,109440,42,99351,-0.0087,0.6933,-0.1012,-0.985,-0.148,0.032,59,-24,147,160.20611723651504
51007,24171.0,109440,42,99351,-0.0087,0.6933,-0.1012,-0.984,-0.15,0.033,58,-25,147,159.99374987792493
51106,24171.0,109440,42,99351,-0.0087,0.6933,-0.1012,-0.984,-0.148,0.032,58,-25,147,159.99374987792493
51206,24171.0,109440,44,99350,-0.0087,0.6933,-0.1012,-0.985,-0.15,0.03,58,-24,146,158.92136420255144
51306,24171.0,109440,44,99350,-0.0087,0.6933,-0.1012,-0.984,-0.147,0.032,59,-24,147,160.20611723651504
51407,24161.0,109440,42,99347,-0.0087,0.6933,-0.1012,-0.983,-0.148,0.033,58,-24,147,159.84054554461454
51507,24161.0,109440,42,99349,-0.0087,0.6933,-0.1012,-0.983,-0.149,0.031,60,-25,146,159.8155186457185
51610,24161.0,109440,42,99349,-0.0087,0.6933,-0.1012,-0.985,-0.15,0.033,58,-25,147,159.99374987792493
51707,24171.0,112320,42,99350,-0.0087,0.6933,-0.1012,-0.984,-0.149,0.032,59,-25,146,159.44277970482077
51821,24151.0,112320,44,99351,-0.0096,0.6927,-0.1004,-0.923,-0.155,0.082,58,-24,147,159.84054554461454
51906,24171.0,112320,44,99350,-0.0136,0.6871,-0.0967,-0.914,-0.163,0.067,59,-23,146,159.14144651849813
52007,24171.0,112320,44,99350,-0.0166,0.6797,-0.0917,-0.892,-0.113,0.084,60,-25,144,157.99050604387594
52106,24151.0,112320,44,99346,-0.0192,0.6715,-0.0861,-0.917,-0.08,0.124,62,-27,144,159.08802594790097
52208,24161.0,112320,44,99353,-0.0212,0.6647,-0.0785,-0.923,-0.105,0.148,63,-29,142,158.03164240113435
52309,24161.0,112320,44,99353,-0.023,0.6595,-0.0674,-0.918,-0.12,0.027,65,-29,143,159.73415414368964
52407,24161.0,112320,42,99351,-0.0222,0.6563,-0.0557,-0.951,-0.109,0.09,65,-32,143,160.3059574688352
52506,24161.0,109440,42,99355,-0.0197,0.6547,-0.0441,-1.0,-0.096,0.138,66,-34,143,161.1241757155021
52607,24161.0,106560,42,99355,-0.0175,0.6546,-0.034,-0.973,-0.036,0.101,67,-36,145,163.73759494996864
52709,24161.0,106560,44,99351,-0.0155,0.656,-0.0249,-0.968,-0.041,0.108,67,-37,147,165.731710906513
52807,24161.0,100800,44,99353,-0.0137,0.6591,-0.017,-1.003,-0.027,0.122,66,-39,149,167.56491279501208
52906,24151.0,97920,44,99350,-0.0126,0.6636,-0.0103,-0.978,-0.02,0.089,67,-40,151,169.97058569058353
53008,24151.0,95040,44,99350,-0.0124,0.6697,-0.0051,-1.04,-0.018,0.114,68,-42,154,173.50504315437058
53107,24161.0,92160,44,99356,-0.0141,0.6769,-0.0014,-1.011,0.012,0.064,67,-42,157,175.78964702166053
53210,24151.0,89280,44,99352,-0.0186,0.684,-0.0004,-1.032,-0.088,-0.034,66,-44,161,179.47980387776224
53307,24151.0,86400,44,99352,-0.0241,0.6908,-0.0038,-1.029,-0.07,0.003,66,-44,162,180.37738217415176
53410,24161.0,86400,44,99354,-0.0283,0.6961,-0.0113,-1.066,-0.116,0.021,66,-43,165,182.83872675120008
53509,24151.0,83520,44,99357,-0.0318,0.6994,-0.0173,-1.047,-0.13,0.003,64,-41,167,183.48296923692945
53610,24151.0,80640,44,99355,-0.0351,0.7014,-0.0196,-1.03,-0.114,0.009,64,-41,167,183.48296923692945
53713,24151.0,77760,44,99355,-0.0379,0.7016,-0.0207,-0.982,-0.111,-0.004,65,-40,168,184.52371121349148
53810,24151.0,77760,44,99355,-0.0378,0.7012,-0.0211,-0.966,-0.062,0.008,65,-41,168,184.74306482247175
53906,24151.0,77760,44,99356,-0.0369,0.7016,-0.02,-0.953,-0.077,-0.025,65,-42,167,184.05977290000115
54020,24151.0,77760,44,99356,-0.0344,0.7045,-0.0174,-0.966,-0.068,-0.011,64,-41,169,185.30515373297095
54106,24151.0,77760,44,99353,-0.0304,0.7081,-0.0135,-0.99,-0.063,-0.01,64,-43,171,187.57931655702345
54207,24161.0,77760,44,99360,-0.0267,0.711,-0.0101,-1.021,-0.06,0.0,62,-43,172,187.82172398314313
54311,24161.0,74880,44,99360,-0.0246,0.712,-0.0081,-1.033,-0.056,-0.01,62,-45,172,188.28967045486056
54416,24161.0,74880,42,99357,-0.0242,0.7117,-0.0077,-1.017,-0.053,-0.014,62,-44,173,188.9682513016406
54509,24161.0,74880,44,99358,-0.0237,0.7111,-0.0083,-1.009,-0.007,-0.003,61,-45,171,187.04812215042415
54615,24161.0,74880,44,99355,-0.0236,0.7111,-0.0083,-0.995,-0.042,-0.024,62,-44,172,188.05318396666408
54711,24161.0,74880,44,99355,-0.0237,0.7114,-0.0083,-0.994,-0.046,-0.012,62,-44,171,187.13898578329423
54812,24161.0,74880,42,99357,-0.0237,0.7116,-0.0083,-0.998,-0.051,-0.031,66,-53,177,196.19887869200477
54911,24161.0,74880,44,99356,-0.0237,0.7116,-0.0083,-1.002,-0.042,-0.016,66,-54,177,196.4713719603953
55012,24161.0,74880,44,99356,-0.0237,0.7117,-0.0083,-0.997,-0.042,-0.016,66,-53,177,196.19887869200477
55111,24151.0,74880,44,99352,-0.0236,0.7118,-0.0083,-0.994,-0.046,-0.02,65,-54,174,193.43474351832455
55212,24151.0,74880,44,99360,-0.0236,0.7118,-0.0082,-0.997,-0.042,-0.016,66,-55,175,194.9512759640213
55312,24151.0,74880,44,99360,-0.0236,0.7119,-0.0082,-0.998,-0.042,-0.016,65,-55,175,194.61500456028563
55412,24151.0,74880,44,99353,-0.0236,0.7119,-0.0082,-0.998,-0.044,-0.02,65,-56,172,192.21082175569617
55507,24151.0,74880,44,99358,-0.0236,0.7119,-0.0082,-0.997,-0.045,-0.018,64,-57,174,193.9613363534083
55607,24141.0,74880,44,99353,-0.0236,0.7119,-0.0082,-0.997,-0.043,-0.016,64,-57,171,191.27467161127217
55707,24141.0,74880,44,99353,-0.0236,0.7119,-0.0082,-0.998,-0.044,-0.018,64,-56,172,191.8749592833833
55807,24151.0,74880,44,99360,-0.0236,0.7119,-0.0082,-0.996,-0.042,-0.019,64,-55,172,191.58549005600608
55908,24151.0,74880,44,99356,-0.0236,0.7119,-0.0082,-0.996,-0.043,-0.021,63,-54,172,190.9685838037241
56007,24151.0,74880,44,99356,-0.0236,0.7119,-0.0082,-0.997,-0.042,-0.018,63,-52,172,190.41270965983335
56110,24141.0,74880,44,99360,-0.0236,0.7119,-0.0082,-0.995,-0.045,-0.02,63,-51,172,190.14205216100936
56207,24141.0,74880,44,99361,-0.0236,0.7119,-0.0082,-0.997,-0.044,-0.02,64,-49,174,191.7628744048232
56307,24141.0,74880,42,99357,-0.0236,0.7119,-0.0082,-0.997,-0.044,-0.018,63,-48,173,190.26823171512368
56508,24141.0,74880,44,99355,-0.0236,0.7119,-0.0082,-0.999,-0.043,-0.017,63,-44,176,192.04426573058615
56608,24141.0,74880,44,99355,-0.0236,0.7119,-0.0082,-0.995,-0.046,-0.02,61,-43,177,192.0911242093189
56707,24141.0,74880,44,99355,-0.0236,0.7119,-0.0082,-0.996,-0.043,-0.019,60,-41,178,192.26284092356485
56807,24141.0,74880,44,99357,-0.0236,0.7119,-0.0082,-0.997,-0.043,-0.017,61,-40,179,193.29252442864933
56907,24141.0,74880,44,99359,-0.0236,0.7119,-0.0082,-0.997,-0.044,-0.02,60,-39,178,191.84629264074923
57010,24141.0,74880,44,99359,-0.0236,0.7119,-0.0082,-0.997,-0.042,-0.017,59,-39,179,192.46558133858636
57107,24141.0,74880,44,99356,-0.0236,0.7119,-0.0082,-0.996,-0.044,-0.018,59,-37,180,193.00259065618783
57209,24141.0,74880,44,99357,-0.0236,0.7119,-0.0082,-0.998,-0.042,-0.016,56,-39,179,191.56722057805192
57330,24141.0,74880,44,99357,-0.0236,0.7119,-0.0082,-0.995,-0.045,-0.019,56,-39,178,190.63315556324403
57407,24141.0,74880,44,99357,-0.0236,0.7119,-0.0082,-0.997,-0.044,-0.02,53,-40,176,188.10901094843916
57506,24131.0,74880,44,99355,-0.0236,0.7119,-0.0082,-0.997,-0.045,-0.017,53,-41,175,187.38996771438968
57608,24131.0,74880,44,99357,-0.0236,0.7119,-0.0082,-0.996,-0.045,-0.021,51,-43,174,186.34913469077335
57711,24131.0,74880,44,99357,-0.0236,0.7119,-0.0082,-0.996,-0.045,-0.018,49,-46,173,185.5963361707337
57813,24131.0,74880,44,99357,-0.0236,0.7119,-0.0082,-0.997,-0.044,-0.017,48,-47,171,183.72261700726995
59001,24141.0,74880,44,99355,-0.0236,0.7119,-0.0082,-0.997,-0.046,-0.018,50,-44,179,190.98952850876407
59108,24141.0,74880,44,99355,-0.0236,0.7119,-0.0083,-1.032,-0.078,-0.003,50,-44,178,190.0526242912736
59220,24141.0,74880,44,99361,-0.0211,0.7104,-0.0094,-1.048,-0.06,-0.001,53,-46,179,192.26544151250897
59312,24141.0,74880,42,99359,-0.0187,0.7069,-0.0059,-1.029,-0.032,-0.02,54,-47,177,190.9293062890032
59407,24141.0,77760,42,99359,-0.014,0.7023,0.0014,-1.027,-0.062,-0.095,54,-47,177,190.9293062890032
59507,24141.0,77760,44,99358,-0.0066,0.6965,0.0063,-1.044,-0.009,0.024,52,-45,174,187.09623192357455
59608,24151.0,80640,44,99355,-0.0002,0.6901,0.0073,-1.037,0.032,0.066,54,-45,173,186.73510650116117
59707,24151.0,86400,44,99355,0.0034,0.6834,0.0063,-1.038,0.013,0.026,54,-47,170,184.45866745696716
59808,24151.0,86400,42,99356,0.0044,0.6767,0.0031,-1.04,-0.009,0.071,54,-46,166,180.5214668675169
59907,24151.0,89280,44,99361,0.0026,0.6703,-0.0027,-1.038,0.034,0.101,56,-46,163,178.38441635972578
60007,24151.0,92160,42,99356,-0.0021,0.6643,-0.011,-1.065,-0.008,0.153,55,-42,160,174.3244102241565
60107,24151.0,95040,42,99356,-0.0094,0.6589,-0.0218,-0.988,0.008,0.122,54,-41,153,167.34993277560645
60207,24161.0,97920,44,99356,-0.017,0.6553,-0.0337,-0.956,-0.072,0.091,55,-39,153,167.19748801940776
60305,24161.0,106560,42,99357,-0.0228,0.6544,-0.0451,-0.943,-0.071,0.116,56,-37,150,164.3319810627256
60407,24161.0,106560,42,99357,-0.0265,0.6555,-0.0562,-0.925,-0.094,0.099,54,-34,148,161.17071694324625
60607,24161.0,112320,42,99357,-0.0269,0.6638,-0.0763,-0.936,-0.124,0.064,52,-28,148,159.34867429633672
60709,24161.0,115200,42,99357,-0.0232,0.6702,-0.0854,-0.953,-0.089,0.206,52,-27,148,159.17600321656528
60808,24161.0,115200,42,99357,-0.0186,0.6776,-0.0913,-0.957,-0.154,0.127,51,-26,150,160.55217220579732
60907,24151.0,115200,44,99354,-0.0163,0.6855,-0.0963,-0.907,-0.156,0.074,50,-26,150,160.23732399163436
61018,24161.0,115200,44,99352,-0.0134,0.69,-0.1011,-0.927,-0.143,0.072,47,-25,149,158.22452401571636
61111,24161.0,115200,44,99352,-0.0103,0.6899,-0.1038,-0.944,-0.156,0.056,49,-25,152,161.6477652180815
61218,24151.0,112320,42,99353,-0.0098,0.6899,-0.1042,-0.99,-0.164,0.034,47,-24,152,160.90059042775448
61312,24161.0,112320,44,99351,-0.0056,0.6897,-0.1103,-0.977,-0.161,0.031,46,-24,152,160.61133210331082
61417,24161.0,112320,44,99351,0.0041,0.6886,-0.1211,-0.982,-0.161,0.037,47,-24,153,161.8456054392581
61512,24161.0,112320,44,99350,0.0191,0.6863,-0.1378,-0.99,-0.16,0.032,47,-23,152,160.75447116643443
61607,24171.0,109440,44,99355,0.0391,0.6825,-0.1597,-0.98,-0.155,0.048,47,-21,153,161.42800252744254
61708,24161.0,106560,44,99353,0.0613,0.6775,-0.1836,-0.985,-0.138,0.053,44,-18,151,158.30666442067434
61809,24161.0,106560,44,99353,0.0833,0.6717,-0.2072,-0.985,-0.118,0.055,46,-15,152,159.51488958714793
61911,24161.0,106560,42,99349,0.1054,0.6651,-0.2306,-0.983,-0.133,0.063,44,-13,151,157.8163489629639
62009,24161.0,103680,44,99351,0.1279,0.6583,-0.2533,-0.987,-0.128,0.072,44,-10,151,157.59758881404247
62112,24161.0,103680,44,99351,0.1504,0.6508,-0.2754,-0.983,-0.1,0.078,43,-8,149,155.28683137986943
62213,24161.0,100800,44,99356,0.1719,0.6423,-0.2978,-0.981,-0.093,0.076,44,-5,149,155.44130725132234
62315,24161.0,97920,44,99354,0.1918,0.6354,-0.3137,-0.98,-0.097,0.084,44,-3,148,154.4312144613258
62417,24161.0,97920,44,99354,0.2078,0.6304,-0.3239,-0.979,-0.1,0.091,44,-1,148,154.40531078949326
62521,24151.0,97920,44,99350,0.2186,0.6276,-0.3291,-0.978,-0.09,0.089,42,-1,146,151.92432326655268
62612,24151.0,95040,44,99356,0.2246,0.627,-0.3292,-0.982,-0.091,0.091,43,0,145,151.24152868838638
62711,24151.0,95040,44,99348,0.2264,0.6267,-0.3308,-0.981,-0.119,0.097,43,0,144,150.28306624500314
62820,24151.0,95040,44,99348,0.2329,0.6242,-0.3376,-0.983,-0.118,0.097,43,0,145,151.24152868838638
62946,24151.0,95040,44,99352,0.2439,0.6189,-0.3495,-0.982,-0.109,0.096,43,1,144,150.28639326299637
63017,24151.0,92160,44,99353,0.2596,0.6108,-0.3661,-0.983,-0.092,0.099,43,2,143,149.33854157584372
63111,24151.0,92160,44,99353,0.2793,0.5997,-0.3868,-0.98,-0.07,0.089,42,5,141,147.20733677368122
63216,24151.0,92160,44,99353,0.2992,0.5876,-0.4076,-0.975,-0.1,0.095,42,5,141,147.20733677368122
63311,24141.0,89280,44,99349,0.319,0.5748,-0.428,-0.98,-0.05,0.102,41,7,138,144.13188405068465
63419,24141.0,89280,44,99349,0.3382,0.5613,-0.4479,-0.981,-0.05,0.101,41,9,138,144.24285077604367
63508,24141.0,89280,42,99349,0.3571,0.5472,-0.4674,-0.979,-0.085,0.104,41,9,134,140.42079618062277
63617,24151.0,89280,42,99354,0.3757,0.5326,-0.4863,-0.982,-0.021,0.105,41,11,133,139.61017154921055
63711,24141.0,89280,44,99351,0.3939,0.5175,-0.5045,-0.98,-0.031,0.102,39,12,129,135.29966740535616
63816,24141.0,89280,44,99351,0.4118,0.5018,-0.5221,-0.979,-0.062,0.106,40,13,128,134.73306943731373
63911,24151.0,89280,44,99353,0.429,0.4853,-0.5394,-0.982,-0.006,0.106,40,12,125,131.7915020022156
64020,24141.0,89280,44,99351,0.4456,0.4684,-0.5562,-0.983,-0.014,0.103,40,14,122,129.15107432770353
64111,24141.0,89280,44,99351,0.4624,0.4512,-0.5719,-0.978,-0.045,0.104,38,14,119,125.70202862324857
64218,24151.0,92160,44,99351,0.4781,0.4332,-0.5874,-0.984,0.026,0.101,39,14,119,126.00793625799923
64311,24151.0,92160,44,99351,0.4944,0.4153,-0.6011,-0.982,0.012,0.094,37,14,115,121.61414391426682
64416,24151.0,92160,44,99351,0.5097,0.3968,-0.6148,-0.982,-0.02,0.096,39,15,114,121.41663806908838
64513,24141.0,92160,44,99350,0.5244,0.3777,-0.6278,-0.985,0.041,0.092,37,15,111,117.96185824239969
64619,24141.0,92160,44,99354,0.5385,0.3584,-0.6401,-0.985,0.034,0.087,38,14,109,116.27983488120373
64711,24141.0,92160,44,99353,0.5528,0.3389,-0.651,-0.983,-0.009,0.082,37,14,106,113.14150432091664
64817,24141.0,89280,44,99353,0.5652,0.3185,-0.6624,-0.985,0.063,0.076,37,13,105,112.08478933378964
64911,24141.0,89280,44,99353,0.5774,0.2981,-0.6726,-0.989,0.056,0.073,36,14,101,108.13417591122614
65016,24151.0,92160,44,99353,0.5902,0.2775,-0.6811,-0.986,0.008,0.068,36,11,102,108.72442227944924
65118,24151.0,97920,44,99353,0.6006,0.2562,-0.6904,-0.984,0.055,0.057,34,12,99,105.3612832116238
65216,24141.0,100800,44,99354,0.6119,0.2352,-0.6975,-0.987,0.089,0.051,36,10,97,103.9471019317037
65312,24131.0,106560,44,99348,0.6218,0.2135,-0.7045,-0.982,0.05,0.05,35,10,94,100.80178569846863
65417,24131.0,109440,44,99356,0.6302,0.1916,-0.7114,-0.987,0.062,0.04,35,7,94,100.54849576199535
65511,24131.0,115200,44,99356,0.6387,0.1696,-0.7168,-0.991,0.091,0.035,33,7,91,97.0515327029924
65619,24141.0,118080,44,99351,0.6466,0.1474,-0.7214,-0.988,0.047,0.03,34,6,90,96.39502061828712
65711,24141.0,120960,44,99355,0.6537,0.1249,-0.7252,-0.989,0.07,0.02,33,4,88,94.06912352095134
65816,24141.0,120960,44,99355,0.6592,0.1025,-0.7291,-0.992,0.099,0.011,33,2,88,94.00531899844816
65911,24131.0,123840,44,99354,0.6658,0.08,-0.7305,-0.987,0.059,0.007,32,1,86,91.76600677810929
66003,24131.0,123840,44,99354,0.6698,0.0573,-0.7328,-0.989,0.064,-0.001,33,-2,86,92.13576938409967
66107,24131.0,123840,44,99354,0.673,0.0346,-0.7343,-0.994,0.101,-0.01,33,-3,83,89.37001734362593
66210,24121.0,123840,44,99351,0.6756,0.0118,-0.7349,-0.99,0.048,-0.014,33,-5,83,89.45948803788227
66315,24121.0,120960,44,99350,0.6773,-0.011,-0.7348,-0.995,0.076,-0.025,31,-6,82,87.86922100485471
66411,24131.0,118080,44,99352,0.6784,-0.0337,-0.7338,-0.995,0.104,-0.035,32,-9,83,89.40917178902845
66513,24131.0,115200,44,99352,-0.6788,0.0565,0.732,-0.991,0.056,-0.033,32,-11,80,86.86195945291587
66616,24121.0,112320,44,99350,-0.6783,0.0792,0.7296,-0.995,0.068,-0.047,32,-13,82,88.97752525216691
66707,24121.0,106560,44,99350,-0.6771,0.1017,0.7262,-0.998,0.097,-0.058,31,-16,80,87.27542609463445
66807,24121.0,100800,44,99350,-0.6752,0.1242,0.722,-0.993,0.037,-0.054,33,-18,82,90.20532135079394
66907,24131.0,95040,44,99350,-0.6725,0.1466,0.7171,-0.996,0.052,-0.069,32,-18,80,88.02272433866155
67010,24131.0,89280,44,99354,-0.669,0.1687,0.7115,-0.999,0.086,-0.078,32,-22,83,91.63514609580758
67107,24131.0,83520,44,99354,-0.665,0.1908,0.7049,-0.993,0.039,-0.077,30,-24,81,89.6493167849036
67208,24121.0,77760,44,99357,-0.6601,0.2126,0.6977,-0.998,0.039,-0.087,31,-26,83,92.33634170791044
67307,24121.0,72000,44,99352,-0.6544,0.2341,0.6897,-0.999,0.069,-0.095,31,-27,82,91.727858363749
67407,24121.0,66240,44,99350,-0.6482,0.2554,0.6809,-0.995,0.012,-0.091,32,-29,84,94.451045520947
67509,24121.0,60480,44,99350,-0.6411,0.2764,0.6713,-1.0,0.017,-0.102,32,-30,84,94.76286192385707
67608,24121.0,54720,44,99352,-0.6334,0.297,0.6612,-1.0,0.052,-0.109,32,-34,86,97.85703858180054
67707,24121.0,48960,44,99352,-0.625,0.3175,0.6501,-0.995,0.003,-0.103,31,-34,87,98.41747812253676
67808,24121.0,40320,44,99352,-0.6159,0.3375,0.6384,-0.999,0.001,-0.118,32,-37,89,101.55786527886454
67907,24121.0,40320,44,99348,-0.606,0.357,0.6262,-0.996,-0.01,-0.111,31,-39,90,102.86884854026508
68017,24121.0,40320,44,99348,-0.5957,0.3763,0.6131,-0.998,0.044,-0.126,33,-40,92,105.60776486603623
68120,24121.0,40320,44,99353,-0.5863,0.392,0.6018,-0.996,0.016,-0.121,32,-41,93,106.55515003977987
68218,24121.0,40320,44,99353,-0.5924,0.4092,0.5797,-0.998,0.01,-0.121,32,-42,95,108.6876257906115
68312,24111.0,37440,44,99350,-0.5977,0.4207,0.5639,-0.998,0.012,-0.123,34,-42,95,109.2931836849856
68416,24121.0,37440,44,99351,-0.6003,0.4255,0.5571,-0.998,0.002,-0.121,34,-42,97,111.03603018840326
68512,24121.0,37440,44,99351,-0.6037,0.4259,0.5533,-0.999,-0.01,-0.122,33,-43,98,111.99107107265291
68613,24111.0,37440,44,99352,-0.6058,0.426,0.551,-0.997,-0.009,-0.122,33,-43,97,111.11705539655016
68711,24111.0,37440,44,99353,-0.6073,0.4262,0.5493,-0.997,-0.011,-0.12,33,-42,96,109.85900054160332
68813,24111.0,37440,44,99353,-0.6083,0.4262,0.5482,-0.996,-0.01,-0.118,34,-44,97,111.80787092150534
68912,24121.0,37440,44,99352,-0.6091,0.4263,0.5473,-0.998,-0.012,-0.119,33,-43,97,111.11705539655016
69017,24111.0,40320,44,99354,-0.6097,0.4263,0.5466,-0.995,-0.01,-0.122,33,-42,96,109.85900054160332
69112,24121.0,37440,44,99354,-0.6103,0.4264,0.546,-0.997,-0.01,-0.122,33,-42,96,109.85900054160332
69213,24121.0,40320,44,99354,-0.6107,0.4264,0.5456,-0.998,-0.01,-0.122,33,-43,96,110.2451813005902
69312,24111.0,37440,44,99351,-0.611,0.4265,0.5452,-0.997,-0.009,-0.121,33,-44,97,111.50784725749124
69413,24121.0,40320,44,99351,-0.6113,0.4265,0.5448,-0.998,-0.011,-0.121,34,-42,97,111.03603018840326
69509,24121.0,40320,44,99351,-0.613,0.4249,0.545,-0.959,-0.01,-0.172,34,-42,96,110.16351483136329
69609,24101.0,37440,44,99351,-0.6184,0.4172,0.5488,-1.01,0.011,-0.107,33,-43,95,109.37549999885717
69707,24111.0,37440,44,99349,-0.6262,0.4055,0.5559,-0.995,0.009,-0.118,34,-41,95,108.91280916402808
69808,24111.0,37440,44,99349,-0.6364,0.3898,0.5658,-0.993,-0.03,-0.125,33,-41,95,108.6047881080756
69908,24111.0,37440,44,99350,-0.648,0.3696,0.5784,-0.991,-0.027,-0.122,33,-38,92,104.86658190291128
70008,24111.0,40320,44,99355,-0.6591,0.3489,0.5905,-0.998,0.007,-0.134,32,-36,89,101.19782606360673
70108,24111.0,40320,44,99356,-0.6696,0.3279,0.6018,-0.996,-0.036,-0.128,33,-35,88,100.28958071504736
70206,24111.0,46080,44,99356,-0.6791,0.3069,0.6126,-0.992,-0.036,-0.122,34,-32,86,97.85703858180054
70310,24111.0,51840,44,99356,-0.688,0.2851,0.6225,-1.001,0.029,-0.128,33,-30,86,96.87620966986684
70408,24111.0,54720,44,99354,-0.696,0.2637,0.6316,-1.005,-0.049,-0.115,33,-28,84,94.49338601193207
70509,24111.0,60480,44,99354,-0.7032,0.2422,0.6399,-1.001,0.004,-0.123,33,-27,84,94.2019108086455
70611,24111.0,63360,44,99354,-0.7097,0.2203,0.6474,-0.997,0.024,-0.128,34,-24,83,92.84934033152848
70712,24091.0,66240,44,99355,-0.7153,0.198,0.6542,-1.009,0.03,-0.122,33,-22,84,92.89241088485107
70814,24101.0,74880,44,99353,-0.7202,0.1759,0.6601,-1.006,-0.014,-0.122,34,-19,81,89.87769467448528
70916,24101.0,77760,44,99353,-0.7244,0.1537,0.665,-0.993,-0.027,-0.116,33,-18,82,90.20532135079394
71020,24101.0,77760,44,99353,-0.7277,0.1314,0.6692,-0.987,0.029,-0.126,33,-15,80,87.82938005018595
71109,24111.0,80640,44,99352,-0.7303,0.1089,0.6727,-1.002,-0.015,-0.121,35,-12,82,89.96110270555825
71242,24111.0,83520,44,99352,-0.7321,0.0868,0.6752,-0.998,-0.003,-0.126,33,-11,81,88.15327560561774
71307,24101.0,86400,44,99358,0.7331,-0.0647,-0.677,-0.992,0.045,-0.133,34,-8,82,89.12911982062877
71408,24101.0,86400,44,99361,0.7331,-0.0425,-0.6782,-1.003,-0.009,-0.124,34,-6,82,88.9719056781409
71509,24101.0,89280,44,99361,0.7324,-0.02,-0.6786,-1.003,0.002,-0.105,35,-5,83,90.21640649017228
71607,24111.0,89280,44,99358,0.7309,0.0017,-0.6782,-1.008,0.064,-0.128,36,-1,83,90.47651629014015
71707,24111.0,89280,44,99354,0.7285,0.0235,-0.677,-0.983,0.006,-0.108,35,-1,86,92.85472524325296
71817,24101.0,86400,44,99360,0.7255,0.0452,-0.6751,-1.005,0.02,-0.111,35,2,86,92.87087810503355
71911,24101.0,86400,44,99360,0.7215,0.0667,-0.6725,-0.997,0.071,-0.106,37,2,88,95.4829827770373
72017,24101.0,86400,44,99361,0.7166,0.088,-0.6692,-0.997,0.016,-0.107,36,6,88,95.26804291051644
72111,24101.0,83520,44,99357,0.7109,0.1089,-0.6654,-0.976,0.026,-0.109,37,7,91,98.48350115628506
72217,24101.0,77760,44,99357,0.7046,0.1301,-0.6606,-1.005,0.07,-0.103,38,9,91,99.02524930541703
72311,24101.0,77760,44,99358,0.6974,0.1507,-0.6553,-0.995,0.043,-0.096,39,10,93,101.34100848126586
72420,24101.0,74880,44,99357,0.6895,0.1711,-0.6493,-1.014,0.061,-0.076,37,13,94,101.85283501208988
72511,24101.0,74880,44,99357,0.6806,0.1911,-0.6429,-1.003,0.107,-0.081,38,14,98,106.03772913449252
72617,24101.0,74880,44,99360,0.6711,0.2112,-0.6356,-1.004,0.05,-0.08,38,14,98,106.03772913449252
72711,24101.0,74880,44,99357,0.6608,0.2309,-0.6276,-0.994,0.053,-0.07,39,15,102,110.227038425243
72817,24101.0,74880,44,99357,0.6498,0.2499,-0.6193,-0.979,0.107,-0.088,40,16,104,112.5699782357623
72911,24101.0,74880,44,99357,0.638,0.2689,-0.6102,-0.996,0.054,-0.059,41,17,106,114.91736161259531
73021,24101.0,74880,44,99362,0.6257,0.2878,-0.6005,-1.002,0.085,-0.056,40,18,108,116.56757696718245
73110,24101.0,74880,44,99357,0.6124,0.3063,-0.5901,-0.993,0.11,-0.054,41,18,110,118.76447280226525
73220,24101.0,77760,44,99357,0.5988,0.3242,-0.5792,-0.975,0.058,-0.046,40,19,112,120.43670536842164
73309,24091.0,77760,44,99356,0.5844,0.3421,-0.5678,-1.003,0.075,-0.033,42,19,116,124.82387592123553
73417,24091.0,77760,44,99358,0.5695,0.3595,-0.5556,-0.985,0.108,-0.029,41,21,118,126.67280686871986
73511,24091.0,77760,44,99358,0.5539,0.3764,-0.5429,-1.001,0.061,-0.013,43,20,122,130.89308614285173
73618,24091.0,80640,44,99355,0.5376,0.3929,-0.5298,-0.979,0.048,-0.013,43,20,123,131.8256424221024
73711,24101.0,80640,44,99357,0.5208,0.4092,-0.5164,-1.007,0.108,-0.008,44,19,127,135.74240310234677
73821,24091.0,83520,44,99360,0.5034,0.4251,-0.5021,-0.983,0.115,-0.005,43,20,128,136.50274722510167
73911,24091.0,83520,44,99360,0.4854,0.4406,-0.4875,-0.996,0.042,0.008,44,19,132,140.4314779527724
74018,24101.0,86400,44,99356,0.4669,0.4555,-0.4725,-0.975,0.09,0.009,45,18,133,141.55564276990162
74111,24101.0,86400,44,99359,0.4482,0.47,-0.4571,-0.998,0.108,0.007,47,17,138,146.77193192160414
74217,24101.0,86400,44,99359,0.4287,0.4842,-0.4411,-0.979,0.045,0.02,44,17,139,146.78555787270082
74310,24091.0,89280,44,99359,0.4086,0.498,-0.4246,-0.987,0.068,0.03,47,15,144,152.2169504358828
74416,24091.0,89280,44,99354,0.3882,0.5111,-0.408,-0.981,0.11,0.025,46,14,145,152.76452467768817
74513,24091.0,89280,44,99361,0.3673,0.5239,-0.3909,-1.002,0.024,0.051,48,13,149,157.07959765672945
74619,24091.0,89280,44,99361,0.3462,0.536,-0.3735,-0.983,0.076,0.041,47,10,150,157.50872991678906
74708,24091.0,92160,44,99356,0.3244,0.5477,-0.3556,-0.996,0.058,0.05,48,8,153,160.55217220579732
74812,24101.0,92160,44,99362,0.3024,0.5592,-0.3376,-0.995,0.012,0.059,48,6,155,162.3730273167314
74913,24101.0,92160,44,99362,0.2799,0.5699,-0.3192,-1.004,0.028,0.066,50,4,158,165.7709262808168
75014,24091.0,92160,44,99358,0.2569,0.5801,-0.3005,-0.989,0.051,0.047,49,1,159,166.38209038234854
75116,24081.0,95040,44,99358,0.234,0.5898,-0.2815,-0.991,-0.026,0.068,50,-1,163,170.49926686059385
75208,24081.0,95040,44,99358,0.211,0.5992,-0.2622,-0.99,0.039,0.056,50,-3,163,170.52272575818156
75309,24091.0,92160,44,99364,0.1877,0.608,-0.2425,-0.986,0.032,0.057,51,-7,166,173.79873417260552
75408,24091.0,92160,44,99360,0.164,0.6162,-0.2224,-0.983,-0.056,0.046,50,-10,167,174.61099621730585
75507,24091.0,92160,44,99362,0.1404,0.624,-0.2022,-0.981,-0.009,0.051,52,-12,169,177.22584461641028
75607,24091.0,92160,44,99362,0.1167,0.6314,-0.1817,-1.003,-0.012,0.049,51,-16,169,177.2512341282847
75710,24081.0,89280,44,99358,0.0929,0.638,-0.1611,-0.984,-0.065,0.049,53,-20,171,180.13883534651822
75808,24081.0,89280,44,99360,0.069,0.644,-0.1403,-0.994,-0.017,0.047,52,-22,172,181.030384190058
75910,24081.0,89280,44,99360,0.0448,0.6497,-0.1191,-0.999,-0.024,0.03,53,-26,173,182.7949671079595
76008,24091.0,86400,44,99361,0.0209,0.6549,-0.098,-0.999,-0.091,0.047,52,-29,172,182.01373574541017
76108,24091.0,86400,44,99359,-0.0031,0.6593,-0.0767,-0.987,-0.062,0.011,54,-34,173,184.39360075664231
76208,24091.0,86400,44,99359,-0.0234,0.6631,-0.0587,-0.995,-0.113,0.02,54,-37,172,184.03532269648673
76308,24091.0,83520,44,99360,-0.0376,0.6672,-0.0453,-0.991,-0.101,-0.006,54,-39,174,186.31425066269085
76417,24091.0,83520,44,99363,-0.0447,0.6805,-0.0349,-1.015,-0.09,0.018,55,-43,172,185.62866158004803
76508,24081.0,80640,44,99364,-0.0489,0.682,-0.0333,-1.027,-0.112,0.017,53,-41,173,185.52358340653083
76608,24081.0,80640,44,99364,-0.0485,0.683,-0.0333,-0.971,-0.077,0.062,53,-40,173,185.30515373297095
76710,24081.0,80640,44,99362,-0.0469,0.6854,-0.0315,-0.964,-0.076,0.004,54,-41,173,185.81173267584583
76820,24081.0,80640,44,99358,-0.0415,0.6929,-0.0254,-0.965,-0.065,-0.019,53,-42,174,186.67886864881092
76908,24081.0,77760,44,99358,-0.0362,0.7004,-0.0198,-0.948,-0.045,-0.026,53,-43,174,186.9063936841113
77009,24081.0,77760,44,99364,-0.0313,0.7047,-0.015,-1.055,-0.064,0.0,51,-43,176,188.2179587605816
77108,24081.0,77760,44,99361,-0.0285,0.7068,-0.0123,-1.027,-0.048,-0.011,50,-44,177,189.1163662933486
77213,24081.0,74880,44,99363,-0.0272,0.7075,-0.011,-1.038,-0.059,-0.016,51,-45,178,190.55183021949696
77308,24081.0,74880,44,99363,-0.0268,0.7069,-0.0112,-1.007,-0.007,0.023,50,-44,178,190.0526242912736
77413,24081.0,74880,44,99361,-0.0265,0.7067,-0.0116,-0.998,-0.044,-0.013,50,-44,177,189.1163662933486
77508,24081.0,74880,44,99362,-0.026,0.7078,-0.011,-1.001,-0.043,-0.02,50,-43,177,188.886209131318
77613,24081.0,74880,44,99362,-0.0256,0.7085,-0.0106,-1.001,-0.04,-0.022,51,-44,177,189.3832093930188
77708,24091.0,74880,44,99364,-0.0254,0.709,-0.0104,-0.998,-0.045,-0.017,43,-55,176,189.34096228761487
77813,24081.0,74880,44,99363,-0.0252,0.7095,-0.0101,-0.994,-0.043,-0.019,44,-54,179,192.0755059865781
77908,24081.0,74880,44,99363,-0.025,0.7098,-0.01,-0.996,-0.043,-0.017,46,-52,178,191.0601999370879
78013,24081.0,74880,44,99361,-0.0249,0.71,-0.0098,-0.997,-0.043,-0.023,46,-49,180,192.1379712602379
78107,24071.0,74880,44,99363,-0.0247,0.7103,-0.0096,-0.996,-0.042,-0.017,48,-47,180,192.12756179163884
78213,24081.0,74880,44,99363,-0.0246,0.7105,-0.0095,-0.997,-0.044,-0.017,50,-45,179,191.22238362702208
78307,24081.0,74880,44,99363,-0.0246,0.7107,-0.0094,-0.998,-0.044,-0.018,52,-43,179,191.2955828031583
78412,24071.0,74880,44,99361,-0.0245,0.7108,-0.0093,-0.996,-0.041,-0.019,54,-42,178,190.69347130932405
78510,24071.0,74880,44,99361,-0.0244,0.711,-0.0092,-0.995,-0.046,-0.021,56,-40,178,190.840247327444
78613,24071.0,74880,44,99361,-0.0243,0.7111,-0.0092,-0.996,-0.042,-0.018,58,-39,177,190.2997635311195
78708,24071.0,74880,44,99366,-0.0243,0.7111,-0.0092,-0.998,-0.043,-0.017,60,-38,174,187.93615937333612
78806,24071.0,74880,44,99366,-0.0243,0.7111,-0.0092,-0.998,-0.043,-0.02,60,-37,174,187.736517491936
78909,24071.0,74880,44,99366,-0.0243,0.7111,-0.0092,-0.995,-0.042,-0.019,61,-40,172,186.82879863661276
79012,24071.0,74880,44,99366,-0.0243,0.7111,-0.0092,-0.995,-0.043,-0.021,62,-41,172,187.3739576355263
79111,24071.0,74880,44,99361,-0.0243,0.7111,-0.0092,-0.997,-0.044,-0.021,63,-41,170,185.87630295441105
79211,24081.0,74880,44,99361,-0.0243,0.7111,-0.0092,-0.994,-0.043,-0.021,64,-42,170,186.44033898274267
79349,24081.0,74880,44,99361,-0.0243,0.7111,-0.0092,-0.998,-0.046,-0.02,63,-44,170,186.560981987124
79418,24071.0,74880,44,99364,-0.0243,0.7111,-0.0092,-0.997,-0.042,-0.017,63,-47,171,188.1993623793662
79507,24071.0,74880,44,99363,-0.0243,0.7111,-0.0092,-0.997,-0.043,-0.02,62,-48,172,189.02909828912584
79609,24071.0,74880,44,99363,-0.0243,0.7111,-0.0092,-0.995,-0.044,-0.019,62,-51,171,188.90738471536787
79707,24071.0,74880,44,99363,-0.0243,0.7111,-0.0092,-0.996,-0.043,-0.02,62,-53,174,192.16919628285905
79808,24071.0,74880,44,99361,-0.0243,0.7111,-0.0092,-0.996,-0.043,-0.02,61,-54,176,193.940712590214
79907,24061.0,74880,44,99361,-0.0243,0.7111,-0.0092,-0.996,-0.042,-0.021,62,-57,177,196.01530552484925
80008,24061.0,74880,44,99361,-0.0243,0.7111,-0.0092,-0.995,-0.046,-0.02,62,-57,179,197.82315334661916
80107,24071.0,74880,44,99363,-0.0243,0.7111,-0.0092,-0.996,-0.04,-0.019,62,-57,179,197.82315334661916
80209,24061.0,74880,44,99365,-0.0243,0.7111,-0.0092,-0.998,-0.043,-0.021,63,-58,179,198.4288285506922
80307,24061.0,74880,44,99365,-0.0243,0.7111,-0.0092,-0.996,-0.042,-0.019,64,-57,180,199.36148073286373
80408,24081.0,74880,44,99361,-0.0243,0.7111,-0.0092,-0.996,-0.045,-0.018,64,-57,180,199.36148073286373
80507,24071.0,74880,44,99362,-0.0243,0.7111,-0.0092,-0.998,-0.046,-0.016,65,-57,180,199.68475154603067
80609,24071.0,74880,44,99362,-0.0243,0.7111,-0.0092,-0.997,-0.043,-0.019,65,-55,179,198.219575218998
80708,24071.0,74880,44,99366,-0.0243,0.7111,-0.0092,-0.998,-0.042,-0.017,65,-55,177,196.41537618017588
80808,24071.0,74880,44,99363,-0.0243,0.7111,-0.0092,-0.999,-0.043,-0.016,65,-55,175,194.61500456028563
80907,24071.0,74880,44,99367,-0.0243,0.7111,-0.0092,-0.996,-0.045,-0.019,65,-54,173,192.53571097331528
81010,24071.0,74880,44,99367,-0.0243,0.7111,-0.0092,-0.997,-0.044,-0.019,66,-53,172,191.70028690641024
81107,24071.0,74880,44,99365,-0.0243,0.7111,-0.0092,-0.995,-0.043,-0.021,64,-53,170,189.2220917334971
81209,24061.0,74880,44,99359,-0.0243,0.7111,-0.0092,-0.995,-0.041,-0.02,62,-53,167,185.85478202080247
81307,24061.0,74880,44,99359,-0.0243,0.7111,-0.0092,-0.998,-0.043,-0.019,61,-54,165,184.0163036255212
81409,24061.0,74880,44,99366,-0.0243,0.7111,-0.0092,-0.997,-0.044,-0.018,58,-56,166,184.54267799075637
81507,24061.0,74880,44,99364,-0.0243,0.7111,-0.0092,-0.998,-0.044,-0.014,66,-54,176,195.57095898931416
81608,24061.0,74880,44,99364,-0.0243,0.7111,-0.0092,-0.999,-0.044,-0.017,50,-47,178,190.7694944166913
81707,24071.0,74880,44,99364,-0.0243,0.7111,-0.0092,-0.997,-0.042,-0.02,61,-40,175,189.59430371189953
81812,24071.0,74880,44,99364,-0.0243,0.7111,-0.0092,-0.998,-0.044,-0.017,62,-44,172,188.05318396666408
81907,24071.0,74880,44,99363,-0.0243,0.7111,-0.0092,-0.996,-0.044,-0.02,62,-45,172,188.28967045486056
82018,24071.0,74880,44,99363,-0.0225,0.7105,-0.0101,-1.044,-0.064,-0.01,62,-43,172,187.82172398314313
82109,24071.0,77760,44,99365,-0.0195,0.7078,-0.0082,-1.043,-0.073,0.012,63,-44,172,188.3852435834612
82208,24061.0,77760,44,99363,-0.0163,0.7039,-0.0019,-1.021,-0.017,-0.044,63,-44,171,187.47266467407988
82306,24061.0,80640,44,99363,-0.0096,0.6985,0.0049,-1.05,-0.052,-0.049,64,-45,167,184.41800345953212
82409,24061.0,83520,44,99362,-0.0022,0.6922,0.007,-1.028,0.047,0.059,65,-47,167,185.26467553206143
82507,24061.0,86400,44,99364,0.0023,0.6856,0.0067,-1.026,0.007,0.034,67,-47,164,183.2866607257604
82608,24061.0,89280,44,99364,0.004,0.6789,0.0043,-1.032,0.048,0.081,65,-44,158,176.4227876437735
82707,24061.0,92160,44,99360,0.0031,0.6723,-0.0006,-1.052,-0.02,0.063,66,-43,157,175.65306715227035
82808,24061.0,95040,44,99363,-0.0004,0.666,-0.0081,-1.029,-0.014,0.064,67,-41,153,171.985464502091
82910,24071.0,97920,44,99361,-0.0068,0.6605,-0.0181,-0.986,0.009,0.09,67,-39,149,167.9613050675661
83005,24071.0,103680,44,99361,-0.0145,0.6563,-0.0297,-0.938,-0.02,0.132,68,-38,146,165.48111674750083
83107,24061.0,106560,44,99362,-0.0211,0.6543,-0.0414,-0.924,-0.042,0.099,66,-34,144,162.01234520862909
83208,24061.0,109440,44,99365,-0.0256,0.6547,-0.0527,-0.956,-0.106,0.125,65,-32,142,159.4145539152558
83311,24061.0,112320,44,99365,-0.0279,0.6573,-0.0635,-0.928,-0.12,0.114,65,-29,144,160.6300096495048
83411,24051.0,115200,44,99364,-0.0278,0.6617,-0.0736,-0.951,-0.115,0.131,63,-29,142,158.03164240113435
83516,24051.0,115200,44,99355,-0.0253,0.6674,-0.083,-0.928,-0.12,0.089,63,-28,144,159.6527481755325
83619,24061.0,115200,44,99360,-0.0207,0.6744,-0.0908,-0.914,-0.06,0.149,62,-26,144,158.92136420255144
83707,24061.0,115200,44,99360,-0.0175,0.6825,-0.0954,-0.894,-0.123,0.064,59,-25,145,158.52760012060992
83808,24051.0,115200,44,99361,-0.0149,0.6887,-0.1003,-0.926,-0.145,0.065,58,-23,147,159.6934563468397
83907,24061.0,115200,44,99364,-0.0118,0.6908,-0.1045,-0.932,-0.133,0.07,60,-25,146,159.8155186457185
84009,24061.0,115200,44,99364,-0.011,0.6906,-0.1048,-1.005,-0.15,0.019,58,-24,147,159.84054554461454
84112,24061.0,115200,44,99361,-0.0108,0.691,-0.1045,-0.972,-0.149,0.033,57,-25,147,159.6339562875017
84213,24061.0,112320,44,99361,-0.0103,0.6916,-0.104,-0.993,-0.145,0.028,58,-25,147,159.99374987792493
84315,24061.0,112320,44,99361,-0.01,0.6919,-0.1037,-0.984,-0.154,0.031,59,-24,146,159.2890454488318
84414,24061.0,112320,44,99358,-0.0096,0.6924,-0.1032,-0.983,-0.147,0.034,58,-25,146,159.07545379473223
84512,24061.0,115200,44,99362,-0.0095,0.6926,-0.103,-0.989,-0.15,0.028,60,-25,146,159.8155186457185
84613,24061.0,115200,44,99364,-0.0093,0.6929,-0.1028,-0.98,-0.15,0.033,58,-23,147,159.6934563468397
84712,24061.0,115200,44,99364,-0.0091,0.6931,-0.1026,-0.985,-0.148,0.031,59,-24,147,160.20611723651504
84813,24051.0,115200,44,99358,-0.009,0.6932,-0.1025,-0.986,-0.149,0.032,59,-25,148,161.27616066858735
84912,24061.0,115200,44,99357,-0.0088,0.6934,-0.1023,-0.982,-0.149,0.032,59,-25,146,159.44277970482077
85016,24061.0,115200,44,99357,-0.0087,0.6936,-0.1022,-0.986,-0.148,0.03,58,-24,147,159.84054554461454
85112,24051.0,112320,44,99357,-0.0086,0.6937,-0.1021,-0.985,-0.149,0.032,58,-25,146,159.07545379473223
85208,24071.0,115200,44,99361,-0.0085,0.6938,-0.1019,-0.985,-0.148,0.033,58,-24,146,158.92136420255144
85307,24071.0,115200,44,99361,-0.0085,0.6938,-0.1019,-0.984,-0.148,0.029,58,-25,146,159.07545379473223
85408,24061.0,115200,44,99359,-0.0085,0.6938,-0.1019,-0.984,-0.148,0.032,59,-25,146,159.44277970482077
85507,24061.0,112320,44,99361,-0.0085,0.6938,-0.1019,-0.985,-0.147,0.032,58,-24,147,159.84054554461454
85608,24051.0,115200,44,99362,-0.0085,0.6938,-0.1019,-0.986,-0.148,0.029,59,-24,147,160.20611723651504
85709,24051.0,115200,44,99362,-0.0085,0.6938,-0.1019,-0.983,-0.149,0.03,58,-24,146,158.92136420255144
85812,24061.0,115200,44,99361,-0.0085,0.6938,-0.1019,-0.986,-0.147,0.031,58,-25,146,159.07545379473223
85908,24051.0,115200,44,99353,-0.0085,0.6938,-0.1019,-0.984,-0.149,0.031,58,-24,148,160.76069171286866
86008,24051.0,115200,44,99353,-0.0085,0.6938,-0.1019,-0.986,-0.147,0.033,58,-25,147,159.99374987792493
86107,24051.0,115200,44,99356,-0.0085,0.6938,-0.1019,-0.987,-0.148,0.03,59,-24,146,159.2890454488318
86208,24061.0,115200,44,99359,-0.0085,0.6938,-0.1019,-0.984,-0.149,0.032,58,-23,148,160.61444517850816
86313,24051.0,115200,44,99357,-0.0085,0.6938,-0.1019,-0.985,-0.148,0.032,58,-23,147,159.6934563468397
86410,24051.0,115200,44,99357,-0.0085,0.6938,-0.1019,-0.985,-0.148,0.031,58,-23,146,158.7734234687909
86507,24051.0,115200,44,99355,-0.0085,0.6938,-0.1019,-0.984,-0.148,0.032,59,-23,147,160.0593639872407
86608,24051.0,115200,44,99358,-0.0085,0.6938,-0.1019,-0.983,-0.149,0.031,59,-23,147,160.0593639872407
86707,24051.0,115200,44,99358,-0.0085,0.6938,-0.1019,-0.985,-0.147,0.032,58,-24,146,158.92136420255144
86808,24061.0,115200,44,99360,-0.0085,0.6938,-0.1019,-0.985,-0.148,0.035,59,-24,146,159.2890454488318
86908,24051.0,115200,44,99354,-0.0085,0.6938,-0.1019,-0.986,-0.148,0.032,58,-23,146,158.7734234687909
87011,24051.0,115200,44,99354,-0.0085,0.6938,-0.1019,-0.984,-0.148,0.032,58,-23,147,159.6934563468397
87107,24051.0,115200,44,99348,-0.0085,0.6938,-0.1019,-0.984,-0.149,0.034,59,-23,147,160.0593639872407
87207,24051.0,115200,44,99363,-0.0085,0.6938,-0.1019,-0.984,-0.149,0.031,57,-24,146,158.55913723276876
87336,24051.0,115200,44,99355,-0.0085,0.6938,-0.1019,-0.986,-0.15,0.032,59,-24,148,161.1241757155021
87407,24051.0,115200,44,99355,-0.0085,0.6938,-0.1019,-0.984,-0.151,0.032,58,-24,146,158.92136420255144
87510,24051.0,115200,44,99355,-0.0085,0.6938,-0.1019,-0.984,-0.148,0.032,58,-25,147,159.99374987792493
87615,24041.0,115200,44,99357,-0.0085,0.6938,-0.1019,-0.986,-0.15,0.032,59,-23,148,160.97825940169685
87714,24041.0,115200,44,99357,-0.0085,0.6938,-0.1019,-0.986,-0.148,0.032,60,-23,148,161.3474511729268
87817,24051.0,115200,44,99360,-0.0085,0.6938,-0.1019,-0.987,-0.148,0.032,59,-23,147,160.0593639872407
87919,24041.0,115200,44,99357,-0.0085,0.6938,-0.1019,-0.984,-0.148,0.033,59,-23,148,160.97825940169685
88019,24041.0,115200,44,99357,-0.0085,0.6938,-0.1019,-0.985,-0.15,0.031,58,-23,147,159.6934563468397
88108,24041.0,115200,44,99353,-0.0085,0.6938,-0.1019,-0.983,-0.148,0.029,58,-25,147,159.99374987792493
88209,24041.0,115200,44,99355,-0.0085,0.6938,-0.1019,-0.984,-0.147,0.034,59,-24,148,161.1241757155021
88308,24051.0,115200,44,99357,-0.0085,0.6938,-0.1019,-0.983,-0.15,0.032,58,-23,146,158.7734234687909
88408,24051.0,115200,44,99357,-0.0085,0.6938,-0.1019,-0.985,-0.148,0.03,59,-24,147,160.20611723651504
88508,24051.0,115200,44,99361,-0.0085,0.6938,-0.1019,-0.984,-0.149,0.032,58,-24,146,158.92136420255144
88608,24051.0,115200,44,99354,-0.0085,0.6938,-0.1019,-0.986,-0.15,0.03,58,-24,147,159.84054554461454
88708,24051.0,115200,44,99354,-0.0085,0.6938,-0.1019,-0.984,-0.148,0.033,59,-24,148,161.1241757155021
88815,24041.0,115200,44,99354,-0.0085,0.6938,-0.1019,-0.985,-0.15,0.031,58,-23,146,158.7734234687909
88910,24041.0,115200,44,99359,-0.0085,0.6938,-0.1019,-0.984,-0.15,0.032,58,-24,147,159.84054554461454
89008,24051.0,115200,44,99357,-0.0088,0.6937,-0.1015,-0.934,-0.151,0.074,58,-24,147,159.84054554461454
89112,24051.0,115200,44,99357,-0.013,0.6885,-0.0983,-0.914,-0.157,0.077,59,-25,146,159.44277970482077
89208,24041.0,115200,44,99357,-0.0163,0.6816,-0.0937,-0.942,-0.142,0.121,59,-25,146,159.44277970482077
89309,24031.0,115200,44,99356,-0.019,0.6732,-0.0882,-0.936,-0.14,0.077,60,-25,144,157.99050604387594
89408,24031.0,115200,44,99356,-0.021,0.6661,-0.0813,-0.913,-0.037,0.205,61,-25,144,158.3729774930054
89510,24041.0,115200,44,99356,-0.0231,0.6607,-0.0707,-0.939,-0.113,0.132,62,-27,143,158.18343781824947
89608,24051.0,115200,44,99359,-0.0229,0.6569,-0.059,-0.95,-0.073,0.128,65,-29,143,159.73415414368964
89708,24051.0,112320,44,99359,-0.0206,0.6551,-0.0473,-0.989,-0.093,0.102,66,-32,143,160.71403174583108
89808,24041.0,109440,44,99355,-0.0182,0.6547,-0.0368,-0.996,-0.051,0.124,67,-33,143,161.32885668720274
89908,24041.0,106560,44,99356,-0.0162,0.656,-0.0275,-0.946,-0.026,0.047,67,-36,144,162.85269417482783
90010,24031.0,103680,44,99360,-0.0144,0.6588,-0.0196,-0.994,-0.026,0.094,68,-38,147,166.3640586184408
90108,24031.0,97920,44,99360,-0.0132,0.6631,-0.0128,-1.002,-0.028,0.108,67,-39,147,166.1896507006378
90210,24051.0,97920,44,99359,-0.0127,0.669,-0.0072,-1.006,-0.018,0.116,68,-40,152,171.25419702886117
90306,24041.0,92160,44,99365,-0.014,0.6761,-0.0032,-1.08,-0.066,0.051,67,-42,155,174.00574703152768
90408,24041.0,89280,44,99365,-0.0181,0.6831,-0.0018,-1.042,-0.015,0.042,67,-43,158,176.92371237344076
90508,24041.0,89280,44,99358,-0.0236,0.6901,-0.004,-1.054,-0.076,-0.006,66,-43,161,179.23727290940352
90610,24031.0,86400,44,99360,-0.0282,0.6958,-0.0111,-1.054,-0.06,0.038,66,-42,163,180.8009955724802
90710,24031.0,83520,44,99360,-0.0316,0.6994,-0.0179,-1.026,-0.088,0.028,66,-43,166,183.74166647769363
90818,24041.0,83520,44,99356,-0.035,0.7017,-0.021,-1.046,-0.113,0.017,64,-41,168,184.39360075664231
90910,24031.0,80640,44,99360,-0.0386,0.7022,-0.0222,-1.005,-0.091,0.004,64,-40,168,184.1738309315414
91008,24041.0,80640,44,99360,-0.0383,0.7018,-0.0224,-0.952,-0.044,0.007,65,-41,168,184.74306482247175
91112,24041.0,80640,44,99360,-0.0376,0.7021,-0.0215,-0.959,-0.064,-0.007,66,-41,167,184.1901191703833
91218,24041.0,80640,44,99364,-0.0354,0.7042,-0.019,-0.964,-0.074,-0.024,64,-40,168,184.1738309315414
91312,24031.0,77760,44,99359,-0.0315,0.7078,-0.0153,-0.954,-0.044,-0.008,64,-41,170,186.21761463406193
91418,24031.0,77760,44,99359,-0.0275,0.7109,-0.0115,-1.03,-0.075,-0.015,63,-43,170,186.32766836946143
91512,24031.0,77760,44,99359,-0.0252,0.7121,-0.0094,-1.027,-0.05,-0.002,62,-44,172,188.05318396666408
91619,24041.0,74880,44,99363,-0.0244,0.7121,-0.0086,-1.023,-0.058,-0.015,62,-44,172,188.05318396666408
91712,24041.0,74880,44,99363,-0.024,0.7113,-0.0091,-1.002,-0.02,-0.027,62,-44,171,187.13898578329423
91809,24031.0,74880,44,99360,-0.0239,0.7113,-0.0093,-0.998,-0.043,-0.016,61,-44,172,187.725863961256
91911,24031.0,74880,44,99362,-0.0238,0.7115,-0.0093,-0.995,-0.047,-0.028,61,-44,171,186.81006396872735
92013,24041.0,74880,44,99363,-0.0238,0.7116,-0.0092,-1.002,-0.047,-0.024,61,-42,175,190.02631396730297
92114,24041.0,74880,44,99363,-0.0238,0.7117,-0.0092,-1.003,-0.038,-0.013,62,-47,175,191.51501246638605
92217,24041.0,74880,44,99364,-0.0237,0.7117,-0.0091,-0.996,-0.044,-0.02,62,-46,175,191.27205755154097
92323,24031.0,74880,44,99365,-0.0237,0.7118,-0.0091,-0.995,-0.043,-0.02,62,-44,176,191.7185437040455
92422,24031.0,74880,44,99365,-0.0237,0.7118,-0.0091,-0.999,-0.041,-0.017,62,-41,177,191.9739565670302
92513,24031.0,74880,44,99361,-0.0236,0.7119,-0.009,-0.998,-0.043,-0.019,60,-41,177,191.337398330802
92608,24041.0,74880,44,99365,-0.0236,0.7119,-0.009,-0.995,-0.045,-0.02,60,-38,178,191.64550607827985
92708,24031.0,74880,44,99365,-0.0236,0.7119,-0.009,-0.998,-0.044,-0.016,59,-38,178,191.3347851280577
92809,24031.0,74880,44,99365,-0.0236,0.7119,-0.009,-0.998,-0.043,-0.016,58,-38,177,190.0973434848578
92910,24031.0,74880,44,99362,-0.0236,0.7119,-0.009,-0.997,-0.045,-0.018,58,-37,179,191.76548177396265
93008,24041.0,74880,44,99364,-0.0236,0.7119,-0.009,-0.995,-0.044,-0.021,56,-39,179,191.56722057805192
93109,24041.0,74880,44,99364,-0.0236,0.7119,-0.009,-0.995,-0.046,-0.02,54,-40,177,189.32775813387747
93208,24031.0,74880,44,99363,-0.0236,0.7119,-0.009,-0.997,-0.042,-0.019,53,-41,177,189.25908168434088
93308,24021.0,74880,44,99361,-0.0236,0.7119,-0.009,-0.997,-0.044,-0.018,52,-41,176,188.04520733057785
93409,24021.0,74880,44,99361,-0.0236,0.7119,-0.009,-0.995,-0.043,-0.017,50,-43,174,186.0779406592839
93508,24031.0,74880,44,99363,-0.0236,0.7119,-0.009,-0.996,-0.045,-0.02,49,-47,173,185.84671102820195
93608,24021.0,74880,44,99361,-0.0236,0.7119,-0.009,-0.996,-0.043,-0.018,47,-48,172,184.65372999211257
93710,24021.0,74880,44,99362,-0.0236,0.7119,-0.009,-0.997,-0.043,-0.018,47,-51,171,184.52913049163809
93808,24021.0,74880,44,99362,-0.0236,0.7119,-0.009,-0.996,-0.044,-0.024,47,-54,168,182.6170857285813
93908,24021.0,74880,44,99365,-0.0236,0.7119,-0.009,-0.997,-0.043,-0.017,46,-55,168,182.6608879864543
94008,24021.0,74880,44,99361,-0.0236,0.7119,-0.009,-0.996,-0.043,-0.021,46,-57,167,182.3567931281969
94108,24021.0,74880,44,99361,-0.0236,0.7119,-0.009,-0.998,-0.043,-0.018,44,-59,166,181.58469098467523
94208,24031.0,74880,44,99364,-0.0236,0.7119,-0.009,-0.998,-0.043,-0.016,45,-60,168,183.98097727754356
94311,24031.0,74880,44,99363,-0.0236,0.7119,-0.009,-0.996,-0.043,-0.018,47,-61,166,182.99180309511135
94408,24031.0,74880,44,99363,-0.0236,0.7119,-0.009,-0.998,-0.045,-0.016,47,-62,169,186.04838080456383
94509,24021.0,74880,44,99364,-0.0236,0.7119,-0.009,-0.997,-0.045,-0.018,49,-62,168,185.6582882609877
94610,24021.0,74880,44,99361,-0.0236,0.7119,-0.009,-0.997,-0.047,-0.021,50,-62,169,186.82879863661276
94708,24021.0,74880,44,99360,-0.0236,0.7119,-0.009,-0.996,-0.046,-0.017,51,-61,170,187.67525143182837
94808,24021.0,74880,44,99360,-0.0236,0.7119,-0.009,-0.996,-0.045,-0.018,54,-62,171,189.73929482318627
94909,24021.0,74880,44,99362,-0.0236,0.7119,-0.009,-0.998,-0.044,-0.017,55,-60,172,190.2866259094422
95010,24021.0,74880,44,99364,-0.0236,0.7119,-0.009,-0.997,-0.044,-0.02,56,-58,174,191.7706964058899
95109,24021.0,74880,44,99364,-0.0236,0.7119,-0.009,-0.997,-0.044,-0.021,57,-57,175,192.67329861711508
95208,24021.0,74880,44,99364,-0.0236,0.7119,-0.009,-0.996,-0.042,-0.016,58,-56,175,192.67848867997697
95308,24021.0,74880,44,99362,-0.0236,0.7119,-0.009,-0.997,-0.044,-0.019,61,-55,176,194.221523009166
95410,24021.0,74880,44,99362,-0.0236,0.7119,-0.009,-0.996,-0.042,-0.02,61,-54,175,193.03367581849545
95508,24021.0,74880,44,99362,-0.0236,0.7119,-0.009,-0.996,-0.041,-0.019,62,-54,177,195.1640335717624
95609,24021.0,74880,44,99360,-0.0236,0.7119,-0.009,-0.997,-0.044,-0.018,64,-53,177,195.5351630781533
95716,24021.0,74880,44,99360,-0.0236,0.7119,-0.009,-1.0,-0.046,-0.02,64,-52,177,195.26648457940755
95809,24021.0,74880,44,99360,-0.0236,0.7119,-0.009,-0.996,-0.044,-0.02,65,-53,176,194.96153466773904
95909,24021.0,74880,44,99360,-0.0236,0.7119,-0.009,-0.997,-0.043,-0.018,64,-53,176,194.63041899970312
96010,24021.0,74880,44,99362,-0.0236,0.7119,-0.009,-0.997,-0.043,-0.02,58,-39,178,191.23022773609824
96112,24021.0,74880,44,99362,-0.0236,0.7119,-0.009,-0.996,-0.044,-0.02,45,-52,174,187.09623192357455
96211,24021.0,74880,44,99361,-0.0236,0.7119,-0.009,-0.997,-0.045,-0.018,45,-55,172,186.10212250267324
96313,24021.0,74880,44,99360,-0.0233,0.7118,-0.0093,-1.031,-0.067,0.0,49,-44,176,187.91753510516256
96418,24011.0,74880,44,99362,-0.0206,0.71,-0.0098,-1.047,-0.06,0.011,49,-47,176,188.64251906714983
96511,24011.0,77760,44,99362,-0.0177,0.7067,-0.0051,-1.041,-0.072,-0.016,52,-44,177,189.6549498431296
96609,24011.0,77760,44,99364,-0.0125,0.7018,0.0024,-1.044,-0.052,-0.073,51,-45,176,188.68492255609615
96709,24021.0,80640,44,99361,-0.005,0.6959,0.0063,-1.019,0.04,0.003,52,-47,172,185.73368030596927
96808,24021.0,86400,44,99361,0.001,0.6894,0.007,-1.016,0.064,0.04,54,-47,172,186.30351580150065
96908,24011.0,86400,44,99358,0.0039,0.6827,0.0058,-1.048,0.0,0.047,55,-48,168,183.17477992343817
97008,24011.0,89280,44,99365,0.0044,0.6761,0.0019,-1.031,0.054,0.093,54,-46,163,177.7667010438119
97109,24011.0,92160,44,99365,0.0021,0.6696,-0.0044,-1.011,0.005,0.033,55,-43,161,175.48504209761012
97208,24001.0,97920,44,99359,-0.0033,0.6639,-0.0132,-0.997,0.054,0.092,55,-42,159,173.40703561274557
97308,24011.0,97920,44,99357,-0.0107,0.6587,-0.0244,-0.961,-0.014,0.094,55,-40,153,167.43356891615252
97408,24011.0,103680,44,99359,-0.018,0.6557,-0.0361,-0.947,-0.032,0.166,57,-39,152,166.95508378003947
97510,24011.0,106560,44,99359,-0.0235,0.6551,-0.0475,-0.954,-0.104,0.103,53,-34,149,161.7590801160788
97608,24011.0,112320,44,99357,-0.0271,0.6565,-0.0586,-0.956,-0.101,0.131,53,-32,148,160.42755374311483
97711,24001.0,115200,44,99361,-0.0283,0.6599,-0.0692,-0.94,-0.106,0.096,53,-30,149,160.96583488430085
97808,24001.0,115200,44,99361,-0.0268,0.6653,-0.0787,-0.947,-0.139,0.117,52,-29,146,157.67371372552878
97908,24011.0,115200,44,99356,-0.0227,0.6718,-0.0875,-0.934,-0.149,0.099,52,-29,149,160.4556013356966
98008,24001.0,115200,44,99358,-0.0183,0.6793,-0.093,-0.972,-0.154,0.101,50,-27,149,159.4678651014053
98109,24001.0,115200,44,99358,-0.0161,0.6868,-0.098,-0.907,-0.143,0.061,48,-25,151,160.40573555830227
98218,24001.0,115200,44,99359,-0.013,0.6904,-0.1027,-0.93,-0.142,0.071,47,-25,152,161.0527863776346
98310,24011.0,115200,44,99356,-0.0109,0.6907,-0.1047,-0.99,-0.171,0.029,46,-25,152,160.7638018958248
98420,24001.0,115200,44,99357,-0.01,0.6908,-0.1059,-0.979,-0.175,0.028,46,-24,152,160.61133210331082
98513,24001.0,112320,44,99357,-0.0044,0.6902,-0.1127,-0.989,-0.165,0.037,45,-23,151,159.23253436405514
98618,24001.0,112320,44,99357,0.0063,0.6889,-0.1248,-0.98,-0.169,0.04,46,-23,151,159.51802405997887
98713,24001.0,112320,44,99358,0.0224,0.6865,-0.1422,-0.992,-0.167,0.043,47,-22,152,160.61444517850816
98808,24001.0,109440,44,99358,0.0432,0.6822,-0.165,-0.983,-0.141,0.04,46,-19,153,160.89126763127948
98909,23991.0,106560,44,99354,0.0655,0.677,-0.1888,-0.985,-0.129,0.054,45,-18,151,158.58751527153706
99012,24001.0,106560,44,99360,0.0876,0.6711,-0.2123,-0.986,-0.108,0.06,46,-14,153,160.37767924496225
99116,24001.0,106560,44,99360,0.1097,0.6646,-0.2355,-0.98,-0.159,0.073,44,-12,151,157.73712308775
99209,24001.0,103680,44,99360,0.1319,0.6574,-0.2584,-0.985,-0.128,0.074,43,-9,151,157.26092966786123
99309,24001.0,103680,44,99361,0.1542,0.6496,-0.2807,-0.981,-0.104,0.077,42,-8,149,155.0129026887762
99409,24001.0,100800,44,99353,0.1753,0.641,-0.3027,-0.979,-0.116,0.077,44,-5,149,155.44130725132234
99509,24001.0,97920,44,99353,0.1943,0.6341,-0.3182,-0.985,-0.096,0.086,44,-2,148,154.41502517566093
99619,24001.0,97920,44,99359,0.211,0.6298,-0.3258,-0.979,-0.073,0.09,43,-2,147,153.17310468878014
99713,23991.0,97920,44,99353,0.2219,0.6276,-0.3292,-0.98,-0.08,0.09,43,0,146,152.2005256232711
99816,23991.0,95040,44,99353,0.2261,0.6272,-0.3291,-0.984,-0.118,0.094,43,0,143,149.3251485852266
99913,23991.0,95040,44,99353,0.2286,0.6265,-0.3317,-0.98,-0.118,0.095,42,0,144,150.0
100014,24001.0,95040,44,99360,0.2359,0.6235,-0.3395,-0.982,-0.123,0.097,42,0,146,151.92103211866353
100113,23991.0,95040,44,99356,0.2479,0.6179,-0.3522,-0.98,-0.127,0.096,42,3,143,149.07045314213008
100218,23991.0,92160,44,99356,0.2644,0.6091,-0.3698,-0.977,-0.12,0.095,43,2,143,149.33854157584372
100308,24001.0,92160,44,99358,0.2846,0.5977,-0.3907,-0.979,-0.061,0.096,41,4,141,146.8945199794737
100412,23991.0,92160,44,99355,0.305,0.5858,-0.4109,-0.981,-0.054,0.098,42,6,139,145.33065746772084
100514,23991.0,89280,44,99355,0.3247,0.5731,-0.431,-0.976,-0.086,0.101,41,7,138,144.13188405068465
100615,23991.0,89280,44,99355,0.3441,0.5596,-0.4507,-0.979,-0.053,0.103,41,9,135,141.37538682528864
100716,23991.0,89280,44,99356,0.3634,0.5459,-0.4696,-0.983,-0.044,0.101,39,11,133,139.03596656980525
100820,23991.0,89280,44,99356,0.3821,0.5314,-0.4881,-0.976,-0.068,0.105,41,12,132,138.74076545846214
100921,23991.0,89280,44,99357,0.4002,0.5161,-0.5063,-0.981,-0.017,0.104,40,12,129,135.5912976558599
101028,23991.0,89280,44,99359,0.4182,0.5004,-0.5237,-0.982,-0.017,0.103,40,13,126,132.83448347473634
101120,23991.0,89280,44,99355,0.4357,0.4841,-0.5404,-0.975,-0.044,0.104,37,13,124,130.05383500689243
101218,23991.0,89280,44,99355,0.4527,0.4673,-0.5568,-0.982,-0.002,0.103,39,14,122,128.84486796143648
101313,23991.0,92160,44,99357,0.4695,0.45,-0.5722,-0.983,-0.002,0.098,37,14,119,125.4033492375702
101417,23981.0,92160,44,99358,0.4859,0.4324,-0.5867,-0.978,-0.03,0.098,39,15,117,124.23767544509194
101512,23981.0,92160,44,99358,0.501,0.4141,-0.6015,-0.984,0.03,0.099,37,15,114,120.7890723534211
101620,23981.0,92160,44,99357,0.5164,0.3956,-0.6148,-0.982,0.029,0.088,39,15,113,120.47821379818012
101713,23981.0,92160,44,99355,0.5313,0.3767,-0.6273,-0.982,0.003,0.09,37,15,110,117.0213655705658
101817,23981.0,92160,44,99358,0.5451,0.3572,-0.6396,-0.985,0.027,0.087,37,14,110,116.8973909033046
101912,23981.0,92160,44,99358,0.5584,0.3374,-0.6512,-0.986,0.062,0.08,36,13,105,111.75866856758807
102017,23981.0,92160,44,99360,0.5717,0.3172,-0.6615,-0.983,0.022,0.077,37,13,103,110.21342930877344
102113,23991.0,92160,44,99359,0.5831,0.2965,-0.6722,-0.988,0.05,0.071,36,13,102,108.94494022211404
102218,23991.0,95040,44,99359,0.5951,0.2758,-0.681,-0.985,0.08,0.065,36,12,100,106.9579356569675
102312,23981.0,97920,44,99360,0.6053,0.2547,-0.6901,-0.985,0.036,0.059,35,11,96,102.77159140540736
102417,23991.0,103680,44,99356,0.6147,0.2331,-0.6986,-0.985,0.062,0.053,36,9,96,102.92230079045066
102513,23991.0,109440,44,99356,0.6234,0.2114,-0.7063,-0.987,0.101,0.046,33,9,93,99.09086738948248
102620,23991.0,115200,44,99357,0.6315,0.1894,-0.7132,-0.985,0.049,0.041,34,7,92,98.33107342035883
102713,23981.0,118080,44,99360,0.6389,0.1671,-0.7194,-0.988,0.069,0.034,33,6,90,96.04686356149271
102819,23991.0,120960,44,99357,0.6455,0.1448,-0.7248,-0.989,0.106,0.026,35,4,91,97.58073580374356
102916,23991.0,120960,44,99357,0.6515,0.1223,-0.7293,-0.987,0.048,0.018,33,2,87,93.06986622962344
103086,23991.0,126720,44,99355,0.6567,0.0996,-0.7331,-0.989,0.08,0.008,33,0,88,93.98404119849285
103109,23981.0,126720,44,99353,0.6612,0.0768,-0.7361,-0.99,0.115,0.002,33,-1,84,90.2551937563706
103209,23981.0,126720,44,99353,0.665,0.0539,-0.7382,-0.989,0.054,-0.003,33,-2,84,90.27181176868004
103313,23981.0,126720,44,99357,0.6681,0.031,-0.7396,-0.99,0.078,-0.013,32,-4,83,89.04493247793498
103408,23981.0,126720,44,99357,0.6704,0.0081,-0.7402,-0.995,0.106,-0.019,33,-6,84,90.448880590088
103510,23981.0,126720,44,99357,0.672,-0.0149,-0.7398,-0.989,0.041,-0.024,32,-8,81,87.45856161634491
103609,23981.0,120960,44,99359,0.6728,-0.038,-0.7388,-0.991,0.07,-0.034,33,-11,83,89.99444427296609
103709,23971.0,120960,44,99354,-0.673,0.0608,0.7369,-0.995,0.111,-0.046,32,-12,80,86.99425268372619
103809,23981.0,115200,44,99357,-0.6724,0.0837,0.7341,-0.991,0.051,-0.047,32,-15,82,89.29165694509202
103909,23981.0,109440,44,99357,-0.6711,0.1065,0.7306,-0.995,0.064,-0.059,31,-16,81,88.19297024139736
104015,23981.0,106560,44,99359,-0.6689,0.1291,0.7264,-0.999,0.097,-0.066,31,-19,82,89.69949832635632
104112,23991.0,100800,44,99358,-0.6662,0.1516,0.7212,-0.994,0.034,-0.067,31,-20,82,89.9166280506559
104209,23991.0,92160,44,99358,-0.6626,0.174,0.7154,-0.996,0.056,-0.08,32,-22,81,89.8276126811795
104309,23971.0,86400,44,99357,-0.6582,0.1961,0.7088,-1.0,0.092,-0.089,30,-24,82,90.55385138137416
104404,23971.0,77760,44,99355,-0.6533,0.2181,0.7013,-0.993,0.034,-0.084,32,-26,82,91.78235124467012
104506,23981.0,74880,44,99359,-0.6475,0.2398,0.6931,-0.999,0.054,-0.093,31,-28,82,92.0271699010678
104611,23981.0,66240,44,99359,-0.6411,0.2611,0.6841,-0.998,0.008,-0.093,32,-30,85,95.65040512198576
104709,23971.0,60480,44,99355,-0.6339,0.2823,0.6745,-0.997,0.051,-0.106,32,-32,87,98.066304100848
104813,23971.0,54720,44,99358,-0.626,0.3031,0.6641,-0.999,0.037,-0.11,31,-34,88,99.30256794262674
104916,23971.0,51840,44,99358,-0.6175,0.3236,0.6529,-0.997,-0.014,-0.107,32,-34,88,99.61927524329818
105017,23981.0,43200,44,99363,-0.6083,0.3438,0.641,-0.995,0.036,-0.121,32,-38,89,101.92644406629714
105110,23971.0,40320,44,99360,-0.5983,0.3635,0.6285,-1.0,0.014,-0.119,32,-38,91,103.6773842262622
105210,23971.0,40320,44,99360,-0.5894,0.3828,0.6141,-0.995,0.0,-0.122,33,-40,92,105.60776486603623
105309,23971.0,40320,44,99357,-0.5819,0.3982,0.6017,-0.998,0.02,-0.124,33,-41,94,107.73114684249862
105427,23971.0,40320,44,99357,-0.5866,0.4128,0.5822,-0.998,0.004,-0.121,32,-42,96,109.5627673984187
105513,23971.0,40320,44,99357,-0.5918,0.4223,0.5677,-0.999,0.002,-0.121,33,-44,96,110.6390527797486
105614,23971.0,40320,44,99357,-0.5975,0.4268,0.5587,-0.996,-0.007,-0.122,33,-43,97,111.11705539655016
105713,23971.0,40320,44,99357,-0.6019,0.4271,0.5539,-0.999,-0.012,-0.119,33,-44,96,110.6390527797486
105815,23981.0,40320,44,99357,-0.6046,0.4272,0.551,-0.997,-0.011,-0.122,33,-43,97,111.11705539655016
105912,23981.0,40320,44,99357,-0.6063,0.4273,0.5491,-0.998,-0.012,-0.12,33,-43,97,111.11705539655016
106014,23971.0,40320,44,99356,-0.6074,0.4274,0.5478,-0.997,-0.011,-0.123,33,-43,96,110.2451813005902
106112,23981.0,40320,44,99355,-0.6083,0.4274,0.5468,-0.997,-0.012,-0.122,34,-44,98,112.6765281680262
106217,23981.0,40320,44,99355,-0.609,0.4275,0.5461,-0.998,-0.01,-0.12,33,-42,96,109.85900054160332
106312,23981.0,40320,44,99355,-0.6096,0.4275,0.5454,-0.999,-0.01,-0.121,33,-42,98,111.61093136427094
106414,23991.0,40320,44,99357,-0.61,0.4275,0.545,-0.999,-0.009,-0.124,33,-43,97,111.11705539655016
106510,23971.0,40320,44,99357,-0.6103,0.4275,0.5446,-0.998,-0.011,-0.121,33,-44,97,111.50784725749124
106609,23971.0,40320,44,99357,-0.6107,0.4275,0.5443,-0.968,-0.027,-0.124,32,-42,97,110.44002897500523
106710,23971.0,40320,44,99355,-0.614,0.4254,0.5438,-0.955,-0.01,-0.128,33,-43,97,111.11705539655016
106819,23981.0,40320,44,99356,-0.6197,0.4167,0.5486,-1.0,0.005,-0.129,33,-42,93,107.24737759031686
106909,23981.0,40320,44,99356,-0.6279,0.4043,0.5563,-1.0,-0.013,-0.112,33,-41,94,107.73114684249862
107009,23971.0,40320,44,99356,-0.6385,0.3876,0.5669,-0.992,0.034,-0.127,33,-40,92,105.60776486603623
107108,23971.0,40320,44,99351,-0.6501,0.3671,0.5797,-1.001,-0.035,-0.128,33,-39,91,104.3599540053559
107209,23971.0,40320,44,99351,-0.6612,0.3465,0.5916,-0.999,-0.029,-0.126,32,-36,89,101.19782606360673
107312,23971.0,40320,44,99357,-0.6715,0.3254,0.6029,-0.997,-0.03,-0.128,33,-34,88,99.94498486667553
107409,23971.0,46080,44,99355,-0.6809,0.3044,0.6136,-0.996,0.016,-0.133,32,-32,86,97.18024490605072
107512,23971.0,51840,44,99355,-0.6896,0.2826,0.6234,-1.005,-0.025,-0.122,34,-31,86,97.53460924205316
107609,23971.0,54720,44,99355,-0.6974,0.2613,0.6325,-0.993,-0.033,-0.124,33,-27,84,94.2019108086455
107710,23971.0,60480,44,99355,-0.7045,0.2399,0.6406,-1.001,0.034,-0.125,34,-26,84,94.2761899951414
107811,23971.0,63360,44,99355,-0.7108,0.2179,0.6481,-0.992,-0.031,-0.126,34,-24,82,91.9565114605812
107914,23971.0,66240,44,99355,-0.7162,0.1956,0.6549,-1.004,-0.03,-0.124,33,-22,82,91.08786966440702
108009,23971.0,72000,44,99355,-0.721,0.1736,0.6606,-0.996,0.036,-0.122,33,-18,81,89.2972563968233
108112,23971.0,77760,44,99357,-0.7251,0.1514,0.6654,-0.985,-0.029,-0.135,34,-18,82,90.57593499379402
108209,23971.0,77760,44,99354,-0.7283,0.1289,0.6696,-0.987,-0.029,-0.119,34,-13,81,88.80315309717331
108312,23971.0,80640,44,99354,-0.7307,0.1066,0.673,-1.003,0.041,-0.119,34,-13,81,88.80315309717331
108409,23971.0,83520,44,99355,-0.7324,0.0845,0.6753,-1.002,0.007,-0.123,35,-10,81,88.80315309717331
108509,23971.0,86400,44,99351,0.7332,-0.0624,-0.6771,-0.986,-0.001,-0.122,36,-8,83,90.82400563727631
108605,23971.0,89280,44,99351,0.7331,-0.04,-0.6782,-1.006,0.058,-0.132,35,-5,81,88.37986195961159
108710,23981.0,89280,44,99361,0.7323,-0.0178,-0.6785,-0.991,0.001,-0.113,36,-4,83,90.55937278934744
108819,23961.0,89280,44,99359,0.7306,0.004,-0.678,-0.989,0.007,-0.133,34,0,84,90.62008607367352
108912,23961.0,89280,44,99359,0.7281,0.0257,-0.6768,-0.989,0.068,-0.122,36,1,86,93.23625904121208
109017,23971.0,89280,44,99356,0.7249,0.0475,-0.6747,-1.008,0.026,-0.117,36,2,86,93.25234581499814
109114,23971.0,86400,44,99356,0.7206,0.069,-0.6721,-0.975,0.014,-0.109,37,3,88,95.50916186418976
109218,23981.0,86400,44,99361,0.7157,0.0902,-0.6688,-0.999,0.086,-0.115,37,6,87,94.73119866232032
109351,23981.0,83520,44,99361,0.7099,0.1112,-0.6648,-0.989,0.023,-0.107,37,8,91,98.55962662266938
109409,23971.0,80640,44,99356,0.7035,0.1324,-0.6599,-1.002,0.048,-0.109,36,10,91,98.3717439105356
109510,23981.0,77760,44,99360,0.6962,0.1529,-0.6545,-1.005,0.083,-0.096,37,11,95,102.5426740435415
109628,23981.0,74880,44,99360,0.6881,0.1732,-0.6485,-0.994,0.043,-0.096,37,13,96,103.70149468546728
109716,23981.0,74880,44,99362,0.679,0.1933,-0.642,-0.986,0.062,-0.095,39,13,98,106.27323275406654
109821,23981.0,74880,44,99360,0.6693,0.2134,-0.6347,-0.999,0.094,-0.079,38,15,98,106.17438485811914
109910,23981.0,74880,44,99360,0.6589,0.233,-0.6267,-0.994,0.045,-0.075,39,15,103,111.15304764152891
110018,23971.0,74880,44,99353,0.6477,0.2521,-0.6182,-0.981,0.062,-0.07,40,17,103,111.79445424527998
110109,23971.0,74880,44,99356,0.636,0.271,-0.6091,-1.001,0.114,-0.069,40,18,107,115.64168798491312
110218,23981.0,74880,44,99359,0.6235,0.2897,-0.5993,-0.991,0.129,-0.067,40,19,109,117.65202930676548
110309,23981.0,74880,44,99359,0.6101,0.3083,-0.5888,-1.001,0.047,-0.042,41,19,112,120.77251342917394
110419,23971.0,77760,44,99358,0.5964,0.3261,-0.5779,-0.979,0.09,-0.05,41,20,113,121.8605760695394
110513,23971.0,77760,44,99361,0.5819,0.3439,-0.5664,-1.001,0.134,-0.04,42,20,117,125.90869707847826
110621,23971.0,77760,44,99361,0.5668,0.3613,-0.5542,-0.989,0.053,-0.022,41,20,119,127.4441053952673
110709,23981.0,80640,44,99365,0.5512,0.3782,-0.5414,-0.996,0.082,-0.016,44,20,122,131.224997618594
110818,23971.0,80640,44,99356,0.5348,0.3946,-0.5284,-0.976,0.143,-0.026,43,20,124,132.75918047351755
110908,23981.0,80640,44,99363,0.5179,0.411,-0.5148,-1.001,0.063,-0.006,44,19,127,135.74240310234677
111018,23981.0,83520,44,99363,0.5003,0.4268,-0.5005,-0.991,0.086,-0.002,43,19,128,136.35981812836215
111108,23971.0,83520,44,99360,0.4822,0.4422,-0.4858,-0.983,0.127,-0.009,45,17,133,141.43196244130957
111218,23971.0,86400,44,99360,0.4637,0.4571,-0.4707,-0.988,0.035,0.015,44,17,134,142.05984654363104
111327,23971.0,86400,44,99360,0.4449,0.4717,-0.4552,-1.0,0.077,0.022,45,16,138,146.03081866510234
111421,23981.0,86400,44,99361,0.4252,0.4858,-0.4392,-1.005,0.102,0.031,45,15,141,148.76491521860925
111508,23971.0,89280,44,99359,0.4051,0.4995,-0.4227,-0.981,0.022,0.033,46,14,144,151.81567771478674
111618,23971.0,89280,44,99359,0.3847,0.5126,-0.4061,-0.998,0.07,0.045,46,12,146,153.5447817413539
111708,23971.0,89280,44,99364,0.3637,0.5253,-0.3889,-0.995,0.079,0.04,48,12,150,157.9493589730582
111819,23971.0,89280,44,99357,0.3425,0.5373,-0.3715,-0.997,0.016,0.053,47,10,151,158.4613517549311
111909,23971.0,92160,44,99357,0.3207,0.549,-0.3535,-0.987,0.033,0.052,49,9,153,160.90680532531866
112018,23971.0,92160,44,99357,0.2986,0.5604,-0.3355,-0.999,0.07,0.047,49,6,156,163.62457028209425
112125,23961.0,92160,44,99359,0.276,0.571,-0.3172,-0.982,-0.019,0.052,49,3,158,165.4508990607183
112209,23971.0,92160,44,99361,0.253,0.5812,-0.2984,-0.986,0.032,0.047,49,-1,160,167.33798134314875
112309,23971.0,92160,44,99361,0.2301,0.5911,-0.2793,-0.98,0.045,0.049,51,-2,163,170.80398121823742
112409,23971.0,95040,44,99360,0.2071,0.6004,-0.26,-0.999,-0.028,0.066,50,-5,163,170.56963387426262
112509,23961.0,95040,44,99361,0.1837,0.609,-0.2403,-0.988,0.022,0.064,50,-6,166,173.47045858012828
112609,23961.0,92160,44,99361,0.16,0.6173,-0.2201,-0.986,0.015,0.05,51,-10,166,173.94539373033135
112710,23961.0,92160,44,99359,0.1365,0.6251,-0.1999,-0.99,-0.062,0.053,51,-14,169,177.08190195499935
112807,23971.0,92160,44,99361,0.1127,0.6324,-0.1793,-0.995,-0.031,0.046,50,-17,169,177.05931209625774
112908,23961.0,89280,44,99361,0.0888,0.6389,-0.1586,-0.99,-0.005,0.033,53,-21,172,181.2015452472743
113009,23961.0,89280,44,99361,0.065,0.6449,-0.1378,-0.988,-0.015,0.045,51,-25,172,181.13530854032848
113110,23961.0,89280,44,99363,0.0408,0.6506,-0.1166,-0.983,-0.072,0.03,54,-29,173,183.53746211604863
113212,23961.0,89280,44,99362,0.0169,0.6557,-0.0955,-0.999,-0.066,0.037,53,-31,173,183.57287381309908
113313,23961.0,86400,44,99362,-0.0069,0.66,-0.0744,-0.993,-0.048,0.016,55,-37,173,185.26467553206143
113416,23971.0,86400,44,99359,-0.0264,0.6637,-0.057,-0.995,-0.088,0.022,53,-38,174,185.81980518771405
113518,23971.0,86400,44,99360,-0.0404,0.6667,-0.0449,-0.998,-0.095,-0.006,52,-41,171,183.3739348980656
113609,23971.0,83520,44,99360,-0.0462,0.6807,-0.0351,-1.034,-0.118,0.008,52,-41,172,184.30680942385172
113722,23961.0,80640,44,99355,-0.049,0.6839,-0.0337,-1.017,-0.097,0.003,52,-41,174,186.1746491872618
113809,23971.0,80640,44,99359,-0.0487,0.6835,-0.034,-0.954,-0.041,0.011,54,-41,173,185.81173267584583
113913,23961.0,80640,44,99360,-0.0469,0.6853,-0.0319,-0.962,-0.065,-0.007,54,-42,174,186.9652374105946
114019,23961.0,80640,44,99360,-0.0408,0.6964,-0.0248,-0.967,-0.075,-0.026,53,-42,174,186.67886864881092
114114,23961.0,80640,44,99359,-0.0352,0.7028,-0.0191,-0.955,-0.04,-0.006,52,-42,176,188.26576959181932
114219,23961.0,77760,44,99359,-0.0308,0.7063,-0.0149,-1.032,-0.078,-0.013,51,-44,177,189.3832093930188
114314,23961.0,77760,44,99359,-0.0282,0.708,-0.0124,-1.028,-0.047,-0.002,50,-43,178,189.8236023259489
114419,23971.0,74880,44,99356,-0.0271,0.7084,-0.0113,-1.021,-0.055,-0.02,50,-45,177,189.3515249476486
114511,23961.0,74880,44,99358,-0.0267,0.7076,-0.0117,-1.004,-0.021,-0.02,49,-45,178,190.02631396730297
114618,23971.0,74880,44,99362,-0.0264,0.7077,-0.0118,-0.993,-0.042,-0.017,51,-44,178,190.3181546778972
114713,23971.0,74880,44,99362,-0.026,0.7086,-0.0113,-0.996,-0.05,-0.026,52,-41,178,189.918403531622
114814,23961.0,74880,44,99363,-0.0257,0.709,-0.011,-1.004,-0.047,-0.021,48,-48,178,190.50459312048096
114913,23961.0,74880,44,99361,-0.0254,0.7095,-0.0107,-0.999,-0.042,-0.015,50,-46,179,191.4601786273062
115018,23961.0,74880,44,99361,-0.0252,0.7099,-0.0105,-0.995,-0.046,-0.02,51,-43,179,191.0261762167688
115113,23961.0,74880,44,99359,-0.025,0.7101,-0.0103,-0.995,-0.044,-0.02,53,-42,178,190.41270965983335
115215,23961.0,74880,44,99360,-0.0249,0.7103,-0.0102,-0.997,-0.044,-0.016,55,-40,177,189.61540021844215
115313,23961.0,74880,44,99360,-0.0248,0.7106,-0.01,-0.997,-0.044,-0.02,58,-39,176,189.3700081850344
115414,23971.0,74880,44,99365,-0.0246,0.7107,-0.0099,-0.996,-0.043,-0.018,58,-38,175,188.2365533046119
115513,23971.0,74880,44,99361,-0.0245,0.7109,-0.0097,-0.995,-0.041,-0.02,60,-38,174,187.93615937333612
115614,23971.0,74880,44,99362,-0.0244,0.711,-0.0096,-0.998,-0.044,-0.019,62,-39,173,187.8669742131384
115713,23971.0,74880,44,99362,-0.0244,0.7111,-0.0096,-0.995,-0.041,-0.02,62,-40,171,186.23909364040625
115818,23971.0,74880,44,99363,-0.0243,0.7113,-0.0095,-0.996,-0.043,-0.021,62,-41,171,186.45642922677672
115908,23951.0,74880,44,99357,-0.0242,0.7113,-0.0094,-0.998,-0.041,-0.018,63,-42,171,187.0133685061044
116010,23951.0,74880,44,99357,-0.0242,0.7113,-0.0094,-0.997,-0.045,-0.02,63,-43,172,188.15419208723463
116108,23971.0,74880,44,99362,-0.0242,0.7113,-0.0094,-0.999,-0.045,-0.019,64,-46,171,188.28967045486056
116210,23961.0,74880,44,99362,-0.0242,0.7113,-0.0094,-0.995,-0.041,-0.023,63,-48,170,187.5446613476374
116310,23961.0,74880,44,99362,-0.0242,0.7113,-0.0094,-0.999,-0.045,-0.018,62,-50,171,188.63986853260897
116413,23971.0,74880,44,99362,-0.0242,0.7113,-0.0094,-0.998,-0.043,-0.017,62,-50,173,190.4547190279096
116510,23961.0,74880,44,99362,-0.0242,0.7113,-0.0094,-0.996,-0.042,-0.02,62,-54,174,192.44739540975863
116610,23961.0,74880,44,99359,-0.0242,0.7113,-0.0094,-0.997,-0.043,-0.02,61,-55,175,193.315803803
116709,23961.0,74880,44,99359,-0.0242,0.7113,-0.0094,-0.997,-0.042,-0.018,62,-56,176,194.82299658921173
116809,23971.0,74880,44,99362,-0.0242,0.7113,-0.0094,-0.998,-0.045,-0.018,61,-57,179,197.51202495038115
116910,23971.0,74880,44,99363,-0.0242,0.7113,-0.0094,-0.997,-0.044,-0.019,63,-56,178,196.94923203709124
117007,23971.0,74880,44,99363,-0.0242,0.7113,-0.0094,-0.996,-0.044,-0.021,62,-56,180,198.44394674567425
117104,23961.0,74880,44,99361,-0.0242,0.7113,-0.0094,-0.997,-0.043,-0.019,64,-57,181,200.26482466973576
117211,23961.0,74880,44,99361,-0.0242,0.7113,-0.0094,-1.0,-0.045,-0.017,64,-57,180,199.36148073286373
117339,23961.0,74880,44,99362,-0.0242,0.7113,-0.0094,-0.998,-0.044,-0.016,65,-56,180,199.40160480798545
117410,23961.0,74880,44,99362,-0.0242,0.7113,-0.0094,-0.998,-0.043,-0.021,65,-56,178,197.59807691371896
117514,23951.0,74880,44,99358,-0.0242,0.7113,-0.0094,-0.998,-0.044,-0.015,65,-56,178,197.59807691371896
117617,23961.0,74880,44,99365,-0.0242,0.7113,-0.0094,-0.998,-0.04,-0.019,65,-55,175,194.61500456028563
117720,23961.0,74880,44,99365,-0.0242,0.7113,-0.0094,-0.996,-0.045,-0.019,65,-54,173,192.53571097331528
117819,23961.0,74880,44,99364,-0.0242,0.7113,-0.0094,-0.997,-0.041,-0.019,65,-53,171,190.4599695474091
117909,23951.0,74880,44,99356,-0.0242,0.7113,-0.0094,-0.997,-0.044,-0.018,65,-53,170,189.56265454988755
118009,23951.0,74880,44,99356,-0.0242,0.7113,-0.0094,-0.998,-0.043,-0.021,62,-53,167,185.85478202080247
118109,23961.0,74880,44,99361,-0.0242,0.7113,-0.0094,-0.997,-0.043,-0.019,61,-55,165,184.31223507949764
118210,23951.0,74880,44,99360,-0.0242,0.7113,-0.0094,-0.996,-0.046,-0.019,58,-56,165,183.6436767220696
118308,23961.0,74880,44,99365,-0.0242,0.7113,-0.0094,-0.997,-0.043,-0.021,55,-57,164,182.12632978237937
118410,23961.0,74880,44,99365,-0.0242,0.7113,-0.0094,-0.998,-0.044,-0.016,54,-57,163,180.9253989908548
118510,23951.0,74880,44,99360,-0.0242,0.7113,-0.0094,-0.998,-0.043,-0.021,52,-58,164,181.55990746858183
118612,23961.0,74880,44,99365,-0.0242,0.7113,-0.0094,-0.998,-0.043,-0.021,64,-52,172,190.74590428106185
118710,23961.0,74880,44,99365,-0.0242,0.7113,-0.0094,-0.997,-0.045,-0.02,51,-45,178,190.55183021949696
118809,23961.0,74880,44,99365,-0.0242,0.7113,-0.0094,-0.997,-0.043,-0.02,61,-40,174,188.67167248953936
118909,23951.0,74880,44,99361,-0.0242,0.7113,-0.0094,-0.996,-0.044,-0.017,62,-44,172,188.05318396666408
119010,23951.0,74880,44,99361,-0.0242,0.7113,-0.0094,-0.998,-0.045,-0.019,62,-44,172,188.05318396666408
119113,23941.0,74880,44,99362,-0.0226,0.7107,-0.0103,-1.04,-0.06,-0.013,62,-43,171,186.9063936841113
119209,23961.0,77760,44,99363,-0.0195,0.708,-0.0084,-1.042,-0.076,0.009,64,-43,173,189.40432941197517
119310,23951.0,77760,44,99363,-0.0163,0.7041,-0.002,-1.023,-0.016,-0.041,64,-46,170,187.38196284594736
119409,23951.0,77760,44,99363,-0.0096,0.6988,0.0048,-1.052,-0.06,-0.053,63,-45,167,184.07335494307696
119512,23951.0,83520,44,99361,-0.0021,0.6925,0.0067,-1.029,0.046,0.057,65,-44,166,183.6218941194105
119610,23951.0,86400,44,99359,0.0023,0.6858,0.0065,-1.028,0.009,0.04,66,-44,162,180.37738217415176
119710,23951.0,89280,44,99359,0.004,0.6791,0.004,-1.031,0.057,0.086,67,-46,159,178.56651421809184
119809,23961.0,92160,44,99365,0.003,0.6725,-0.0008,-1.048,-0.017,0.056,67,-46,159,178.56651421809184
119909,23961.0,95040,44,99362,-0.0004,0.6663,-0.0084,-1.031,-0.014,0.066,68,-43,156,175.524927004685
120010,23961.0,97920,44,99362,-0.0069,0.6607,-0.0184,-0.981,0.006,0.088,66,-41,151,169.81754915202373
120113,23961.0,100800,44,99362,-0.0148,0.6564,-0.0301,-0.933,-0.028,0.127,67,-37,148,166.61932661009047
120209,23961.0,106560,44,99363,-0.0215,0.6542,-0.0418,-0.93,-0.041,0.101,66,-34,147,164.68454693747074
120310,23951.0,109440,44,99357,-0.0261,0.6545,-0.0531,-0.959,-0.111,0.125,65,-33,143,160.50856674956637
120409,23951.0,112320,44,99357,-0.0285,0.657,-0.0639,-0.929,-0.122,0.121,67,-31,143,160.93166251549133
120510,23961.0,115200,44,99359,-0.0284,0.6613,-0.074,-0.946,-0.12,0.123,64,-30,143,159.51488958714793
120611,23951.0,115200,44,99357,-0.0258,0.6671,-0.0835,-0.932,-0.126,0.097,63,-27,141,156.77691156544702
120711,23951.0,115200,44,99357,-0.0213,0.674,-0.0912,-0.913,-0.061,0.151,62,-25,144,158.7608264024851
120810,23951.0,115200,44,99357,-0.0181,0.6821,-0.0959,-0.889,-0.123,0.062,62,-26,145,159.8280325850256
120909,23941.0,115200,44,99362,-0.0154,0.6883,-0.1007,-0.925,-0.149,0.067,59,-25,146,159.44277970482077
121019,23951.0,115200,44,99361,-0.0118,0.69,-0.1045,-0.93,-0.137,0.074,59,-24,147,160.20611723651504
121109,23951.0,115200,44,99361,-0.011,0.6897,-0.1047,-1.004,-0.151,0.021,58,-24,148,160.76069171286866
121210,23951.0,115200,44,99361,-0.0106,0.6902,-0.1043,-0.971,-0.148,0.036,58,-24,147,159.84054554461454
121314,23941.0,115200,44,99357,-0.0101,0.691,-0.1037,-0.995,-0.146,0.029,60,-23,147,160.4306703844374
121413,23941.0,115200,44,99357,-0.0099,0.6914,-0.1034,-0.982,-0.152,0.032,59,-22,147,159.91872935963443
121517,23951.0,115200,44,99357,-0.0095,0.6919,-0.103,-0.983,-0.148,0.035,58,-22,147,159.55249919697278
121611,23951.0,115200,44,99356,-0.0094,0.6922,-0.1028,-0.985,-0.146,0.03,58,-24,148,160.76069171286866
121710,23951.0,115200,44,99356,-0.0092,0.6925,-0.1025,-0.982,-0.148,0.033,58,-23,148,160.61444517850816
121814,23951.0,115200,44,99358,-0.009,0.6928,-0.1023,-0.986,-0.148,0.029,58,-23,146,158.7734234687909
121918,23941.0,115200,44,99357,-0.0089,0.6929,-0.1022,-0.986,-0.148,0.03,58,-23,147,159.6934563468397
122016,23941.0,115200,44,99356,-0.0087,0.6932,-0.102,-0.982,-0.149,0.032,59,-23,148,160.97825940169685
122120,23941.0,115200,44,99356,-0.0086,0.6934,-0.1019,-0.987,-0.147,0.031,59,-24,147,160.20611723651504
122220,23941.0,115200,44,99361,-0.0085,0.6935,-0.1018,-0.984,-0.148,0.032,59,-25,148,161.27616066858735
122309,23941.0,115200,44,99357,-0.0085,0.6936,-0.1017,-0.982,-0.149,0.032,59,-23,146,159.14144651849813
122409,23941.0,115200,44,99357,-0.0085,0.6936,-0.1017,-0.986,-0.148,0.031,58,-23,147,159.6934563468397
122510,23941.0,115200,44,99359,-0.0085,0.6936,-0.1017,-0.985,-0.148,0.034,58,-23,147,159.6934563468397
122610,23941.0,115200,44,99356,-0.0085,0.6936,-0.1017,-0.986,-0.148,0.033,59,-23,147,160.0593639872407
122711,23941.0,115200,44,99356,-0.0085,0.6936,-0.1017,-0.984,-0.148,0.032,59,-23,147,160.0593639872407
122809,23941.0,115200,44,99355,-0.0085,0.6936,-0.1017,-0.984,-0.148,0.033,58,-23,147,159.6934563468397
122909,23951.0,115200,44,99357,-0.0085,0.6936,-0.1017,-0.985,-0.147,0.031,58,-23,147,159.6934563468397
123010,23951.0,115200,44,99361,-0.0085,0.6936,-0.1017,-0.987,-0.151,0.031,59,-23,147,160.0593639872407
123111,23951.0,115200,44,99361,-0.0085,0.6936,-0.1017,-0.984,-0.148,0.033,58,-23,148,160.61444517850816
123211,23941.0,115200,44,99358,-0.0085,0.6936,-0.1017,-0.985,-0.149,0.032,59,-23,147,160.0593639872407
123309,23951.0,115200,44,99363,-0.0085,0.6936,-0.1017,-0.985,-0.147,0.03,59,-23,146,159.14144651849813
123410,23951.0,115200,44,99363,-0.0085,0.6936,-0.1017,-0.985,-0.148,0.032,59,-24,147,160.20611723651504
123510,23951.0,115200,44,99360,-0.0085,0.6936,-0.1017,-0.985,-0.149,0.031,58,-23,147,159.6934563468397
123609,23941.0,115200,44,99362,-0.0085,0.6936,-0.1017,-0.986,-0.149,0.031,58,-24,147,159.84054554461454
123710,23941.0,115200,44,99357,-0.0085,0.6936,-0.1017,-0.984,-0.149,0.03,59,-24,147,160.20611723651504
123810,23941.0,115200,44,99357,-0.0085,0.6936,-0.1017,-0.985,-0.148,0.03,59,-23,147,160.0593639872407
123909,23941.0,115200,44,99359,-0.0085,0.6936,-0.1017,-0.983,-0.149,0.032,59,-23,146,159.14144651849813
124011,23951.0,115200,44,99359,-0.0085,0.6936,-0.1017,-0.985,-0.149,0.033,58,-23,147,159.6934563468397
124109,23951.0,115200,44,99359,-0.0085,0.6936,-0.1017,-0.985,-0.148,0.032,59,-23,147,160.0593639872407
124209,23951.0,115200,44,99359,-0.0085,0.6936,-0.1017,-0.986,-0.149,0.032,58,-23,147,159.6934563468397
124310,23941.0,115200,44,99357,-0.0085,0.6936,-0.1017,-0.984,-0.148,0.031,59,-23,148,160.97825940169685
124406,23941.0,115200,44,99357,-0.0085,0.6936,-0.1017,-0.986,-0.148,0.03,59,-23,147,160.0593639872407
124510,23941.0,115200,44,99358,-0.0085,0.6936,-0.1017,-0.984,-0.15,0.032,58,-23,147,159.6934563468397
124610,23941.0,115200,44,99354,-0.0085,0.6936,-0.1017,-0.983,-0.149,0.032,59,-22,147,159.91872935963443
124711,23941.0,115200,44,99357,-0.0085,0.6936,-0.1017,-0.983,-0.149,0.032,58,-24,147,159.84054554461454
124810,23941.0,115200,44,99357,-0.0085,0.6936,-0.1017,-0.985,-0.15,0.032,59,-22,147,159.91872935963443
124911,23931.0,115200,44,99354,-0.0085,0.6936,-0.1017,-0.984,-0.147,0.031,59,-22,147,159.91872935963443
125010,23931.0,115200,44,99358,-0.0085,0.6936,-0.1017,-0.986,-0.149,0.03,59,-23,147,160.0593639872407
125110,23931.0,115200,44,99358,-0.0085,0.6936,-0.1017,-0.986,-0.149,0.031,59,-23,147,160.0593639872407
125209,23941.0,115200,44,99357,-0.0085,0.6936,-0.1017,-0.985,-0.148,0.032,59,-23,147,160.0593639872407
125311,23941.0,115200,44,99360,-0.0085,0.6936,-0.1017,-0.982,-0.148,0.031,58,-23,147,159.6934563468397
125412,23941.0,115200,44,99360,-0.0085,0.6936,-0.1017,-0.985,-0.148,0.032,58,-23,148,160.61444517850816
125509,23931.0,115200,44,99357,-0.0085,0.6936,-0.1017,-0.985,-0.149,0.033,59,-23,148,160.97825940169685
125607,23941.0,115200,44,99357,-0.0085,0.6936,-0.1017,-0.986,-0.15,0.032,58,-24,146,158.92136420255144
125710,23931.0,115200,44,99354,-0.0085,0.6936,-0.1017,-0.983,-0.15,0.032,58,-23,147,159.6934563468397
125808,23931.0,115200,44,99354,-0.0085,0.6936,-0.1017,-0.985,-0.149,0.034,58,-23,146,158.7734234687909
125913,23941.0,115200,44,99358,-0.0085,0.6936,-0.1017,-0.983,-0.148,0.031,58,-23,148,160.61444517850816
126010,23931.0,115200,44,99353,-0.0085,0.6936,-0.1017,-0.985,-0.15,0.032,59,-23,147,160.0593639872407
126113,23931.0,115200,44,99353,-0.0087,0.6935,-0.1014,-0.936,-0.151,0.073,59,-22,146,159.0
126219,23931.0,115200,44,99355,-0.0126,0.6888,-0.098,-0.915,-0.155,0.074,61,-24,147,160.9534094078159
126318,23941.0,115200,44,99357,-0.0157,0.6821,-0.0932,-0.94,-0.14,0.118,58,-23,146,158.7734234687909
126419,23941.0,115200,44,99357,-0.0185,0.6738,-0.0877,-0.931,-0.129,0.077,61,-26,144,158.5339080449353
126511,23931.0,115200,44,99360,-0.0204,0.6667,-0.0808,-0.916,-0.043,0.205,60,-25,145,158.90248582070703
126613,23931.0,115200,44,99360,-0.0226,0.6613,-0.0702,-0.939,-0.116,0.131,62,-27,142,157.2800050864699
126710,23941.0,115200,44,99360,-0.0223,0.6576,-0.0586,-0.949,-0.081,0.115,64,-29,144,160.22796260328596
126810,23941.0,112320,44,99360,-0.0199,0.6558,-0.0469,-0.987,-0.096,0.093,64,-30,144,160.4119696282045
126910,23931.0,109440,44,99358,-0.0176,0.6554,-0.0364,-0.995,-0.045,0.119,64,-33,143,160.10621474508727
127010,23931.0,106560,44,99358,-0.0155,0.6567,-0.0271,-0.947,-0.027,0.047,66,-34,146,163.7925517232087
127112,23931.0,106560,44,99358,-0.0137,0.6595,-0.0192,-0.967,-0.031,0.062,67,-36,147,165.51132891738862
127210,23931.0,100800,44,99360,-0.0125,0.6637,-0.0123,-1.005,-0.059,0.071,68,-40,149,168.59715300087365
127309,23931.0,97920,44,99359,-0.012,0.6695,-0.0066,-0.969,-0.005,0.058,69,-40,153,172.53985046939155
127409,23931.0,95040,44,99361,-0.0131,0.6767,-0.0026,-1.069,-0.04,0.077,69,-43,154,174.1436188896969
127511,23931.0,92160,44,99361,-0.0172,0.6837,-0.0011,-1.039,-0.015,0.033,69,-45,159,179.07261097108068
127610,23931.0,89280,44,99361,-0.0227,0.6906,-0.0033,-1.056,-0.076,-0.004,67,-44,163,181.64250603864724
127712,23921.0,86400,44,99362,-0.0273,0.6963,-0.0105,-1.052,-0.062,0.039,66,-43,163,181.0359080403664
127810,23921.0,86400,44,99362,-0.0306,0.6999,-0.0172,-1.024,-0.091,0.027,65,-41,166,182.92621463311377
127914,23921.0,83520,44,99362,-0.0341,0.7022,-0.0203,-1.045,-0.111,0.016,64,-42,168,184.61852561430555
128010,23931.0,80640,44,99360,-0.0379,0.7026,-0.0216,-1.006,-0.09,0.005,64,-40,168,184.1738309315414
128110,23931.0,80640,44,99360,-0.0377,0.7022,-0.0219,-0.954,-0.044,0.008,65,-40,167,183.61372497719228
128210,23931.0,80640,44,99362,-0.0371,0.7022,-0.0213,-0.962,-0.066,-0.007,64,-40,167,183.26210737629316
128314,23931.0,80640,44,99363,-0.0349,0.7044,-0.0188,-0.966,-0.074,-0.023,65,-40,169,185.4346245985361
128411,23921.0,80640,44,99364,-0.0313,0.7077,-0.0154,-0.952,-0.04,-0.009,64,-40,170,186.0
128586,23921.0,77760,44,99364,-0.0272,0.7109,-0.0115,-1.03,-0.073,-0.014,63,-43,170,186.32766836946143
128619,23921.0,77760,44,99361,-0.0248,0.7123,-0.0092,-1.028,-0.052,-0.003,62,-43,173,188.73791352030997
128714,23931.0,74880,44,99361,-0.024,0.7123,-0.0084,-1.022,-0.06,-0.018,62,-43,173,188.73791352030997
128810,23931.0,74880,44,99361,-0.0237,0.7115,-0.009,-1.002,-0.016,-0.029,62,-43,171,186.9063936841113
128914,23931.0,74880,44,99362,-0.0235,0.7115,-0.0091,-0.996,-0.044,-0.016,62,-43,173,188.73791352030997
129018,23921.0,74880,44,99365,-0.0235,0.7117,-0.0091,-0.995,-0.051,-0.029,62,-44,173,188.9682513016406
129114,23921.0,74880,44,99365,-0.0234,0.7118,-0.0091,-1.003,-0.047,-0.025,48,-63,168,185.73368030596927
129215,23931.0,74880,44,99366,-0.0234,0.7119,-0.0091,-1.002,-0.04,-0.016,50,-60,169,186.1746491872618
129315,23921.0,74880,44,99366,-0.0234,0.712,-0.0091,-0.995,-0.045,-0.021,52,-60,170,187.62729012593024
129416,23921.0,74880,44,99368,-0.0234,0.712,-0.009,-0.994,-0.043,-0.02,53,-58,171,188.18607812481773
129514,23921.0,74880,44,99368,-0.0234,0.7121,-0.009,-0.996,-0.041,-0.018,55,-58,173,190.5728207274059
129615,23931.0,74880,44,99365,-0.0233,0.7121,-0.009,-0.998,-0.044,-0.019,57,-57,174,191.76548177396265
129711,23931.0,74880,44,99365,-0.0233,0.7121,-0.009,-0.995,-0.045,-0.019,59,-56,174,192.0755059865781
129809,23931.0,74880,44,99365,-0.0233,0.7121,-0.009,-0.996,-0.042,-0.017,59,-54,176,193.32097661661032
129909,23921.0,74880,44,99363,-0.0233,0.7121,-0.009,-0.999,-0.046,-0.017,61,-54,177,194.8486592204319
130005,23921.0,74880,44,99363,-0.0233,0.7121,-0.009,-0.997,-0.043,-0.019,62,-54,178,196.0714155607594
130110,23911.0,74880,44,99363,-0.0233,0.7121,-0.009,-0.995,-0.042,-0.02,64,-53,178,196.44083078627008
130209,23911.0,74880,44,99363,-0.0233,0.7121,-0.009,-0.997,-0.044,-0.019,64,-53,178,196.44083078627008
130315,23921.0,74880,44,99367,-0.0233,0.7121,-0.009,-0.997,-0.043,-0.019,64,-51,177,195.00256408570633
130414,23921.0,74880,44,99365,-0.0233,0.7121,-0.009,-0.997,-0.045,-0.018,64,-53,178,196.44083078627008
130515,23921.0,74880,44,99365,-0.0233,0.7121,-0.009,-0.997,-0.041,-0.019,65,-54,178,197.0406049523803
130618,23921.0,74880,44,99362,-0.0233,0.7121,-0.009,-0.998,-0.043,-0.02,64,-54,178,196.71298889498885
130711,23911.0,74880,44,99363,-0.0233,0.7121,-0.009,-0.998,-0.045,-0.018,65,-55,176,195.5147053292923
130811,23911.0,74880,44,99363,-0.0233,0.7121,-0.009,-0.998,-0.043,-0.018,64,-55,174,193.38303958723992
130911,23911.0,74880,44,99360,-0.0233,0.7121,-0.009,-0.995,-0.043,-0.019,64,-55,173,192.48376554920156
131010,23921.0,74880,44,99365,-0.0233,0.7121,-0.009,-0.997,-0.044,-0.02,65,-55,174,193.71628738957392
131110,23921.0,74880,44,99363,-0.0233,0.7121,-0.009,-0.996,-0.045,-0.019,63,-56,174,193.3416664870767
131210,23921.0,74880,44,99363,-0.0233,0.7121,-0.009,-0.997,-0.044,-0.021,64,-55,172,191.58549005600608
131310,23921.0,74880,44,99363,-0.0233,0.7121,-0.009,-0.999,-0.045,-0.018,63,-55,172,191.25375813301028
131410,23911.0,74880,44,99360,-0.0233,0.7121,-0.009,-0.996,-0.043,-0.02,63,-55,172,191.25375813301028
131510,23911.0,74880,44,99360,-0.0233,0.7121,-0.009,-0.996,-0.044,-0.017,62,-52,173,190.98952850876407
131610,23921.0,74880,44,99365,-0.0233,0.7121,-0.009,-0.997,-0.042,-0.02,63,-51,173,191.04711460788937
131710,23911.0,74880,44,99362,-0.0233,0.7121,-0.009,-0.997,-0.045,-0.018,64,-50,173,191.11514853616393
131811,23911.0,74880,44,99362,-0.0233,0.7121,-0.009,-0.996,-0.041,-0.019,64,-47,175,192.17179813906097
131915,23901.0,74880,44,99362,-0.0233,0.7121,-0.009,-0.995,-0.042,-0.021,64,-46,175,191.92967462067975
132010,23921.0,74880,44,99362,-0.0233,0.7121,-0.009,-0.997,-0.044,-0.017,61,-46,176,191.8671415328847
132110,23911.0,74880,44,99363,-0.0233,0.7121,-0.009,-0.993,-0.044,-0.021,61,-43,178,193.0129529332164
132210,23911.0,74880,44,99363,-0.0233,0.7121,-0.009,-0.998,-0.042,-0.019,61,-41,178,192.5772572242112
132310,23921.0,74880,44,99361,-0.0233,0.7121,-0.009,-0.997,-0.046,-0.018,61,-40,178,192.36683705878204
132410,23911.0,74880,44,99363,-0.0233,0.7121,-0.009,-0.999,-0.043,-0.02,61,-39,179,193.08806281072893
132510,23911.0,74880,44,99363,-0.0233,0.7121,-0.009,-0.997,-0.045,-0.017,60,-38,178,191.64550607827985
132613,23911.0,74880,44,99366,-0.0233,0.7121,-0.009,-0.996,-0.042,-0.019,58,-38,178,191.02879364116816
132710,23901.0,74880,44,99365,-0.0233,0.7121,-0.009,-0.998,-0.045,-0.019,57,-39,177,189.99736840282816
132810,23901.0,74880,44,99365,-0.0233,0.7121,-0.009,-0.996,-0.045,-0.017,56,-39,177,189.6997627831938
132910,23911.0,74880,44,99365,-0.0233,0.7121,-0.009,-0.996,-0.044,-0.02,53,-40,176,188.10901094843916
133010,23911.0,74880,44,99362,-0.0233,0.7121,-0.009,-0.997,-0.042,-0.022,63,-51,173,191.04711460788937
133110,23901.0,74880,44,99365,-0.0233,0.7121,-0.009,-0.996,-0.044,-0.019,50,-46,178,190.5255888325765
133211,23901.0,74880,44,99365,-0.0233,0.7121,-0.009,-0.996,-0.042,-0.02,44,-56,173,187.0855419320264
133318,23921.0,74880,44,99364,-0.0224,0.7118,-0.0096,-1.039,-0.07,-0.008,50,-45,177,189.3515249476486
133423,23901.0,74880,44,99362,-0.0197,0.7093,-0.0092,-1.047,-0.041,0.013,50,-44,177,189.1163662933486
133510,23901.0,77760,44,99362,-0.0172,0.7055,-0.0041,-1.057,-0.05,0.016,52,-46,177,190.12890364171355
133610,23901.0,77760,44,99366,-0.0114,0.7003,0.0034,-1.052,-0.058,-0.041,53,-46,175,188.547076349648
133710,23901.0,80640,44,99360,-0.0036,0.6942,0.0061,-1.07,-0.034,0.064,54,-47,172,186.30351580150065
133810,23921.0,86400,44,99363,0.0017,0.6876,0.0064,-1.047,-0.021,0.011,54,-47,170,184.45866745696716
133910,23921.0,86400,44,99363,0.0039,0.6809,0.0046,-1.045,-0.007,0.062,53,-46,165,179.3042107704111
134010,23901.0,89280,44,99361,0.0037,0.6743,0.0001,-1.026,0.009,0.051,55,-44,164,178.4852935118185
134112,23901.0,92160,44,99362,0.0006,0.6679,-0.0069,-1.025,0.059,0.131,55,-43,161,175.48504209761012
134210,23901.0,95040,44,99362,-0.005,0.6622,-0.0161,-1.002,0.006,0.089,55,-43,155,169.99705879808627
134306,23901.0,97920,44,99360,-0.0127,0.6574,-0.0275,-0.956,-0.009,0.096,57,-39,153,167.8660180024534
134410,23901.0,103680,44,99361,-0.0197,0.6547,-0.0393,-0.918,-0.036,0.104,54,-35,151,164.14018398917432
134511,23901.0,106560,44,99361,-0.0248,0.6546,-0.0507,-0.914,-0.052,0.117,54,-33,147,160.04374402018968
134615,23901.0,112320,44,99361,-0.0279,0.6566,-0.0616,-0.909,-0.035,0.129,53,-31,149,161.15520469410848
134716,23901.0,115200,44,99356,-0.0284,0.6604,-0.0719,-0.918,-0.12,0.08,53,-30,147,159.116309660575
134816,23901.0,115200,44,99360,-0.0262,0.6659,-0.0813,-0.923,-0.09,0.102,51,-29,146,157.34675084030175
134918,23901.0,115200,44,99360,-0.0218,0.6726,-0.0897,-0.936,-0.117,0.168,50,-26,149,159.30160074525304
135010,23901.0,115200,44,99358,-0.018,0.6805,-0.0947,-0.915,-0.135,0.056,48,-26,151,160.56462873248267
135112,23891.0,115200,44,99349,-0.0157,0.6874,-0.0997,-0.93,-0.15,0.106,48,-26,150,159.62455951387932
135237,23891.0,115200,44,99349,-0.0123,0.6903,-0.104,-0.92,-0.13,0.061,48,-25,152,161.3474511729268
135315,23891.0,115200,44,99350,-0.0104,0.6899,-0.1047,-0.984,-0.118,0.031,46,-24,152,160.61133210331082
135419,23891.0,115200,44,99355,-0.009,0.6899,-0.1071,-0.977,-0.165,0.041,47,-24,153,161.8456054392581
135514,23891.0,115200,44,99355,-0.002,0.6891,-0.1149,-0.991,-0.168,0.032,47,-23,154,162.64685671724493
135624,23891.0,115200,44,99353,0.0097,0.6877,-0.1281,-0.975,-0.16,0.045,47,-23,152,160.75447116643443
135714,23901.0,112320,44,99356,0.0267,0.6851,-0.1464,-0.987,-0.143,0.032,46,-21,152,160.19051157918187
135810,23891.0,109440,44,99352,0.0482,0.6804,-0.1699,-0.984,-0.134,0.046,46,-18,151,158.8741640418605
135910,23891.0,109440,44,99352,0.0702,0.6748,-0.1938,-0.982,-0.171,0.056,46,-16,151,158.66001386612822
136010,23891.0,106560,44,99353,0.0922,0.6686,-0.2175,-0.987,-0.116,0.057,46,-13,152,159.339260698674
136111,23901.0,106560,44,99358,0.1141,0.6617,-0.241,-0.985,-0.125,0.069,43,-12,150,156.50239614779065
136214,23901.0,106560,44,99358,0.1358,0.654,-0.2641,-0.984,-0.155,0.076,44,-9,150,156.5790535161073
136312,23901.0,103680,44,99358,0.1574,0.6455,-0.287,-0.986,-0.102,0.076,43,-6,148,154.23683088030563
136411,23901.0,100800,44,99360,0.178,0.6369,-0.3083,-0.98,-0.086,0.076,45,-4,148,154.74172029546526
136517,23901.0,100800,44,99360,0.199,0.6319,-0.3195,-0.983,-0.098,0.086,44,-2,147,153.45683432157722
136620,23891.0,97920,44,99356,0.2143,0.6285,-0.3261,-0.983,-0.091,0.093,41,-1,144,149.72641717479252
136714,23891.0,97920,44,99354,0.2234,0.6268,-0.3289,-0.98,-0.085,0.096,43,-1,145,151.24483462254173
136821,23881.0,97920,44,99357,0.2259,0.6267,-0.3288,-0.98,-0.123,0.091,42,0,144,150.0
136914,23881.0,97920,44,99357,0.2296,0.6258,-0.3327,-0.981,-0.125,0.092,43,0,144,150.28306624500314
137021,23901.0,97920,44,99359,0.2378,0.6224,-0.3415,-0.978,-0.114,0.095,43,0,144,150.28306624500314
137117,23881.0,95040,44,99354,0.2508,0.6164,-0.355,-0.98,-0.119,0.096,44,2,143,149.62954253756175
137222,23881.0,95040,44,99354,0.2684,0.6072,-0.3733,-0.979,-0.091,0.097,43,3,143,149.35528112524176
137314,23881.0,92160,44,99356,0.2886,0.5956,-0.3943,-0.982,-0.112,0.102,40,5,140,145.68802284333466
137419,23891.0,92160,44,99359,0.3084,0.5832,-0.415,-0.985,-0.055,0.101,41,7,139,145.08962747212496
137514,23891.0,92160,44,99357,0.3278,0.5701,-0.4353,-0.985,-0.059,0.106,40,9,135,141.088624630053
137619,23891.0,92160,44,99357,0.3469,0.5565,-0.4549,-0.982,-0.082,0.113,41,10,135,141.44256784999345
137714,23891.0,89280,44,99355,0.3657,0.5423,-0.4742,-0.986,-0.035,0.106,40,11,132,138.3654581172628
137823,23891.0,89280,44,99355,0.3842,0.5274,-0.4928,-0.98,-0.033,0.106,41,13,130,136.93063937629154
137915,23891.0,89280,44,99355,0.4023,0.5121,-0.5108,-0.983,-0.068,0.111,38,13,128,134.15289784421356
138020,23891.0,89280,44,99356,0.4198,0.496,-0.5285,-0.985,-0.013,0.105,39,13,127,133.48782716038193
138114,23891.0,92160,44,99359,0.437,0.4796,-0.5453,-0.98,-0.009,0.109,38,14,123,129.49517365523704
138219,23891.0,92160,44,99359,0.4538,0.4627,-0.5614,-0.984,-0.031,0.111,39,15,121,128.0117182136073
138314,23891.0,92160,44,99354,0.4703,0.4453,-0.5769,-0.985,-0.017,0.104,37,14,119,125.4033492375702
138410,23891.0,92160,44,99355,0.4863,0.4274,-0.5918,-0.987,0.02,0.102,38,16,116,123.10970717209916
138514,23891.0,92160,44,99355,0.5019,0.4092,-0.6058,-0.978,-0.01,0.095,36,14,113,119.41942890501528
138619,23891.0,92160,44,99355,0.5163,0.3902,-0.6198,-0.986,0.007,0.097,37,16,111,118.09318354587616
138709,23881.0,92160,44,99359,0.5308,0.3711,-0.6324,-0.987,0.04,0.092,36,14,109,115.64168798491312
138812,23871.0,92160,44,99358,0.5447,0.3516,-0.6444,-0.983,0.004,0.087,37,14,108,115.0173899895142
138914,23871.0,92160,44,99358,0.5581,0.3316,-0.6557,-0.986,0.023,0.082,36,13,105,111.75866856758807
139019,23871.0,92160,44,99353,0.571,0.3114,-0.6661,-0.989,0.061,0.081,36,13,104,110.81967334368028
139119,23891.0,92160,44,99359,0.5831,0.2907,-0.6759,-0.98,0.028,0.072,34,12,100,106.30145812734648
139222,23891.0,95040,44,99359,0.5938,0.2696,-0.6857,-0.987,0.048,0.062,36,11,98,104.9809506529637
139361,23871.0,97920,44,99356,0.6039,0.2483,-0.6946,-0.987,0.084,0.062,34,10,97,103.27148686835103
139424,23891.0,106560,44,99360,0.6132,0.2267,-0.7028,-0.982,0.034,0.056,35,9,95,101.64152694642088
139513,23871.0,109440,44,99355,0.622,0.2047,-0.7103,-0.988,0.055,0.046,33,8,93,99.0050503762308
139621,23871.0,115200,44,99355,0.63,0.1826,-0.717,-0.993,0.091,0.042,34,6,91,97.32933781753576
139715,23871.0,118080,44,99356,0.6374,0.1603,-0.7229,-0.985,0.052,0.033,33,5,89,95.05261700763424
139819,23881.0,120960,44,99359,0.6441,0.1377,-0.7279,-0.991,0.07,0.022,34,3,88,94.38749917229504
139913,23881.0,120960,44,99359,0.65,0.1152,-0.7322,-0.995,0.106,0.021,33,2,86,92.13576938409967
140024,23871.0,126720,44,99358,0.6553,0.0924,-0.7357,-0.985,0.046,0.012,34,0,86,92.47702417357512
140110,23871.0,126720,44,99359,0.6598,0.0695,-0.7384,-0.99,0.066,0.001,32,-1,84,89.89438247187641
140210,23871.0,129600,44,99354,0.6648,0.0465,-0.7391,-0.994,0.105,-0.004,33,-3,85,91.23047736365298
140310,23871.0,129600,44,99354,0.6679,0.0236,-0.7402,-0.986,0.057,-0.009,33,-5,82,88.53247991556545
140410,23881.0,126720,44,99360,0.6726,0.0005,-0.7383,-0.991,0.073,-0.023,33,-8,83,89.67719888578144
140511,23871.0,126720,44,99359,0.6763,-0.0225,-0.7358,-0.997,0.107,-0.028,33,-9,82,88.84818512496471
140610,23871.0,120960,44,99359,0.6782,-0.0454,-0.7335,-0.989,0.047,-0.035,33,-12,82,89.20201791439474
140712,23871.0,120960,44,99358,-0.6803,0.0683,0.7294,-0.994,0.062,-0.045,32,-14,81,88.20997676000147
140811,23871.0,118080,44,99359,-0.6818,0.0912,0.7244,-0.998,0.101,-0.051,33,-16,82,89.8276126811795
140910,23871.0,112320,44,99359,-0.6816,0.1138,0.7195,-0.99,0.048,-0.055,31,-16,80,87.27542609463445
141010,23871.0,106560,44,99358,-0.6814,0.1364,0.7131,-0.995,0.06,-0.071,32,-21,81,89.58794561770016
141110,23871.0,100800,44,99355,-0.6795,0.1585,0.7067,-0.998,0.096,-0.075,30,-20,81,88.66228059327146
141210,23871.0,92160,44,99357,-0.6768,0.1805,0.6997,-0.999,0.077,-0.078,32,-23,82,90.97801932335084
141307,23871.0,86400,44,99357,-0.6743,0.2026,0.6909,-0.998,0.064,-0.085,32,-25,81,90.60905032059436
141419,23871.0,77760,44,99355,-0.6709,0.2244,0.6815,-0.988,0.054,-0.088,31,-28,83,92.91931984253868
141516,23861.0,74880,44,99357,-0.666,0.2457,0.6721,-0.999,0.06,-0.097,32,-29,84,94.451045520947
141625,23861.0,66240,44,99357,-0.6609,0.2669,0.6615,-0.996,0.044,-0.103,33,-32,86,97.51410154434076
141714,23861.0,63360,44,99356,-0.655,0.2878,0.6502,-0.991,0.045,-0.105,31,-32,85,95.96874491208062
141819,23861.0,57600,44,99358,-0.6478,0.308,0.6388,-1.0,0.05,-0.113,33,-34,88,99.94498486667553
141913,23861.0,51840,44,99358,-0.6404,0.3283,0.6261,-0.998,0.025,-0.115,31,-36,87,99.12618221237013
142020,23881.0,46080,44,99356,-0.6322,0.348,0.6129,-0.993,0.016,-0.115,32,-38,91,103.6773842262622
142111,23871.0,40320,44,99355,-0.6226,0.3671,0.5997,-1.001,0.023,-0.123,34,-39,92,105.55093557141026
142220,23861.0,40320,44,99354,-0.6128,0.3849,0.5865,-0.999,0.026,-0.126,33,-41,94,107.73114684249862
142312,23861.0,40320,44,99354,-0.608,0.401,0.5725,-0.993,0.009,-0.123,34,-42,93,107.5592859775482
142423,23861.0,40320,44,99358,-0.6048,0.4129,0.5622,-0.998,0.008,-0.121,32,-43,96,109.9499886311954
142511,23871.0,40320,44,99358,-0.6043,0.4204,0.5552,-0.998,0.012,-0.122,33,-42,97,110.73391531053169
142616,23871.0,40320,44,99358,-0.6055,0.4231,0.5522,-0.996,-0.01,-0.121,33,-44,97,111.50784725749124
142712,23861.0,40320,44,99356,-0.6073,0.4236,0.5503,-0.997,-0.009,-0.121,33,-43,96,110.2451813005902
142817,23861.0,40320,44,99357,-0.6085,0.424,0.5489,-0.999,-0.012,-0.119,32,-43,98,111.70049238924598
142912,23861.0,40320,44,99357,-0.6095,0.4243,0.5478,-0.997,-0.011,-0.121,34,-43,97,111.41813137905338
143011,23861.0,40320,44,99356,-0.6101,0.4245,0.5471,-0.998,-0.01,-0.121,33,-43,97,111.11705539655016
143115,23861.0,40320,44,99359,-0.6107,0.4247,0.5465,-0.998,-0.011,-0.121,33,-42,98,111.61093136427094
143219,23861.0,40320,44,99359,-0.6111,0.4248,0.546,-0.997,-0.01,-0.122,32,-44,96,110.34491379306978
143322,23861.0,40320,44,99359,-0.6115,0.4249,0.5456,-0.998,-0.01,-0.122,33,-43,97,111.11705539655016
143520,23861.0,40320,44,99356,-0.6121,0.4251,0.5449,-0.998,-0.01,-0.123,32,-42,98,111.31936040060596
143610,23861.0,40320,44,99356,-0.6124,0.4251,0.5447,-0.944,-0.005,-0.157,33,-43,98,111.99107107265291
143711,23871.0,40320,44,99355,-0.616,0.4211,0.5458,-0.986,-0.006,-0.14,32,-42,96,109.5627673984187
143828,23851.0,40320,44,99357,-0.6222,0.4115,0.5513,-1.006,-0.001,-0.124,33,-42,95,108.98623766329398
143912,23861.0,40320,44,99354,-0.631,0.3982,0.5595,-0.996,0.0,-0.136,32,-40,93,106.17438485811914
144011,23861.0,40320,44,99354,-0.642,0.3805,0.5707,-0.995,-0.023,-0.113,34,-39,91,104.68046618161384
144110,23851.0,40320,44,99352,-0.6535,0.3597,0.5834,-1.011,-0.016,-0.12,33,-39,90,103.48912986396203
144310,23861.0,40320,44,99361,-0.6745,0.3179,0.6059,-0.993,-0.052,-0.127,34,-33,87,99.06563480844405
144411,23861.0,46080,44,99360,-0.6838,0.2966,0.6163,-0.999,-0.043,-0.109,33,-31,86,97.19053451854248
144512,23851.0,51840,44,99356,-0.6923,0.2749,0.6259,-0.998,0.023,-0.132,34,-28,85,95.73400649716902
144622,23851.0,54720,44,99356,-0.6999,0.2536,0.6347,-0.992,-0.048,-0.125,32,-27,82,92.07062506576132
144711,23851.0,60480,44,99355,-0.7068,0.232,0.6426,-0.993,-0.036,-0.114,33,-25,83,92.7523584605804
144811,23851.0,63360,44,99355,-0.713,0.2099,0.6497,-1.001,0.019,-0.119,32,-23,81,90.07774419910837
144910,23851.0,66240,44,99358,-0.7183,0.1876,0.6561,-1.002,-0.027,-0.11,33,-20,82,90.62560344626678
145011,23851.0,72000,44,99358,-0.7229,0.1655,0.6616,-1.002,-0.023,-0.126,33,-17,80,88.19297024139736
145111,23851.0,77760,44,99356,-0.7268,0.1434,0.6662,-0.995,0.049,-0.134,34,-17,81,89.47625383307015
145210,23861.0,77760,44,99360,-0.7297,0.1209,0.6702,-1.005,-0.011,-0.117,35,-12,80,88.14193099768123
145311,23861.0,80640,44,99360,-0.7319,0.0985,0.6732,-0.999,-0.001,-0.127,34,-13,82,89.71621926942753
145414,23861.0,83520,44,99358,-0.7334,0.0766,0.6753,-1.0,0.039,-0.122,34,-8,81,88.20997676000147
145510,23861.0,86400,44,99358,0.734,-0.0544,-0.6769,-0.985,-0.005,-0.12,35,-7,82,89.43153806124549
145710,23861.0,89280,44,99359,0.7327,-0.0099,-0.6776,-1.002,0.053,-0.109,36,-2,84,91.41115905621152
145810,23861.0,89280,44,99359,0.7308,0.0119,-0.6769,-1.005,0.021,-0.127,36,-1,85,92.31467922275417
145910,23861.0,89280,44,99358,0.7281,0.0336,-0.6754,-0.993,0.004,-0.101,37,1,86,93.6269192059634
146020,23861.0,89280,44,99358,0.7247,0.0553,-0.6731,-1.011,0.072,-0.129,35,3,86,92.89779329994872
146113,23851.0,86400,44,99351,0.7203,0.0767,-0.6702,-0.995,0.011,-0.095,37,6,88,95.65040512198576
146222,23861.0,86400,44,99356,0.7151,0.0978,-0.6666,-0.993,0.04,-0.11,37,7,90,97.5602378020882
146310,23861.0,86400,44,99356,0.7092,0.1188,-0.6624,-0.989,0.078,-0.11,39,9,91,99.41327879111522
146419,23851.0,80640,44,99358,0.7025,0.1399,-0.6573,-1.002,0.038,-0.095,36,9,93,100.1299156096718
146510,23861.0,77760,44,99363,0.6956,0.1613,-0.6511,-0.994,0.06,-0.106,39,12,96,104.31203190428226
146620,23861.0,77760,44,99363,0.6873,0.1813,-0.6449,-0.988,0.082,-0.097,37,13,95,102.77645644796284
146710,23851.0,74880,44,99358,0.6781,0.2014,-0.6381,-1.001,0.055,-0.092,39,13,99,107.19608201795435
146820,23841.0,74880,44,99358,0.6682,0.2214,-0.6305,-0.983,0.029,-0.084,39,15,101,109.30233300346336
146914,23851.0,74880,44,99358,0.6576,0.2408,-0.6223,-1.0,0.084,-0.069,40,16,104,112.5699782357623
147023,23851.0,74880,44,99358,0.6463,0.2597,-0.6135,-0.968,0.113,-0.079,40,17,104,112.7164584255556
147109,23861.0,74880,44,99363,0.6345,0.2786,-0.6041,-1.012,0.06,-0.061,40,18,109,117.49468073066116
147220,23861.0,74880,44,99361,0.6217,0.2972,-0.5941,-0.98,0.118,-0.069,39,19,110,118.2455073142316
147344,23861.0,74880,44,99361,0.6083,0.3154,-0.5833,-1.004,0.134,-0.044,41,19,113,121.7004519301387
147416,23861.0,77760,44,99363,0.5945,0.3331,-0.5722,-0.973,0.074,-0.053,40,19,115,123.23148948219364
147514,23861.0,77760,44,99364,0.5798,0.3509,-0.5604,-1.006,0.105,-0.034,41,19,118,126.35663813191611
147620,23861.0,80640,44,99362,0.5646,0.368,-0.548,-0.989,0.131,-0.032,41,20,119,127.4441053952673
147720,23861.0,80640,44,99362,0.5488,0.3847,-0.535,-1.003,0.052,-0.003,44,18,123,131.8673575984595
147825,23851.0,83520,44,99359,0.5323,0.4009,-0.5218,-0.988,0.107,-0.016,42,20,124,132.43866504914644
147915,23861.0,83520,44,99361,0.5153,0.4171,-0.508,-1.006,0.137,-0.005,45,19,128,137.00364958642524
148026,23861.0,86400,44,99361,0.4975,0.4327,-0.4935,-0.989,0.06,-0.004,43,18,130,138.10503249338888
148114,23851.0,86400,44,99353,0.4793,0.4477,-0.4787,-0.986,0.096,0.001,45,17,134,142.3727502017152
148219,23861.0,86400,44,99363,0.4608,0.4625,-0.4633,-0.996,0.099,0.013,45,17,135,143.3143398268296
148323,23861.0,86400,44,99363,0.4418,0.4768,-0.4478,-0.986,0.057,0.022,46,16,139,147.28543716199508
148419,23851.0,89280,44,99358,0.422,0.4907,-0.4315,-0.998,0.085,0.031,45,16,140,147.92227688891217
148515,23861.0,89280,44,99363,0.4017,0.5041,-0.4149,-0.976,0.087,0.024,47,14,145,153.0686120666154
148622,23861.0,89280,44,99360,0.3812,0.5171,-0.3982,-0.997,0.031,0.041,46,13,144,151.72672803431834
148714,23861.0,92160,44,99360,0.36,0.5296,-0.3809,-0.982,0.073,0.041,49,10,150,158.117045254457
148819,23861.0,92160,44,99363,0.3387,0.5413,-0.3633,-0.996,0.071,0.041,47,9,150,157.44840424723267
148915,23851.0,92160,44,99359,0.3168,0.5528,-0.3454,-0.963,0.015,0.048,49,7,156,163.6642905462276
149020,23851.0,92160,44,99359,0.2946,0.564,-0.3272,-1.002,0.077,0.054,48,3,156,163.24521432495348
149114,23851.0,92160,44,99357,0.2718,0.5744,-0.3087,-0.982,0.044,0.047,50,2,159,166.68833192518306
149220,23851.0,92160,44,99358,0.2489,0.5843,-0.2899,-0.991,-0.03,0.057,49,0,161,168.2914139223983
149313,23851.0,92160,44,99358,0.2259,0.5939,-0.2706,-0.986,0.033,0.053,50,-2,164,171.46428199482247
149411,23861.0,95040,44,99362,0.2028,0.603,-0.2512,-1.007,0.006,0.063,50,-7,164,171.59545448525145
149510,23861.0,95040,44,99363,0.1793,0.6114,-0.2314,-0.981,-0.03,0.057,51,-9,167,174.845646214025
149611,23861.0,95040,44,99365,0.1556,0.6195,-0.2111,-0.988,-0.055,0.059,51,-14,168,176.12779451296151
149712,23861.0,92160,44,99365,0.132,0.6269,-0.1909,-0.985,-0.008,0.05,51,-15,169,177.16376604712374
149811,23861.0,92160,44,99364,0.1081,0.634,-0.1703,-0.992,-0.025,0.04,52,-20,171,179.84715733088473
149909,23851.0,92160,44,99360,0.0842,0.6401,-0.1496,-0.985,-0.062,0.039,52,-21,172,180.91158061329295
150011,23851.0,89280,44,99360,0.0601,0.646,-0.1286,-0.999,-0.058,0.037,52,-26,172,181.55990746858183
150115,23851.0,89280,44,99363,0.0366,0.6528,-0.107,-0.993,-0.055,0.022,54,-29,173,183.53746211604863
150211,23861.0,89280,44,99363,0.0126,0.6576,-0.0858,-0.997,-0.09,0.044,52,-34,173,183.81784461798043
150318,23861.0,89280,44,99363,-0.0108,0.6616,-0.065,-0.996,-0.101,0.014,54,-38,173,185.17289218457435
150410,23851.0,86400,44,99360,-0.0289,0.665,-0.0488,-0.994,-0.111,0.023,53,-38,172,183.9483623194292
150515,23851.0,86400,44,99361,-0.0405,0.6737,-0.0364,-0.998,-0.087,0.0,55,-43,172,185.62866158004803
150611,23851.0,83520,44,99362,-0.047,0.6824,-0.0299,-1.036,-0.117,-0.011,53,-42,173,185.7471399510636
150710,23851.0,83520,44,99362,-0.0489,0.6842,-0.0296,-0.978,-0.106,-0.032,53,-42,173,185.7471399510636
150811,23851.0,83520,44,99360,-0.0486,0.6836,-0.0299,-0.968,-0.057,0.009,53,-40,174,186.23909364040625
150910,23851.0,83520,44,99363,-0.0458,0.6881,-0.0264,-0.947,-0.074,-0.032,53,-41,174,186.45642922677672
151020,23851.0,80640,44,99363,-0.0407,0.6965,-0.0209,-0.968,-0.067,-0.006,53,-41,174,186.45642922677672
151111,23851.0,80640,44,99360,-0.0352,0.7027,-0.0153,-1.002,-0.071,-0.003,53,-41,174,186.45642922677672
151218,23841.0,77760,44,99360,-0.0314,0.7057,-0.0117,-1.022,-0.06,0.006,51,-43,176,188.2179587605816
151310,23851.0,77760,44,99362,-0.0291,0.7072,-0.0094,-1.035,-0.057,-0.015,51,-44,176,188.4489320744482
151420,23851.0,77760,44,99362,-0.0285,0.7074,-0.0087,-1.019,-0.048,-0.015,49,-44,178,189.7919914011126
151510,23851.0,77760,44,99360,-0.0279,0.7069,-0.0094,-1.008,-0.002,0.001,50,-45,178,190.2866259094422
151613,23851.0,77760,44,99359,-0.0277,0.7073,-0.0092,-0.995,-0.042,-0.027,50,-45,177,189.3515249476486
151718,23851.0,77760,44,99359,-0.0274,0.7083,-0.0088,-0.993,-0.04,-0.01,50,-45,177,189.3515249476486
151820,23851.0,74880,44,99364,-0.0271,0.7088,-0.0085,-0.997,-0.049,-0.027,52,-43,178,190.36018491270696
151924,23851.0,74880,44,99362,-0.0268,0.7092,-0.0082,-1.002,-0.042,-0.02,49,-46,179,191.2014644295383
152022,23851.0,74880,44,99362,-0.0267,0.7096,-0.0081,-1.001,-0.043,-0.015,50,-46,180,192.3954261410598
152124,23851.0,74880,44,99362,-0.0266,0.7099,-0.0079,-0.996,-0.044,-0.019,53,-43,178,190.63577838380704
152216,23851.0,74880,44,99358,-0.0264,0.7101,-0.0077,-0.997,-0.043,-0.021,54,-41,178,190.4757202375148
152314,23851.0,74880,44,99360,-0.0263,0.7104,-0.0076,-0.997,-0.043,-0.018,55,-39,177,189.40696924875812
152416,23851.0,74880,44,99360,-0.0262,0.7105,-0.0075,-0.997,-0.044,-0.021,58,-38,176,189.16659324521336
152515,23841.0,74880,44,99360,-0.0261,0.7107,-0.0074,-0.996,-0.044,-0.016,59,-38,175,188.547076349648
152619,23851.0,74880,44,99365,-0.0261,0.7108,-0.0074,-0.997,-0.042,-0.018,61,-39,173,187.53932920856897
152715,23851.0,74880,44,99365,-0.026,0.711,-0.0073,-0.997,-0.042,-0.016,61,-38,173,187.3339264522046
152816,23841.0,74880,44,99363,-0.0259,0.7111,-0.0072,-0.997,-0.043,-0.017,62,-40,172,187.15768752578663
152910,23851.0,74880,44,99362,-0.0259,0.7111,-0.0072,-0.996,-0.045,-0.019,62,-42,170,185.76329023787235
153011,23851.0,74880,44,99362,-0.0259,0.7111,-0.0072,-0.996,-0.043,-0.019,64,-44,170,186.90104333577167
153110,23841.0,74880,44,99360,-0.0259,0.7111,-0.0072,-0.998,-0.043,-0.019,62,-45,171,187.3766260770003
153211,23841.0,74880,44,99358,-0.0259,0.7111,-0.0072,-1.0,-0.042,-0.019,63,-47,171,188.1993623793662
153411,23841.0,74880,44,99367,-0.0259,0.7111,-0.0072,-0.997,-0.044,-0.017,63,-51,171,189.2379454549219
153511,23841.0,74880,44,99360,-0.0259,0.7111,-0.0072,-0.999,-0.041,-0.018,62,-53,175,193.07511491644905
153611,23831.0,74880,44,99362,-0.0259,0.7111,-0.0072,-0.997,-0.044,-0.022,62,-55,175,193.6336747572591
153711,23831.0,74880,44,99362,-0.0259,0.7111,-0.0072,-0.996,-0.042,-0.018,62,-56,178,196.63163529808728
153811,23841.0,74880,44,99362,-0.0259,0.7111,-0.0072,-0.998,-0.044,-0.02,62,-57,178,196.91876497683
153911,23841.0,74880,44,99363,-0.0259,0.7111,-0.0072,-0.998,-0.043,-0.021,62,-57,180,198.72845795205075
154013,23851.0,74880,44,99365,-0.0259,0.7111,-0.0072,-0.996,-0.043,-0.022,63,-57,180,199.0427089847805
154187,23851.0,74880,44,99365,-0.0259,0.7111,-0.0072,-0.999,-0.042,-0.019,64,-58,180,199.64969321288729
154211,23841.0,74880,44,99365,-0.0259,0.7111,-0.0072,-0.998,-0.042,-0.019,64,-57,180,199.36148073286373
154311,23841.0,74880,44,99363,-0.0259,0.7111,-0.0072,-0.997,-0.041,-0.019,65,-55,180,199.12307751739877
154417,23841.0,74880,44,99363,-0.0259,0.7111,-0.0072,-0.997,-0.044,-0.021,65,-55,179,198.219575218998
154511,23841.0,74880,44,99366,-0.0259,0.7111,-0.0072,-0.996,-0.044,-0.017,66,-56,178,197.92928029980808
154611,23841.0,74880,44,99362,-0.0259,0.7111,-0.0072,-0.999,-0.044,-0.019,65,-54,176,195.23575492209412
154712,23841.0,74880,44,99362,-0.0259,0.7111,-0.0072,-0.996,-0.044,-0.023,65,-54,174,193.43474351832455
154811,23851.0,74880,44,99361,-0.0259,0.7111,-0.0072,-0.996,-0.044,-0.016,65,-54,172,191.637678967368
154911,23841.0,74880,44,99361,-0.0259,0.7111,-0.0072,-0.997,-0.045,-0.019,65,-53,170,189.56265454988755
155011,23851.0,74880,44,99363,-0.0259,0.7111,-0.0072,-0.997,-0.043,-0.02,63,-53,168,187.0882144871771
155111,23851.0,74880,44,99363,-0.0259,0.7111,-0.0072,-0.999,-0.046,-0.02,61,-55,166,185.2079911882854
155214,23841.0,74880,44,99361,-0.0259,0.7111,-0.0072,-0.998,-0.045,-0.02,60,-55,165,183.98369492974095
155312,23831.0,74880,44,99362,-0.0259,0.7111,-0.0072,-0.997,-0.044,-0.02,57,-56,164,182.43080880158377
155409,23831.0,74880,44,99362,-0.0259,0.7111,-0.0072,-0.999,-0.045,-0.019,55,-57,165,183.02732036502093
155511,23851.0,74880,44,99360,-0.0259,0.7111,-0.0072,-0.996,-0.042,-0.021,53,-57,165,182.43629024950053
155611,23841.0,74880,44,99361,-0.0259,0.7111,-0.0072,-0.998,-0.046,-0.017,50,-59,166,183.13110058097723
155711,23841.0,74880,44,99361,-0.0259,0.7111,-0.0072,-0.997,-0.044,-0.022,63,-53,171,189.78672240175283
155814,23841.0,74880,44,99363,-0.0259,0.7111,-0.0072,-0.997,-0.042,-0.021,52,-45,178,190.8219064992277
155912,23841.0,74880,44,99362,-0.0259,0.7111,-0.0072,-0.997,-0.043,-0.02,61,-40,176,190.5177157116891
156013,23841.0,74880,44,99360,-0.0259,0.7111,-0.0072,-0.995,-0.042,-0.019,62,-45,173,189.203594046202
156117,23841.0,77760,44,99360,-0.0259,0.7111,-0.0072,-1.039,-0.11,0.001,61,-45,171,187.04812215042415
156235,23841.0,74880,44,99364,-0.0234,0.7098,-0.0082,-1.045,-0.065,-0.01,61,-44,171,186.81006396872735
156310,23841.0,77760,44,99362,-0.0209,0.7064,-0.0047,-1.019,-0.012,-0.024,65,-47,173,190.69084928228727
156411,23841.0,77760,44,99362,-0.0164,0.7019,0.0026,-1.029,-0.024,-0.03,64,-46,170,187.38196284594736
156512,23841.0,80640,44,99360,-0.009,0.6961,0.0076,-1.05,-0.003,0.041,64,-48,167,185.17289218457435
156611,23841.0,83520,44,99365,-0.0026,0.6898,0.0086,-1.034,0.038,0.051,64,-47,168,185.81980518771405
156711,23841.0,86400,44,99365,0.0009,0.683,0.0077,-1.041,0.01,0.032,65,-46,164,182.31017525086196
156811,23841.0,89280,44,99363,0.002,0.6764,0.0046,-1.033,0.001,0.07,64,-46,159,177.46267213135275
156913,23831.0,92160,44,99360,0.0003,0.6699,-0.0011,-1.034,0.027,0.097,68,-45,157,176.91240770505613
157011,23841.0,95040,44,99361,-0.0043,0.6639,-0.0093,-1.071,-0.018,0.148,68,-43,154,173.7498201437918
157112,23841.0,97920,44,99361,-0.0114,0.6584,-0.0201,-0.995,0.004,0.14,66,-41,149,168.04166150095045
157211,23831.0,100800,44,99358,-0.019,0.6547,-0.0319,-0.96,-0.073,0.086,66,-38,147,165.55663683464942
157311,23831.0,106560,44,99359,-0.0249,0.6537,-0.0433,-0.954,-0.082,0.131,65,-36,144,162.0401184892186
157411,23831.0,109440,44,99359,-0.0286,0.6547,-0.0545,-0.926,-0.102,0.1,66,-33,142,160.0281225285106
157512,23841.0,112320,44,99358,-0.0303,0.6578,-0.0651,-0.948,-0.098,0.138,67,-32,142,160.2404443328837
157611,23831.0,115200,44,99357,-0.0295,0.6627,-0.075,-0.936,-0.122,0.062,64,-29,142,158.43295111813072
157711,23831.0,115200,44,99354,-0.0259,0.669,-0.0842,-0.955,-0.097,0.2,62,-27,142,157.2800050864699
157811,23831.0,115200,44,99354,-0.0212,0.6764,-0.0903,-0.958,-0.15,0.132,61,-26,144,158.5339080449353
157912,23831.0,115200,44,99355,-0.0188,0.6842,-0.0951,-0.903,-0.158,0.067,62,-27,143,158.18343781824947
158020,23831.0,115200,44,99355,-0.0159,0.6891,-0.0999,-0.924,-0.153,0.067,59,-26,145,158.6883738652583
158114,23831.0,115200,44,99355,-0.0127,0.6892,-0.1025,-0.931,-0.146,0.068,60,-26,147,160.88815991240622
158218,23831.0,115200,44,99356,-0.0126,0.6894,-0.1024,-0.997,-0.147,0.031,59,-25,146,159.44277970482077
158384,23841.0,115200,44,99361,-0.0123,0.69,-0.1021,-0.978,-0.148,0.032,60,-25,146,159.8155186457185
158416,23841.0,115200,44,99361,-0.0118,0.691,-0.1014,-0.984,-0.148,0.032,58,-25,146,159.07545379473223
158515,23841.0,115200,44,99362,-0.0115,0.6914,-0.1011,-0.991,-0.149,0.026,59,-26,146,159.6026315572522
158616,23831.0,115200,44,99354,-0.0112,0.6919,-0.1007,-0.979,-0.149,0.036,58,-25,147,159.99374987792493
158715,23831.0,115200,44,99354,-0.011,0.6923,-0.1004,-0.988,-0.145,0.029,61,-25,147,161.1055554597668
158821,23831.0,115200,44,99354,-0.0108,0.6925,-0.1003,-0.985,-0.147,0.031,58,-25,147,159.99374987792493
158915,23831.0,115200,44,99355,-0.0107,0.6928,-0.1001,-0.985,-0.15,0.035,58,-25,147,159.99374987792493
159017,23821.0,115200,44,99359,-0.0105,0.693,-0.0999,-0.987,-0.145,0.028,58,-24,145,158.00316452527144
159115,23821.0,115200,44,99359,-0.0105,0.6931,-0.0998,-0.983,-0.15,0.032,58,-25,147,159.99374987792493
159219,23821.0,115200,44,99356,-0.0104,0.6933,-0.0997,-0.985,-0.15,0.032,58,-25,146,159.07545379473223
159316,23821.0,115200,44,99358,-0.0103,0.6934,-0.0996,-0.987,-0.147,0.028,58,-25,147,159.99374987792493
159411,23821.0,115200,44,99358,-0.0102,0.6935,-0.0996,-0.984,-0.148,0.035,58,-24,146,158.92136420255144
159511,23821.0,115200,44,99358,-0.0102,0.6935,-0.0996,-0.986,-0.15,0.03,59,-25,146,159.44277970482077
159611,23821.0,115200,44,99360,-0.0102,0.6935,-0.0996,-0.985,-0.148,0.03,60,-25,146,159.8155186457185
159711,23831.0,115200,44,99360,-0.0102,0.6935,-0.0996,-0.986,-0.149,0.033,58,-25,147,159.99374987792493
159813,23831.0,115200,44,99360,-0.0102,0.6935,-0.0996,-0.986,-0.148,0.031,58,-25,146,159.07545379473223
159908,23821.0,115200,44,99358,-0.0102,0.6935,-0.0996,-0.984,-0.148,0.03,58,-25,147,159.99374987792493
160010,23831.0,115200,44,99356,-0.0102,0.6935,-0.0996,-0.984,-0.149,0.034,59,-25,147,160.3589723090043
160110,23831.0,115200,44,99356,-0.0102,0.6935,-0.0996,-0.985,-0.148,0.031,59,-25,146,159.44277970482077
160213,23821.0,115200,44,99357,-0.0102,0.6935,-0.0996,-0.984,-0.147,0.034,58,-24,147,159.84054554461454
160316,23821.0,115200,44,99358,-0.0102,0.6935,-0.0996,-0.985,-0.149,0.032,58,-25,147,159.99374987792493
160419,23821.0,115200,44,99358,-0.0102,0.6935,-0.0996,-0.985,-0.149,0.03,59,-26,146,159.6026315572522
160520,23831.0,115200,44,99358,-0.0102,0.6935,-0.0996,-0.984,-0.15,0.031,59,-24,147,160.20611723651504
160615,23821.0,115200,44,99359,-0.0102,0.6935,-0.0996,-0.984,-0.149,0.031,58,-25,147,159.99374987792493
160711,23821.0,115200,44,99359,-0.0102,0.6935,-0.0996,-0.986,-0.148,0.031,59,-24,147,160.20611723651504
160811,23821.0,115200,44,99359,-0.0102,0.6935,-0.0996,-0.985,-0.147,0.031,58,-25,147,159.99374987792493
160911,23821.0,115200,44,99357,-0.0102,0.6935,-0.0996,-0.985,-0.148,0.031,58,-24,146,158.92136420255144
161011,23821.0,115200,44,99355,-0.0102,0.6935,-0.0996,-0.985,-0.146,0.032,58,-25,146,159.07545379473223
161113,23821.0,115200,44,99355,-0.0102,0.6935,-0.0996,-0.985,-0.151,0.034,58,-24,147,159.84054554461454
161211,23821.0,115200,44,99359,-0.0102,0.6935,-0.0996,-0.986,-0.15,0.029,58,-24,146,158.92136420255144
161311,23811.0,115200,44,99353,-0.0102,0.6935,-0.0996,-0.986,-0.149,0.031,58,-25,146,159.07545379473223
161411,23821.0,115200,44,99358,-0.0102,0.6935,-0.0996,-0.984,-0.148,0.032,58,-24,147,159.84054554461454
161512,23821.0,115200,44,99358,-0.0102,0.6935,-0.0996,-0.984,-0.147,0.032,59,-25,146,159.44277970482077
161611,23811.0,115200,44,99354,-0.0102,0.6935,-0.0996,-0.986,-0.149,0.033,58,-26,145,158.31929762350515
161713,23811.0,115200,44,99357,-0.0102,0.6935,-0.0996,-0.983,-0.15,0.03,59,-26,147,160.51791177311023
161812,23811.0,115200,44,99357,-0.0102,0.6935,-0.0996,-0.984,-0.148,0.032,58,-23,147,159.6934563468397
161911,23811.0,115200,44,99357,-0.0102,0.6935,-0.0996,-0.984,-0.15,0.031,58,-26,147,160.15305179733542
162011,23811.0,115200,44,99356,-0.0102,0.6935,-0.0996,-0.985,-0.149,0.032,58,-25,146,159.07545379473223
162111,23811.0,115200,44,99356,-0.0102,0.6935,-0.0996,-0.983,-0.15,0.031,59,-24,147,160.20611723651504
162212,23821.0,115200,44,99357,-0.0102,0.6935,-0.0996,-0.984,-0.149,0.034,58,-25,146,159.07545379473223
162311,23821.0,115200,44,99361,-0.0102,0.6935,-0.0996,-0.984,-0.147,0.032,58,-25,147,159.99374987792493
162411,23811.0,115200,44,99358,-0.0102,0.6935,-0.0996,-0.984,-0.149,0.032,58,-25,147,159.99374987792493
162514,23811.0,115200,44,99358,-0.0102,0.6935,-0.0996,-0.985,-0.149,0.03,58,-25,146,159.07545379473223
162619,23801.0,115200,44,99359,-0.0102,0.6935,-0.0996,-0.984,-0.148,0.031,59,-24,146,159.2890454488318
162712,23811.0,115200,44,99357,-0.0102,0.6935,-0.0996,-0.986,-0.15,0.03,58,-25,147,159.99374987792493
162813,23811.0,115200,44,99357,-0.0102,0.6935,-0.0996,-0.984,-0.148,0.03,58,-26,147,160.15305179733542
162911,23811.0,115200,44,99361,-0.0102,0.6935,-0.0996,-0.986,-0.149,0.032,59,-25,147,160.3589723090043
163011,23821.0,115200,44,99360,-0.0102,0.6935,-0.0996,-0.986,-0.148,0.031,59,-24,147,160.20611723651504
163111,23821.0,115200,44,99360,-0.0102,0.6935,-0.0996,-0.986,-0.148,0.034,59,-25,146,159.44277970482077
163221,23821.0,115200,44,99362,-0.0118,0.6919,-0.0985,-0.918,-0.154,0.075,57,-25,146,158.7135784991316
163322,23811.0,115200,44,99362,-0.0154,0.6865,-0.0943,-0.919,-0.156,0.074,59,-24,146,159.2890454488318
163411,23811.0,115200,44,99362,-0.0182,0.6787,-0.089,-0.89,-0.153,0.064,60,-27,143,157.4102919125684
163512,23811.0,115200,44,99362,-0.0208,0.6709,-0.0833,-0.96,-0.124,0.108,62,-26,144,158.92136420255144
163611,23801.0,115200,44,99354,-0.0229,0.6642,-0.0751,-0.939,-0.102,0.141,63,-27,143,158.5780564895408
163711,23811.0,115200,44,99358,-0.0244,0.6593,-0.0638,-0.948,-0.096,0.092,63,-30,142,158.21820375671064
163813,23811.0,115200,44,99358,-0.0232,0.6563,-0.052,-0.967,-0.106,0.144,64,-31,143,159.70597985047397
163913,23811.0,112320,44,99357,-0.0209,0.655,-0.0406,-0.973,-0.038,0.117,65,-33,143,160.50856674956637
164011,23811.0,109440,44,99360,-0.0187,0.6551,-0.0306,-0.971,-0.051,0.098,65,-34,145,162.4992307674101
164108,23811.0,106560,44,99360,-0.0166,0.6566,-0.0217,-0.973,-0.01,0.165,67,-37,147,165.731710906513
164211,23811.0,103680,44,99360,-0.0149,0.66,-0.0139,-1.014,-0.026,0.145,67,-39,145,164.42323436789582
164311,23811.0,97920,44,99362,-0.0141,0.6648,-0.0075,-0.999,-0.041,0.108,67,-40,151,169.97058569058353
164411,23811.0,97920,44,99362,-0.0141,0.6712,-0.0024,-1.027,-0.016,0.071,68,-43,154,173.7498201437918
164515,23811.0,92160,44,99362,-0.016,0.6783,0.0008,-1.02,-0.024,0.039,70,-44,157,177.44013074837383
164615,23811.0,89280,44,99364,-0.021,0.6854,0.0015,-1.045,-0.095,-0.06,69,-46,160,180.21376196062275
164720,23801.0,86400,44,99362,-0.0264,0.692,-0.0028,-1.011,-0.078,-0.009,67,-45,161,180.09719598039277
164824,23801.0,86400,44,99362,-0.0304,0.6971,-0.0105,-1.062,-0.093,0.036,65,-44,166,183.6218941194105
164913,23811.0,83520,44,99362,-0.0338,0.7001,-0.0159,-1.041,-0.104,-0.002,65,-42,166,183.15294155431957
165026,23801.0,83520,44,99361,-0.0372,0.7019,-0.0177,-1.026,-0.11,0.015,64,-43,166,183.0327839486686
165111,23811.0,83520,44,99363,-0.0395,0.702,-0.0188,-0.979,-0.117,0.003,65,-41,167,183.83416439824236
165211,23811.0,83520,44,99363,-0.0393,0.7015,-0.019,-0.975,-0.072,0.017,65,-41,168,184.74306482247175
165310,23811.0,83520,44,99364,-0.0382,0.7022,-0.0176,-0.95,-0.074,-0.018,65,-41,168,184.74306482247175
165421,23801.0,80640,44,99364,-0.0355,0.7051,-0.0149,-0.973,-0.051,0.001,64,-42,168,184.61852561430555
165513,23801.0,77760,44,99364,-0.0314,0.7088,-0.0109,-1.027,-0.068,-0.013,65,-43,170,187.0133685061044
165624,23801.0,77760,44,99365,-0.028,0.7113,-0.0077,-1.029,-0.06,0.005,64,-44,171,187.81107528577755
165715,23811.0,77760,44,99364,-0.0262,0.7121,-0.0059,-1.036,-0.06,-0.017,62,-44,172,188.05318396666408
165811,23811.0,77760,44,99364,-0.0259,0.7118,-0.0057,-1.019,-0.073,-0.059,62,-46,172,188.5311645325515
165912,23811.0,77760,44,99360,-0.0253,0.7113,-0.0063,-1.005,-0.039,-0.019,61,-46,172,188.20467581864165
166016,23811.0,77760,44,99362,-0.0253,0.7114,-0.0063,-0.995,-0.048,-0.037,61,-45,171,187.04812215042415
166117,23811.0,77760,44,99366,-0.0253,0.7116,-0.0063,-0.993,-0.037,-0.007,54,-59,174,191.50195821453107
166220,23811.0,77760,44,99366,-0.0253,0.7117,-0.0063,-0.991,-0.046,-0.02,56,-57,173,190.56232576246543
166315,23801.0,77760,44,99363,-0.0253,0.7117,-0.0063,-0.999,-0.047,-0.021,58,-55,175,192.39022844209111
166418,23801.0,77760,44,99360,-0.0253,0.7118,-0.0063,-1.0,-0.044,-0.016,59,-54,175,192.41101839551703
166517,23801.0,77760,44,99360,-0.0253,0.7118,-0.0063,-0.996,-0.047,-0.021,60,-54,176,193.62851029742495
166616,23811.0,77760,44,99360,-0.0253,0.7119,-0.0063,-0.997,-0.048,-0.023,62,-54,177,195.1640335717624
166715,23811.0,77760,44,99358,-0.0253,0.7119,-0.0063,-0.994,-0.041,-0.02,63,-53,178,196.1173118314648
166820,23811.0,77760,44,99358,-0.0253,0.712,-0.0062,-0.996,-0.043,-0.018,64,-53,177,195.5351630781533
166915,23801.0,77760,44,99365,-0.0252,0.712,-0.0062,-0.995,-0.041,-0.019,64,-53,177,195.5351630781533
167017,23801.0,77760,44,99362,-0.0252,0.7121,-0.0062,-0.996,-0.041,-0.022,66,-53,177,196.19887869200477
167111,23801.0,77760,44,99362,-0.0252,0.7121,-0.0062,-0.999,-0.044,-0.015,65,-54,176,195.23575492209412
167211,23801.0,77760,44,99362,-0.0252,0.7121,-0.0062,-0.997,-0.041,-0.018,65,-53,177,195.86474925315173
167311,23801.0,77760,44,99363,-0.0252,0.7121,-0.0062,-0.996,-0.045,-0.019,65,-54,175,194.3347627162984
167411,23801.0,77760,44,99364,-0.0252,0.7121,-0.0062,-0.997,-0.043,-0.019,65,-55,175,194.61500456028563
167515,23801.0,77760,44,99364,-0.0252,0.7121,-0.0062,-0.998,-0.047,-0.016,65,-55,174,193.71628738957392
167612,23791.0,77760,44,99361,-0.0252,0.7121,-0.0062,-0.997,-0.046,-0.02,65,-55,173,192.81856757065697
167713,23801.0,77760,44,99366,-0.0252,0.7121,-0.0062,-0.996,-0.042,-0.019,64,-56,172,191.8749592833833
167812,23801.0,77760,44,99364,-0.0252,0.7121,-0.0062,-0.996,-0.045,-0.02,64,-56,172,191.8749592833833
167911,23801.0,77760,44,99364,-0.0252,0.7121,-0.0062,-0.997,-0.043,-0.021,64,-55,172,191.58549005600608
168011,23801.0,77760,44,99363,-0.0252,0.7121,-0.0062,-0.996,-0.041,-0.02,64,-55,171,190.68822721919673
168112,23801.0,77760,44,99366,-0.0252,0.7121,-0.0062,-0.997,-0.045,-0.019,65,-53,172,191.35830266805775
168211,23801.0,77760,44,99366,-0.0252,0.7121,-0.0062,-0.997,-0.042,-0.017,64,-52,173,191.64811504421328
168312,23801.0,74880,44,99360,-0.0252,0.7121,-0.0062,-0.996,-0.042,-0.021,64,-50,174,192.0208322031753
168406,23801.0,74880,44,99364,-0.0252,0.7121,-0.0062,-0.998,-0.045,-0.018,64,-49,174,191.7628744048232
168511,23801.0,74880,44,99364,-0.0252,0.7121,-0.0062,-0.997,-0.045,-0.022,63,-46,175,191.59853861655623
168611,23811.0,74880,44,99370,-0.0252,0.7121,-0.0062,-0.998,-0.044,-0.019,63,-45,176,192.27584351654787
168713,23801.0,74880,44,99363,-0.0252,0.7121,-0.0062,-0.996,-0.043,-0.018,63,-43,177,192.73557014728755
168814,23801.0,74880,44,99367,-0.0252,0.7121,-0.0062,-0.998,-0.043,-0.019,62,-42,179,194.03350226185168
168919,23801.0,74880,44,99367,-0.0252,0.7121,-0.0062,-0.997,-0.044,-0.017,62,-41,177,191.9739565670302
169022,23791.0,74880,44,99359,-0.0252,0.7121,-0.0062,-0.997,-0.043,-0.022,61,-40,178,192.36683705878204
169111,23801.0,74880,44,99366,-0.0252,0.7121,-0.0062,-0.998,-0.042,-0.018,60,-39,178,191.84629264074923
169212,23801.0,74880,44,99366,-0.0252,0.7121,-0.0062,-0.997,-0.043,-0.019,58,-38,178,191.02879364116816
169311,23791.0,74880,44,99362,-0.0252,0.7121,-0.0062,-0.997,-0.043,-0.019,57,-39,178,190.9293062890032
169442,23791.0,74880,44,99363,-0.0252,0.7121,-0.0062,-0.997,-0.045,-0.017,55,-39,177,189.40696924875812
169511,23791.0,74880,44,99363,-0.0252,0.7121,-0.0062,-0.996,-0.044,-0.02,55,-40,176,188.68227261722285
169611,23801.0,74880,44,99367,-0.0252,0.7121,-0.0062,-0.996,-0.045,-0.018,54,-40,175,187.4593289223025
169713,23801.0,74880,44,99370,-0.0252,0.7121,-0.0062,-0.998,-0.044,-0.023,52,-43,175,187.5579910321072
169811,23791.0,74880,44,99364,-0.0252,0.7121,-0.0062,-0.996,-0.042,-0.021,51,-45,173,185.8897522726845
169911,23791.0,74880,44,99364,-0.0252,0.7121,-0.0062,-0.996,-0.043,-0.018,48,-46,171,183.4693434882242
170014,23801.0,74880,44,99363,-0.0252,0.7121,-0.0062,-0.997,-0.044,-0.021,63,-48,172,189.3594465560142
170112,23801.0,74880,44,99363,-0.0252,0.7121,-0.0062,-0.997,-0.044,-0.02,48,-46,176,188.13824704190267
170211,23801.0,74880,44,99363,-0.0252,0.7121,-0.0062,-0.997,-0.044,-0.018,45,-55,172,186.10212250267324
170315,23791.0,74880,44,99363,-0.0252,0.7121,-0.0062,-0.997,-0.043,-0.019,45,-54,174,187.66193007640095
170411,23791.0,74880,44,99361,-0.0252,0.7121,-0.0062,-1.004,-0.058,-0.014,49,-45,178,190.02631396730297
170517,23791.0,74880,44,99361,-0.0233,0.7111,-0.0074,-1.05,-0.07,-0.009,50,-46,176,188.65842149238927
170624,23801.0,77760,44,99368,-0.0209,0.7078,-0.0051,-1.042,-0.065,0.007,51,-46,178,190.7904609774818
170740,23781.0,77760,44,99361,-0.0174,0.7036,0.0015,-1.022,-0.027,0.009,51,-46,176,188.9259114044445
170811,23791.0,80640,44,99363,-0.0103,0.698,0.0077,-1.046,-0.018,-0.037,51,-47,172,185.4561942885705
170912,23791.0,86400,44,99363,-0.0032,0.6918,0.0094,-1.06,-0.027,0.051,53,-49,171,185.60980577544927
171012,23801.0,86400,44,99363,0.001,0.685,0.0088,-1.026,0.045,0.067,55,-48,168,183.17477992343817
171114,23781.0,89280,44,99359,0.0025,0.6784,0.0061,-1.032,0.04,0.06,53,-47,165,179.56335929136546
171212,23781.0,92160,44,99359,0.0013,0.6719,0.001,-1.044,0.041,0.137,54,-43,162,176.0937250443638
171311,23791.0,95040,44,99360,-0.0025,0.6656,-0.0068,-1.026,0.003,0.059,55,-42,159,173.40703561274557
171413,23791.0,97920,44,99360,-0.0092,0.6601,-0.0171,-0.993,-0.04,0.084,54,-41,153,167.34993277560645
171511,23791.0,103680,44,99362,-0.017,0.656,-0.0289,-0.924,-0.031,0.096,57,-40,150,165.37533068750005
171611,23791.0,106560,44,99362,-0.0234,0.6544,-0.0406,-0.949,-0.069,0.133,54,-35,148,161.38463371709216
171711,23791.0,112320,44,99357,-0.0275,0.655,-0.0517,-0.943,-0.096,0.12,53,-33,149,161.55184926208676
171813,23781.0,115200,44,99357,-0.0296,0.6577,-0.0624,-0.932,-0.123,0.111,52,-30,148,159.71224123403942
171916,23781.0,115200,44,99357,-0.0292,0.6624,-0.0723,-0.934,-0.128,0.114,50,-29,147,157.95568998931313
172011,23781.0,115200,44,99358,-0.0262,0.6684,-0.0817,-0.934,-0.113,0.085,51,-30,148,159.38946012832844
172112,23781.0,115200,44,99358,-0.0216,0.6756,-0.0887,-0.947,-0.158,0.101,50,-26,150,160.23732399163436
172211,23781.0,115200,44,99358,-0.0189,0.6837,-0.0935,-0.909,-0.139,0.081,46,-27,149,158.25928092848142
172311,23791.0,115200,44,99356,-0.0161,0.6895,-0.0983,-0.927,-0.141,0.07,47,-24,152,160.90059042775448
172421,23781.0,115200,44,99360,-0.0126,0.6904,-0.1018,-0.926,-0.138,0.075,47,-25,151,160.10933764150047
172510,23781.0,115200,44,99356,-0.0121,0.6902,-0.102,-1.0,-0.166,0.022,46,-25,152,160.7638018958248
172610,23781.0,115200,44,99356,-0.0089,0.69,-0.1065,-0.978,-0.164,0.039,46,-25,152,160.7638018958248
172716,23781.0,112320,44,99361,-0.0003,0.6893,-0.1162,-0.991,-0.18,0.034,46,-24,151,159.66527487215245
172824,23791.0,112320,44,99363,0.0135,0.6872,-0.1315,-0.986,-0.161,0.037,46,-22,152,160.32467059064865
172911,23791.0,109440,44,99363,0.0326,0.6841,-0.1521,-0.981,-0.15,0.046,46,-19,152,159.94061397906412
173014,23791.0,109440,44,99365,0.0547,0.6792,-0.1761,-0.987,-0.165,0.047,45,-17,151,158.47712768724702
173117,23791.0,106560,44,99358,0.0767,0.6734,-0.2,-0.982,-0.124,0.058,45,-15,151,158.27507700203466
173218,23791.0,106560,44,99358,0.0987,0.6669,-0.2236,-0.984,-0.124,0.062,44,-13,150,156.85981002156032
173321,23791.0,106560,44,99356,0.1205,0.6597,-0.2469,-0.984,-0.16,0.065,44,-10,151,157.59758881404247
173412,23791.0,103680,44,99357,0.1422,0.6517,-0.2701,-0.98,-0.103,0.075,42,-8,149,155.0129026887762
173512,23791.0,103680,44,99357,0.1638,0.6432,-0.2929,-0.989,-0.083,0.079,44,-5,148,154.483008774428
173631,23791.0,100800,44,99357,0.1832,0.6353,-0.3117,-0.98,-0.098,0.074,43,-3,147,153.18942522250026
173715,23781.0,97920,44,99357,0.2033,0.6314,-0.3202,-0.98,-0.094,0.088,43,-1,145,151.24483462254173
173821,23781.0,97920,44,99356,0.2163,0.6285,-0.3257,-0.981,-0.087,0.093,42,-1,146,151.92432326655268
173914,23781.0,97920,44,99356,0.2232,0.6274,-0.3271,-0.984,-0.081,0.093,42,-1,145,150.96357176484665
174022,23781.0,97920,44,99363,0.2248,0.6278,-0.3276,-0.98,-0.118,0.093,41,-1,146,151.65091493294725
174114,23781.0,97920,44,99364,0.2301,0.6259,-0.3332,-0.982,-0.109,0.093,43,0,145,151.24152868838638
174225,23771.0,97920,44,99355,0.2401,0.6215,-0.3439,-0.98,-0.106,0.092,42,0,143,149.04026301640775
174315,23771.0,95040,44,99355,0.2549,0.6144,-0.3593,-0.981,-0.107,0.097,42,2,143,149.05368160498418
174421,23781.0,92160,44,99355,0.274,0.604,-0.3792,-0.982,-0.111,0.096,41,4,140,145.9349170006959
174515,23781.0,92160,44,99357,0.294,0.592,-0.4003,-0.982,-0.063,0.1,41,5,140,145.96574940718114
174620,23781.0,92160,44,99357,0.3137,0.5794,-0.4208,-0.984,-0.064,0.105,41,8,136,142.2708684165525
174767,23781.0,92160,44,99357,0.3331,0.5662,-0.4409,-0.98,-0.099,0.104,40,9,135,141.088624630053
174821,23781.0,92160,44,99359,0.3521,0.5523,-0.4606,-0.982,-0.038,0.105,39,9,133,138.89204440859814
174914,23781.0,92160,44,99359,0.3707,0.5378,-0.4797,-0.986,-0.047,0.11,40,10,131,137.33535597216036
175021,23781.0,92160,44,99361,0.3888,0.5227,-0.4983,-0.981,-0.061,0.105,40,12,128,134.6402614376547
175114,23781.0,92160,44,99357,0.4069,0.5072,-0.5161,-0.983,-0.044,0.107,39,12,128,134.34656675925888
175220,23781.0,92160,44,99356,0.4242,0.491,-0.5336,-0.982,0.002,0.099,37,13,123,129.10073586157438
175317,23781.0,92160,44,99356,0.4411,0.4743,-0.5504,-0.979,-0.027,0.105,39,14,123,129.79214151866051
175424,23771.0,92160,44,99359,0.4576,0.4571,-0.5667,-0.983,-0.021,0.104,35,14,118,123.87493693237546
175514,23771.0,92160,44,99360,0.4733,0.4394,-0.5824,-0.985,0.012,0.099,38,14,118,124.75576139000556
175622,23771.0,92160,44,99360,0.4894,0.4214,-0.5969,-0.982,-0.018,0.101,37,14,113,119.7246841716444
175714,23781.0,92160,44,99361,0.5048,0.4029,-0.6108,-0.986,-0.002,0.097,38,14,112,119.09659944767525
175821,23781.0,95040,44,99360,0.5197,0.384,-0.6239,-0.985,0.036,0.089,36,15,108,114.82595525402782
175913,23781.0,95040,44,99360,0.5342,0.3647,-0.6363,-0.982,0.009,0.088,37,13,108,114.8999564838908
176023,23781.0,95040,44,99359,0.5473,0.3448,-0.6487,-0.986,0.022,0.087,35,13,105,111.44056711987784
176113,23791.0,92160,44,99361,0.5605,0.3248,-0.6597,-0.984,0.052,0.076,37,13,103,110.21342930877344
176223,23771.0,92160,44,99357,0.5732,0.3044,-0.6699,-0.983,0.015,0.077,34,11,101,107.1354283138869
176312,23771.0,95040,44,99357,0.5854,0.2836,-0.6793,-0.99,0.032,0.069,36,10,99,105.8158778255891
176421,23771.0,97920,44,99359,0.5959,0.2625,-0.6888,-0.989,0.072,0.058,34,10,97,103.27148686835103
176512,23771.0,106560,44,99357,0.6059,0.241,-0.6975,-0.985,0.039,0.058,36,9,96,102.92230079045066
176624,23771.0,109440,44,99357,0.6162,0.2194,-0.7046,-0.992,0.058,0.053,34,8,93,99.34284070832685
176712,23781.0,115200,44,99359,0.6257,0.1977,-0.7109,-0.987,0.092,0.04,35,6,92,98.6154146165801
176821,23771.0,118080,44,99361,0.6336,0.1756,-0.7173,-0.985,0.042,0.037,33,6,91,96.98453484963466
176912,23771.0,120960,44,99361,0.6408,0.1532,-0.723,-0.993,0.06,0.028,34,3,89,95.3205119583398
177009,23761.0,120960,44,99359,0.6473,0.1308,-0.7278,-0.989,0.099,0.02,33,1,85,91.18662182579196
177112,23771.0,123840,44,99362,0.6532,0.1081,-0.7318,-0.989,0.054,0.017,33,1,87,93.05374790947434
177211,23771.0,126720,44,99359,0.6583,0.0853,-0.735,-0.994,0.071,0.006,32,-2,84,89.91106717195609
177352,23771.0,126720,44,99359,0.6627,0.0626,-0.7374,-0.99,0.102,-0.002,33,-2,84,90.27181176868004
177415,23781.0,126720,44,99365,0.6663,0.0397,-0.739,-0.989,0.044,-0.002,31,-5,83,88.74119674649424
177518,23781.0,126720,44,99364,0.6691,0.0167,-0.7398,-0.997,0.065,-0.016,33,-7,82,88.66791979064357
177611,23781.0,126720,44,99364,0.6713,-0.0062,-0.7399,-0.995,0.107,-0.021,32,-9,81,87.55569655939013
177712,23771.0,120960,44,99359,0.6727,-0.0292,-0.7391,-0.988,0.055,-0.028,32,-11,82,88.70738413458037
177813,23771.0,120960,44,99359,-0.6733,0.0522,0.7375,-0.994,0.089,-0.039,32,-13,80,87.13782186857783
177915,23771.0,118080,44,99360,-0.6733,0.075,0.7351,-0.991,0.062,-0.04,31,-14,80,86.93100712634129
178013,23771.0,112320,44,99360,-0.6725,0.0978,0.7318,-0.996,0.094,-0.055,31,-17,81,88.37986195961159
178112,23771.0,106560,44,99362,-0.6709,0.1205,0.7279,-0.992,0.08,-0.063,32,-20,82,90.26627277117406
178212,23781.0,100800,44,99361,-0.6685,0.143,0.7232,-0.993,0.043,-0.06,31,-21,79,87.42425292789181
178312,23781.0,92160,44,99361,-0.6655,0.1654,0.7176,-0.999,0.081,-0.075,32,-24,82,91.23595782365636
178414,23761.0,86400,44,99359,-0.6617,0.1877,0.7112,-0.995,0.066,-0.082,31,-24,81,89.98888820293314
178512,23771.0,77760,44,99359,-0.6572,0.2096,0.7041,-0.995,0.043,-0.083,31,-27,83,92.62289133902053
178621,23771.0,74880,44,99359,-0.6522,0.2315,0.696,-1.0,0.068,-0.094,31,-28,84,93.81364506296512
178712,23771.0,66240,44,99356,-0.6462,0.253,0.6873,-0.995,0.047,-0.098,31,-31,85,95.63994981178108
178812,23771.0,63360,44,99358,-0.6396,0.2742,0.678,-0.998,0.02,-0.098,32,-33,86,97.51410154434076
178912,23771.0,57600,44,99356,-0.6322,0.2952,0.6678,-0.997,0.055,-0.112,32,-34,87,98.73702446397704
179021,23771.0,54720,44,99356,-0.6242,0.3159,0.6568,-0.997,0.036,-0.111,32,-36,88,100.31948963187564
179113,23761.0,46080,44,99359,-0.6155,0.3361,0.6452,-0.996,0.013,-0.115,32,-38,90,102.80077820717118
179212,23771.0,40320,44,99356,-0.6062,0.3561,0.6328,-0.999,0.036,-0.122,32,-39,89,102.30347012687302
179313,23771.0,40320,44,99356,-0.5961,0.3756,0.6198,-0.999,0.025,-0.122,33,-41,92,105.99056561788883
179411,23761.0,40320,44,99362,-0.5878,0.3929,0.6063,-0.996,0.002,-0.119,34,-42,95,109.2931836849856
179516,23771.0,40320,44,99359,-0.5932,0.4093,0.5838,-0.997,0.024,-0.124,33,-43,96,110.2451813005902
179623,23771.0,40320,44,99359,-0.5987,0.4207,0.5663,-1.0,-0.001,-0.12,33,-43,96,110.2451813005902
179711,23771.0,40320,44,99359,-0.6009,0.4259,0.5584,-0.999,0.008,-0.123,33,-43,96,110.2451813005902
179817,23771.0,40320,44,99356,-0.604,0.4263,0.5546,-0.998,-0.011,-0.121,32,-44,96,110.34491379306978
179912,23771.0,40320,44,99357,-0.6063,0.4262,0.552,-0.998,-0.01,-0.121,33,-45,97,111.90621073023604
180017,23771.0,40320,44,99357,-0.6079,0.4262,0.5503,-0.997,-0.012,-0.121,32,-43,96,109.9499886311954
180114,23761.0,40320,44,99360,-0.6091,0.4261,0.549,-0.998,-0.012,-0.121,33,-44,96,110.6390527797486
180220,23761.0,40320,44,99357,-0.6099,0.426,0.5481,-0.997,-0.011,-0.121,32,-44,96,110.34491379306978
180323,23761.0,40320,44,99357,-0.6105,0.426,0.5474,-0.998,-0.011,-0.122,32,-44,96,110.34491379306978
180420,23761.0,40320,44,99357,-0.6111,0.426,0.5467,-1.0,-0.01,-0.123,32,-43,97,110.82418508610834
180516,23771.0,40320,44,99359,-0.6115,0.4259,0.5462,-0.998,-0.011,-0.124,33,-44,96,110.6390527797486
180617,23761.0,40320,44,99357,-0.6119,0.4259,0.5458,-0.999,-0.011,-0.123,33,-44,96,110.6390527797486
180715,23761.0,40320,44,99357,-0.6122,0.4259,0.5455,-0.997,-0.011,-0.121,33,-44,96,110.6390527797486
180814,23761.0,40320,44,99359,-0.613,0.4252,0.5454,-0.918,-0.034,-0.167,32,-44,96,110.34491379306978
180911,23771.0,40320,44,99361,-0.6177,0.419,0.5481,-0.988,0.009,-0.109,33,-43,96,110.2451813005902
181011,23771.0,40320,44,99361,-0.6249,0.4079,0.5546,-1.004,-0.031,-0.124,33,-43,94,108.5080642164443
181111,23761.0,40320,44,99361,-0.6344,0.3932,0.5639,-0.991,-0.02,-0.132,33,-41,94,107.73114684249862
181212,23771.0,40320,44,99359,-0.6458,0.3739,0.5761,-0.992,-0.038,-0.112,33,-40,91,104.7377677822093
181311,23771.0,40320,44,99359,-0.6571,0.3531,0.5884,-1.0,0.016,-0.135,33,-40,90,103.87011119662864
181416,23751.0,40320,44,99353,-0.6677,0.3321,0.5998,-0.998,-0.042,-0.116,32,-37,90,102.43534546239398
181513,23761.0,46080,44,99357,-0.6774,0.3111,0.6107,-0.992,-0.03,-0.12,33,-34,87,99.06563480844405
181614,23761.0,51840,44,99359,-0.6864,0.2895,0.6208,-0.997,0.012,-0.116,31,-32,85,95.96874491208062
181720,23761.0,54720,44,99359,-0.6946,0.2679,0.63,-0.999,-0.046,-0.117,33,-30,86,96.87620966986684
181819,23761.0,60480,44,99359,-0.7018,0.2465,0.6386,-0.996,-0.037,-0.133,33,-29,83,93.9095309327014
181912,23761.0,63360,44,99360,-0.7085,0.2248,0.6461,-0.992,0.028,-0.126,33,-27,83,93.31130692472377
182012,23761.0,66240,44,99360,-0.7142,0.2024,0.6532,-0.998,-0.03,-0.132,33,-24,82,91.59148432032316
182111,23761.0,74880,44,99363,-0.7192,0.1802,0.6593,-0.992,-0.038,-0.108,33,-22,82,91.08786966440702
182212,23761.0,77760,44,99359,-0.7235,0.1582,0.6643,-1.002,0.039,-0.128,33,-20,81,89.7217922246318
182311,23761.0,77760,44,99359,-0.727,0.1358,0.6687,-0.991,-0.03,-0.115,33,-19,81,89.50418984606252
182412,23751.0,83520,44,99355,-0.7297,0.1132,0.6723,-1.011,-0.005,-0.111,33,-14,79,86.75252157718529
182511,23761.0,86400,44,99361,-0.7316,0.0911,0.675,-0.989,0.03,-0.13,34,-13,81,88.80315309717331
182612,23761.0,86400,44,99363,-0.7327,0.0689,0.677,-0.994,0.003,-0.114,34,-12,81,88.66228059327146
182713,23761.0,89280,44,99363,0.733,-0.0467,-0.6783,-0.985,-0.013,-0.133,35,-8,80,87.68694315575154
182812,23761.0,89280,44,99360,0.7324,-0.0241,-0.6788,-1.007,0.05,-0.113,34,-6,83,89.89438247187641
182911,23761.0,92160,44,99364,0.7309,-0.0023,-0.6786,-0.997,0.004,-0.117,35,-4,84,91.08786966440702
183012,23761.0,89280,44,99364,0.7287,0.0195,-0.6775,-0.994,0.019,-0.111,35,-2,83,90.09994450608724
183116,23761.0,89280,44,99364,0.7258,0.0411,-0.6757,-1.001,0.062,-0.118,36,0,86,93.23089616645332
183221,23761.0,89280,44,99362,0.722,0.0628,-0.6732,-1.006,0.025,-0.112,34,2,86,92.49864863877742
183316,23761.0,86400,44,99362,0.7172,0.0842,-0.6701,-0.999,0.033,-0.107,36,5,88,95.2102935611481
183424,23761.0,86400,44,99364,0.7118,0.1051,-0.6663,-0.987,0.069,-0.112,35,5,88,94.83670175622936
183516,23761.0,83520,44,99363,0.7055,0.1264,-0.6618,-1.019,0.115,-0.097,36,6,91,98.04590761474952
183621,23761.0,80640,44,99364,0.6985,0.1472,-0.6565,-0.99,0.018,-0.096,37,8,90,97.63708311906906
183717,23761.0,77760,44,99364,0.6908,0.1676,-0.6505,-0.996,0.073,-0.095,39,10,94,102.25947388873072
183821,23761.0,74880,44,99362,0.682,0.1876,-0.6442,-0.985,0.106,-0.085,39,12,95,103.39245620450264
183916,23751.0,74880,44,99362,0.6726,0.2078,-0.6371,-1.004,0.048,-0.094,39,13,99,107.19608201795435
184022,23751.0,74880,44,99362,0.6625,0.2276,-0.6292,-1.002,0.093,-0.067,39,14,99,107.32194556566704
184116,23761.0,74880,44,99366,0.6516,0.2468,-0.6209,-0.997,0.128,-0.084,40,14,102,110.4536101718726
184222,23761.0,74880,44,99364,0.64,0.2658,-0.6119,-0.983,0.047,-0.059,39,16,103,111.2924076476019
184320,23751.0,74880,44,99359,0.6278,0.2847,-0.6023,-1.002,0.102,-0.067,40,17,107,115.49025932952097
184427,23751.0,77760,44,99359,0.6147,0.3032,-0.592,-1.004,0.117,-0.041,40,17,109,117.34564329364768
184516,23761.0,77760,44,99364,0.6011,0.3213,-0.5812,-0.989,0.056,-0.054,40,18,113,121.2146855789347
184622,23751.0,80640,44,99360,0.5869,0.339,-0.5699,-0.99,0.103,-0.043,40,19,112,120.43670536842164
184716,23751.0,83520,44,99360,0.572,0.3566,-0.5579,-0.983,0.142,-0.049,41,19,118,126.35663813191611
184821,23761.0,83520,44,99363,0.5575,0.3749,-0.5446,-0.997,0.068,-0.025,41,19,119,127.29100518104175
184916,23761.0,83520,44,99364,0.5413,0.3915,-0.5316,-0.972,0.093,-0.027,43,19,122,130.7440247200613
185023,23761.0,86400,44,99364,0.5247,0.4078,-0.5181,-1.005,0.132,-0.016,43,19,125,133.54774427147768
185119,23751.0,86400,44,99358,0.5074,0.4238,-0.504,-0.992,0.053,0.008,43,19,128,136.35981812836215
185224,23751.0,86400,44,99360,0.4896,0.4394,-0.4893,-1.009,0.105,0.011,44,19,130,138.55323886506588
185316,23751.0,89280,44,99364,0.4712,0.4544,-0.4743,-0.974,0.11,0.008,45,17,133,141.43196244130957
185412,23751.0,89280,44,99364,0.4527,0.4689,-0.4589,-1.005,0.054,0.016,43,17,134,141.7533068397348
185516,23761.0,89280,44,99365,0.4333,0.4831,-0.443,-0.973,0.095,0.013,46,15,138,146.23611045155707
185609,23761.0,89280,44,99364,0.4133,0.497,-0.4264,-0.99,0.085,0.019,46,15,141,149.07045314213008
185712,23761.0,92160,44,99364,0.3931,0.5101,-0.4098,-0.978,0.047,0.038,46,13,144,151.72672803431834
185821,23761.0,92160,44,99363,0.3723,0.5231,-0.3928,-0.993,0.07,0.037,46,13,146,153.62616964566942
185916,23751.0,92160,44,99362,0.3512,0.5353,-0.3753,-0.995,0.077,0.043,48,10,149,156.85981002156032
186019,23751.0,92160,44,99362,0.3296,0.547,-0.3576,-0.977,0.014,0.048,46,9,152,159.0628806478746
186119,23761.0,92160,44,99362,0.3077,0.5584,-0.3395,-0.986,0.056,0.048,47,7,155,162.1203256843509
186224,23761.0,92160,44,99368,0.2853,0.5694,-0.3211,-0.997,0.056,0.059,47,5,156,163.00306745579974
186315,23751.0,92160,44,99359,0.2625,0.5795,-0.3025,-0.985,0.031,0.045,50,3,159,166.70332930088708
186431,23751.0,95040,44,99359,0.2396,0.5893,-0.2835,-0.986,-0.014,0.068,48,0,160,167.0449041425688
186512,23751.0,95040,44,99356,0.2166,0.5987,-0.2641,-0.99,-0.008,0.043,50,-1,162,169.54350474140847
186612,23751.0,95040,44,99362,0.1934,0.6076,-0.2445,-0.993,0.004,0.054,49,-6,163,170.3114793547399
186712,23751.0,95040,44,99362,0.1697,0.6158,-0.2245,-0.983,-0.041,0.045,51,-9,166,173.89077031286047
186814,23751.0,92160,44,99361,0.146,0.6237,-0.2041,-1.001,-0.036,0.05,50,-12,167,174.7369451489867
186912,23761.0,92160,44,99364,0.1225,0.6311,-0.1838,-1.001,-0.018,0.053,51,-15,169,177.16376604712374
187012,23761.0,92160,44,99364,0.0986,0.6377,-0.163,-0.988,-0.071,0.047,51,-19,171,179.45194342776006
187114,23741.0,89280,44,99358,0.0747,0.6437,-0.1423,-0.986,-0.028,0.037,51,-22,171,179.79432694053503
187212,23751.0,89280,44,99362,0.0506,0.6494,-0.1211,-0.984,-0.043,0.019,51,-25,171,180.186014995615
187312,23751.0,89280,44,99361,0.0272,0.6561,-0.0994,-1.0,-0.076,0.035,54,-30,172,182.75666882497063
187412,23751.0,89280,44,99361,0.0037,0.6616,-0.0774,-0.997,-0.073,0.023,51,-32,173,183.1775095365149
187512,23751.0,86400,44,99359,-0.0178,0.6654,-0.0582,-0.998,-0.07,0.014,54,-36,173,184.77283350103176
187612,23761.0,86400,44,99368,-0.0334,0.6724,-0.0432,-0.99,-0.067,0.015,53,-39,173,185.09186908127543
187717,23761.0,83520,44,99368,-0.0427,0.6855,-0.0324,-0.999,-0.1,0.011,52,-41,171,183.3739348980656
187812,23741.0,83520,44,99362,-0.0478,0.6885,-0.0292,-1.029,-0.122,0.008,52,-42,171,183.60010893242955
187914,23761.0,83520,44,99365,-0.0481,0.6896,-0.029,-0.972,-0.11,0.012,52,-41,173,185.2403843658288
188012,23761.0,83520,44,99366,-0.0478,0.6891,-0.029,-0.966,-0.083,-0.013,53,-41,173,185.52358340653083
188119,23761.0,83520,44,99366,-0.0446,0.693,-0.0252,-0.958,-0.057,-0.012,53,-43,172,185.04594024187617
188223,23751.0,80640,44,99365,-0.0391,0.7002,-0.0194,-0.966,-0.061,-0.028,51,-42,174,186.1209284309532
188313,23751.0,77760,44,99363,-0.0338,0.7053,-0.0142,-1.055,-0.055,-0.004,51,-44,176,188.4489320744482
188425,23751.0,77760,44,99363,-0.0307,0.7077,-0.0112,-1.033,-0.068,-0.013,51,-44,177,189.3832093930188
188516,23751.0,77760,44,99358,-0.0289,0.7086,-0.0094,-1.036,-0.063,-0.021,50,-45,178,190.2866259094422
188612,23761.0,77760,44,99369,-0.0287,0.7082,-0.0093,-1.0,-0.027,-0.078,50,-45,176,188.41709051994195
188714,23761.0,77760,44,99369,-0.0281,0.7078,-0.0099,-1.002,-0.056,-0.004,50,-44,176,188.18076416042103
188820,23751.0,77760,44,99363,-0.0277,0.7086,-0.0095,-1.004,-0.042,-0.012,50,-46,177,189.5916664835245
188916,23761.0,77760,44,99369,-0.0274,0.7091,-0.0091,-0.998,-0.04,-0.014,51,-45,177,189.6180371167258
189021,23741.0,77760,44,99361,-0.0271,0.7096,-0.0089,-0.992,-0.038,-0.016,43,-58,174,188.3852435834612
189116,23741.0,77760,44,99361,-0.0269,0.7099,-0.0086,-0.995,-0.044,-0.025,44,-57,176,190.16045856065872
189219,23751.0,77760,44,99362,-0.0267,0.7101,-0.0084,-0.999,-0.043,-0.02,44,-55,176,189.57056733575496
189417,23751.0,77760,44,99367,-0.0264,0.7107,-0.0081,-0.997,-0.043,-0.02,44,-50,179,190.98952850876407
189516,23741.0,77760,44,99360,-0.0263,0.7109,-0.008,-0.998,-0.046,-0.019,48,-48,179,191.4392854144624
189620,23751.0,77760,44,99365,-0.0262,0.711,-0.0079,-0.998,-0.043,-0.018,50,-46,179,191.4601786273062
189713,23751.0,77760,44,99365,-0.0261,0.7111,-0.0078,-0.997,-0.044,-0.022,51,-44,180,192.1900101462092
189807,23751.0,77760,44,99361,-0.026,0.7113,-0.0077,-0.994,-0.044,-0.02,54,-43,179,191.84889887617285
189916,23751.0,77760,44,99360,-0.026,0.7114,-0.0076,-0.997,-0.044,-0.019,54,-41,177,189.5415521726041
190015,23751.0,77760,44,99361,-0.0259,0.7115,-0.0076,-0.997,-0.044,-0.018,57,-39,176,189.06612599828665
190119,23751.0,77760,44,99361,-0.0259,0.7115,-0.0076,-0.996,-0.043,-0.019,59,-39,176,189.67867565965344
190217,23751.0,77760,44,99362,-0.0259,0.7115,-0.0076,-0.997,-0.042,-0.019,61,-38,175,189.1824516174796
190319,23751.0,74880,44,99364,-0.0259,0.7115,-0.0076,-0.995,-0.043,-0.018,61,-39,172,186.61725536509212
190412,23751.0,77760,44,99364,-0.0259,0.7115,-0.0076,-0.998,-0.042,-0.018,62,-39,171,186.02687977816535
190512,23751.0,77760,44,99360,-0.0259,0.7115,-0.0076,-0.998,-0.041,-0.02,62,-40,171,186.23909364040625
190612,23751.0,77760,44,99361,-0.0259,0.7115,-0.0076,-0.995,-0.042,-0.018,62,-42,170,185.76329023787235
190713,23741.0,77760,44,99365,-0.0259,0.7115,-0.0076,-0.998,-0.041,-0.019,62,-44,170,186.22566955175648
190812,23741.0,77760,44,99365,-0.0259,0.7115,-0.0076,-0.995,-0.043,-0.018,63,-46,171,187.95212156291296
190912,23751.0,77760,44,99366,-0.0259,0.7115,-0.0076,-0.997,-0.044,-0.019,63,-47,171,188.1993623793662
191012,23761.0,77760,44,99369,-0.0259,0.7115,-0.0076,-0.998,-0.044,-0.02,63,-50,172,189.87627550591992
191151,23761.0,74880,44,99369,-0.0259,0.7115,-0.0076,-0.998,-0.043,-0.016,63,-51,174,191.9531192765567
191213,23741.0,77760,44,99364,-0.0259,0.7115,-0.0076,-0.995,-0.043,-0.018,62,-54,174,192.44739540975863
191312,23751.0,77760,44,99365,-0.0259,0.7115,-0.0076,-0.997,-0.045,-0.017,61,-55,175,193.315803803
191412,23751.0,77760,44,99365,-0.0259,0.7115,-0.0076,-0.995,-0.041,-0.019,61,-57,178,196.60620539545545
191512,23751.0,74880,44,99364,-0.0259,0.7115,-0.0076,-0.998,-0.044,-0.02,62,-57,179,197.82315334661916
191612,23741.0,74880,44,99362,-0.0259,0.7115,-0.0076,-0.997,-0.044,-0.017,63,-57,180,199.0427089847805
191712,23751.0,77760,44,99364,-0.0259,0.7115,-0.0076,-0.996,-0.043,-0.019,63,-57,181,199.9474931075656
191812,23751.0,77760,44,99364,-0.0259,0.7115,-0.0076,-0.998,-0.044,-0.017,64,-57,179,198.4590637889839
191914,23741.0,77760,44,99364,-0.0259,0.7115,-0.0076,-0.996,-0.042,-0.019,64,-56,180,199.07787421006887
192012,23741.0,77760,44,99367,-0.0259,0.7115,-0.0076,-0.998,-0.044,-0.018,64,-56,179,198.1741658239035
192112,23741.0,77760,44,99367,-0.0259,0.7115,-0.0076,-0.996,-0.044,-0.02,66,-56,177,197.03045449879065
192213,23741.0,77760,44,99361,-0.0259,0.7115,-0.0076,-0.999,-0.045,-0.019,65,-54,177,196.13770672667712
192314,23741.0,77760,44,99369,-0.0259,0.7115,-0.0076,-0.998,-0.041,-0.02,65,-54,176,195.23575492209412
192412,23741.0,74880,44,99369,-0.0259,0.7115,-0.0076,-0.997,-0.044,-0.024,65,-53,174,193.15796644197724
192512,23741.0,74880,44,99365,-0.0259,0.7115,-0.0076,-0.995,-0.042,-0.019,65,-53,170,189.56265454988755
192613,23751.0,77760,44,99365,-0.0259,0.7115,-0.0076,-0.997,-0.044,-0.018,64,-52,167,186.24983221468952
192712,23751.0,77760,44,99364,-0.0259,0.7115,-0.0076,-0.995,-0.042,-0.019,62,-54,166,185.24578267804105
192812,23751.0,77760,44,99364,-0.0259,0.7115,-0.0076,-0.997,-0.044,-0.02,66,-54,177,196.4713719603953
192913,23741.0,77760,44,99367,-0.0259,0.7115,-0.0076,-0.995,-0.044,-0.019,49,-48,177,189.8262363320729
193012,23741.0,77760,44,99366,-0.0259,0.7115,-0.0076,-0.996,-0.044,-0.02,61,-39,174,188.46219780104445
193113,23741.0,74880,44,99366,-0.0259,0.7115,-0.0076,-0.996,-0.042,-0.019,62,-44,172,188.05318396666408
193212,23741.0,77760,44,99368,-0.0259,0.7115,-0.0076,-1.04,-0.109,0.004,62,-44,172,188.05318396666408
193325,23751.0,77760,44,99364,-0.0233,0.7101,-0.0085,-1.047,-0.064,-0.009,62,-44,171,187.13898578329423
193414,23751.0,77760,44,99364,-0.0208,0.7068,-0.0052,-1.02,-0.011,-0.022,63,-43,172,188.15419208723463
193512,23751.0,77760,44,99364,-0.0165,0.7024,0.002,-1.031,-0.027,-0.035,63,-46,170,187.0427758562196
193612,23741.0,80640,44,99364,-0.0091,0.6966,0.0073,-1.047,-0.002,0.044,64,-45,167,184.41800345953212
193714,23741.0,86400,44,99365,-0.0026,0.6903,0.0084,-1.037,0.035,0.055,66,-46,165,183.56742630434192
193814,23741.0,86400,44,99365,0.001,0.6835,0.0075,-1.036,0.016,0.029,66,-47,163,182.02747045432457
193915,23741.0,89280,44,99366,0.0021,0.6769,0.0044,-1.036,0.006,0.068,66,-44,159,177.6879286839711
194012,23751.0,92160,44,99364,0.0004,0.6704,-0.0013,-1.031,0.023,0.092,66,-43,156,174.75983520248582
194112,23751.0,95040,44,99364,-0.0042,0.6644,-0.0095,-1.066,-0.021,0.141,67,-41,152,171.09646401956996
194211,23741.0,97920,44,99360,-0.0114,0.6589,-0.0203,-0.992,0.014,0.143,67,-40,148,167.31108749870702
194312,23741.0,106560,44,99362,-0.019,0.6552,-0.0321,-0.957,-0.08,0.093,68,-37,146,165.2543494132605
194414,23741.0,106560,44,99364,-0.0248,0.6542,-0.0436,-0.954,-0.084,0.127,65,-33,144,161.40012391568973
194521,23741.0,112320,44,99364,-0.0286,0.6553,-0.0547,-0.926,-0.095,0.098,66,-31,143,160.51791177311023
194623,23741.0,115200,44,99360,-0.0302,0.6584,-0.0653,-0.944,-0.1,0.133,64,-30,143,159.51488958714793
194712,23741.0,115200,44,99357,-0.0293,0.6633,-0.0751,-0.938,-0.12,0.066,64,-27,142,158.07909412695912
194812,23741.0,115200,44,99357,-0.0258,0.6696,-0.0844,-0.933,-0.099,0.124,65,-27,144,160.28100324118265
194913,23731.0,115200,44,99357,-0.0211,0.6769,-0.0906,-0.954,-0.186,0.106,61,-25,144,158.3729774930054
195012,23741.0,115200,44,99360,-0.0186,0.6848,-0.0955,-0.916,-0.18,0.075,59,-26,145,158.6883738652583
195116,23741.0,115200,44,99360,-0.0157,0.6898,-0.1002,-0.931,-0.13,0.074,60,-24,147,160.57708429287163
195217,23741.0,115200,44,99357,-0.0123,0.6899,-0.1028,-0.929,-0.141,0.067,60,-24,147,160.57708429287163
195316,23731.0,115200,44,99353,-0.0122,0.6901,-0.1028,-0.996,-0.148,0.032,58,-24,147,159.84054554461454
195420,23741.0,115200,44,99362,-0.012,0.6905,-0.1025,-0.978,-0.149,0.031,57,-24,147,159.48040632002414
195516,23741.0,115200,44,99362,-0.0114,0.6915,-0.1018,-0.985,-0.15,0.031,59,-24,148,161.1241757155021
195617,23731.0,115200,44,99355,-0.0112,0.6918,-0.1016,-0.992,-0.149,0.028,58,-24,146,158.92136420255144
195716,23741.0,115200,44,99359,-0.0109,0.6922,-0.1013,-0.98,-0.15,0.036,58,-23,146,158.7734234687909
195819,23741.0,115200,44,99359,-0.0107,0.6926,-0.101,-0.988,-0.147,0.027,58,-25,147,159.99374987792493
195916,23741.0,115200,44,99361,-0.0106,0.6928,-0.1008,-0.985,-0.147,0.033,58,-23,146,158.7734234687909
196019,23741.0,115200,44,99357,-0.0104,0.693,-0.1006,-0.982,-0.149,0.033,57,-23,147,159.33298465791697
196117,23741.0,115200,44,99357,-0.0103,0.6932,-0.1005,-0.987,-0.145,0.031,59,-23,147,160.0593639872407
196220,23741.0,115200,44,99360,-0.0102,0.6934,-0.1003,-0.984,-0.148,0.03,58,-25,147,159.99374987792493
196316,23741.0,115200,44,99360,-0.01,0.6936,-0.1002,-0.984,-0.149,0.031,58,-25,147,159.99374987792493
196418,23751.0,115200,44,99359,-0.0099,0.6937,-0.1001,-0.987,-0.148,0.031,59,-23,147,160.0593639872407
196512,23751.0,115200,44,99359,-0.0099,0.6938,-0.1,-0.983,-0.147,0.033,59,-24,146,159.2890454488318
196612,23731.0,115200,44,99357,-0.0099,0.6938,-0.1,-0.985,-0.149,0.03,58,-24,145,158.00316452527144
196714,23731.0,115200,44,99358,-0.0099,0.6938,-0.1,-0.987,-0.148,0.031,58,-24,147,159.84054554461454
196812,23731.0,115200,44,99358,-0.0099,0.6938,-0.1,-0.982,-0.15,0.031,58,-24,146,158.92136420255144
196915,23741.0,115200,44,99359,-0.0099,0.6938,-0.1,-0.986,-0.149,0.033,59,-24,147,160.20611723651504
197011,23741.0,115200,44,99362,-0.0099,0.6938,-0.1,-0.986,-0.147,0.032,59,-24,147,160.20611723651504
197112,23721.0,115200,44,99357,-0.0099,0.6938,-0.1,-0.984,-0.15,0.033,58,-24,147,159.84054554461454
197212,23721.0,115200,44,99357,-0.0099,0.6938,-0.1,-0.985,-0.149,0.031,59,-23,147,160.0593639872407
197312,23741.0,115200,44,99363,-0.0099,0.6938,-0.1,-0.984,-0.15,0.032,59,-23,147,160.0593639872407
197412,23751.0,115200,44,99360,-0.0099,0.6938,-0.1,-0.986,-0.148,0.034,59,-24,147,160.20611723651504
197514,23751.0,115200,44,99360,-0.0099,0.6938,-0.1,-0.987,-0.146,0.029,58,-24,148,160.76069171286866
197612,23731.0,115200,44,99361,-0.0099,0.6938,-0.1,-0.984,-0.149,0.029,59,-23,147,160.0593639872407
197713,23741.0,115200,44,99360,-0.0099,0.6938,-0.1,-0.986,-0.148,0.031,58,-25,147,159.99374987792493
197815,23741.0,115200,44,99360,-0.0099,0.6938,-0.1,-0.985,-0.147,0.031,58,-23,146,158.7734234687909
197912,23731.0,115200,44,99359,-0.0099,0.6938,-0.1,-0.986,-0.149,0.034,59,-25,148,161.27616066858735
198014,23741.0,115200,44,99359,-0.0099,0.6938,-0.1,-0.984,-0.148,0.033,58,-25,147,159.99374987792493
198112,23731.0,115200,44,99359,-0.0099,0.6938,-0.1,-0.987,-0.149,0.031,58,-23,146,158.7734234687909
198213,23731.0,115200,44,99359,-0.0099,0.6938,-0.1,-0.984,-0.148,0.03,59,-23,147,160.0593639872407
198312,23741.0,115200,44,99364,-0.0099,0.6938,-0.1,-0.985,-0.149,0.032,58,-23,147,159.6934563468397
198417,23741.0,115200,44,99361,-0.0099,0.6938,-0.1,-0.985,-0.149,0.03,59,-23,147,160.0593639872407
198512,23741.0,115200,44,99361,-0.0099,0.6938,-0.1,-0.984,-0.147,0.033,58,-24,147,159.84054554461454
198614,23731.0,115200,44,99356,-0.0099,0.6938,-0.1,-0.983,-0.148,0.033,59,-24,148,161.1241757155021
198715,23731.0,115200,44,99356,-0.0099,0.6938,-0.1,-0.985,-0.149,0.032,58,-24,146,158.92136420255144
198820,23731.0,115200,44,99356,-0.0099,0.6938,-0.1,-0.984,-0.149,0.033,58,-23,147,159.6934563468397
198921,23731.0,115200,44,99357,-0.0099,0.6938,-0.1,-0.984,-0.148,0.032,59,-23,147,160.0593639872407
199013,23731.0,115200,44,99356,-0.0099,0.6938,-0.1,-0.985,-0.148,0.032,59,-23,147,160.0593639872407
199113,23731.0,115200,44,99355,-0.0099,0.6938,-0.1,-0.984,-0.149,0.031,59,-23,147,160.0593639872407
199213,23731.0,115200,44,99355,-0.0099,0.6938,-0.1,-0.986,-0.15,0.032,58,-24,147,159.84054554461454
199313,23741.0,115200,44,99363,-0.0099,0.6938,-0.1,-0.986,-0.148,0.031,59,-24,147,160.20611723651504
199412,23731.0,115200,44,99358,-0.0099,0.6938,-0.1,-0.985,-0.149,0.031,58,-24,147,159.84054554461454
199514,23731.0,115200,44,99358,-0.0099,0.6938,-0.1,-0.985,-0.15,0.033,58,-23,147,159.6934563468397
199612,23741.0,115200,44,99358,-0.0099,0.6938,-0.1,-0.983,-0.148,0.032,58,-23,147,159.6934563468397
199712,23731.0,115200,44,99356,-0.0099,0.6938,-0.1,-0.985,-0.149,0.03,59,-24,147,160.20611723651504
199812,23731.0,115200,44,99356,-0.0099,0.6938,-0.1,-0.984,-0.147,0.033,59,-24,148,161.1241757155021
199912,23741.0,115200,44,99358,-0.0099,0.6938,-0.1,-0.983,-0.149,0.032,59,-23,147,160.0593639872407
200013,23741.0,115200,44,99359,-0.0099,0.6938,-0.1,-0.986,-0.148,0.032,60,-23,147,160.4306703844374
200112,23731.0,115200,44,99357,-0.0099,0.6938,-0.1,-0.985,-0.149,0.031,58,-24,146,158.92136420255144
200212,23731.0,115200,44,99357,-0.0099,0.6938,-0.1,-0.986,-0.147,0.032,59,-23,147,160.0593639872407
200317,23731.0,115200,44,99358,-0.0115,0.6921,-0.0989,-0.914,-0.161,0.074,59,-24,147,160.20611723651504
200425,23731.0,115200,44,99356,-0.0152,0.6865,-0.0947,-0.926,-0.161,0.075,59,-23,146,159.14144651849813
200512,23731.0,115200,44,99356,-0.018,0.6789,-0.0896,-0.873,-0.147,0.056,59,-26,144,157.77515647274765
200613,23731.0,115200,44,99358,-0.0206,0.671,-0.0839,-0.963,-0.13,0.129,61,-25,145,159.28276742949942
200713,23731.0,115200,44,99358,-0.0227,0.6643,-0.0758,-0.943,-0.125,0.176,62,-27,143,158.18343781824947
200813,23731.0,115200,44,99360,-0.0243,0.6593,-0.0646,-0.953,-0.096,0.096,64,-29,143,159.3298465448329
200914,23731.0,115200,44,99360,-0.0231,0.6563,-0.0527,-0.966,-0.1,0.138,66,-30,143,160.3277892319357
201013,23731.0,112320,44,99359,-0.0207,0.655,-0.0413,-0.965,-0.032,0.111,66,-33,143,160.91612722160573
201113,23721.0,109440,44,99362,-0.0185,0.6551,-0.0314,-0.973,-0.044,0.108,69,-36,146,165.44787698849447
201212,23721.0,106560,44,99362,-0.0164,0.6567,-0.0225,-0.986,-0.008,0.175,68,-38,148,167.24831837719626
201312,23721.0,103680,44,99363,-0.0147,0.6601,-0.0147,-1.015,-0.037,0.14,66,-39,148,166.67633305301626
201412,23721.0,97920,44,99362,-0.014,0.6649,-0.0083,-1.003,-0.038,0.1,68,-39,152,171.02339021315183
201513,23721.0,97920,44,99362,-0.014,0.6713,-0.0032,-1.025,-0.007,0.064,67,-42,154,173.11556833514425
201615,23731.0,95040,44,99362,-0.0159,0.6784,-0.0,-1.018,-0.034,0.035,68,-42,157,176.17321022221284
201722,23721.0,92160,44,99366,-0.021,0.6855,0.0005,-1.043,-0.095,-0.055,68,-43,161,179.98333256165694
201813,23731.0,89280,44,99364,-0.0264,0.6921,-0.0039,-1.011,-0.071,-0.007,65,-43,163,180.6737390989626
201912,23731.0,86400,44,99364,-0.0304,0.6972,-0.0115,-1.06,-0.088,0.037,65,-41,166,182.92621463311377
202012,23721.0,86400,44,99364,-0.0338,0.7003,-0.0171,-1.04,-0.112,-0.005,65,-41,169,185.65290194338465
202117,23721.0,83520,44,99363,-0.0376,0.7021,-0.0194,-1.027,-0.114,0.015,65,-41,168,184.74306482247175
202208,23721.0,83520,44,99363,-0.0399,0.7022,-0.0204,-0.978,-0.117,0.004,65,-41,167,183.83416439824236
202312,23731.0,83520,44,99364,-0.0396,0.7017,-0.0206,-0.97,-0.077,0.014,65,-40,167,183.61372497719228
202413,23721.0,83520,44,99366,-0.0385,0.7022,-0.0191,-0.952,-0.065,-0.015,65,-41,168,184.74306482247175
202520,23721.0,80640,44,99366,-0.0356,0.7052,-0.0162,-0.968,-0.053,-0.003,65,-41,169,185.65290194338465
202609,23731.0,80640,44,99363,-0.0314,0.709,-0.0122,-1.034,-0.068,-0.018,64,-42,170,186.44033898274267
202711,23731.0,77760,44,99364,-0.0281,0.7115,-0.009,-1.027,-0.055,-0.002,62,-42,172,187.59530910979623
202813,23721.0,77760,44,99363,-0.0261,0.7123,-0.0071,-1.038,-0.061,-0.016,61,-45,171,187.04812215042415
202914,23721.0,77760,44,99363,-0.0258,0.7119,-0.0068,-1.019,-0.07,-0.073,62,-43,172,187.82172398314313
203017,23721.0,77760,44,99364,-0.0251,0.7114,-0.0075,-1.003,-0.047,-0.019,62,-44,171,187.13898578329423
203120,23721.0,77760,44,99366,-0.0251,0.7115,-0.0074,-0.994,-0.046,-0.034,61,-44,172,187.725863961256
203226,23721.0,77760,44,99366,-0.0251,0.7117,-0.0074,-0.993,-0.037,-0.01,65,-55,174,193.71628738957392
203330,23731.0,77760,44,99362,-0.0251,0.7118,-0.0074,-0.993,-0.047,-0.024,66,-56,173,193.44508264621257
203426,23721.0,77760,44,99362,-0.025,0.7118,-0.0073,-0.999,-0.045,-0.021,65,-56,172,192.21082175569617
203517,23721.0,77760,44,99362,-0.025,0.7119,-0.0073,-1.002,-0.044,-0.017,65,-57,171,191.6115862885123
203622,23731.0,77760,44,99362,-0.025,0.712,-0.0073,-0.996,-0.046,-0.023,65,-57,172,192.50454540088137
203718,23721.0,77760,44,99364,-0.025,0.712,-0.0073,-0.999,-0.047,-0.021,64,-55,171,190.68822721919673
203814,23721.0,77760,44,99366,-0.025,0.712,-0.0073,-0.996,-0.041,-0.019,64,-54,171,190.40220586957497
203913,23721.0,77760,44,99366,-0.025,0.712,-0.0073,-0.999,-0.042,-0.02,64,-53,172,191.02094126037596
204012,23721.0,77760,44,99366,-0.025,0.712,-0.0073,-0.994,-0.042,-0.022,64,-52,171,189.844673351664
204110,23711.0,77760,44,99361,-0.025,0.712,-0.0073,-0.995,-0.042,-0.021,62,-50,172,189.54682798717576
204213,23711.0,77760,44,99361,-0.025,0.712,-0.0073,-0.998,-0.043,-0.017,62,-47,173,189.68921951444685
204313,23721.0,77760,44,99366,-0.025,0.712,-0.0073,-0.998,-0.041,-0.017,64,-47,175,192.17179813906097
204413,23721.0,77760,44,99367,-0.025,0.712,-0.0073,-0.999,-0.046,-0.018,64,-44,175,191.4601786273062
204512,23721.0,77760,44,99362,-0.025,0.712,-0.0073,-0.998,-0.045,-0.017,62,-42,177,192.1900101462092
204616,23721.0,77760,44,99362,-0.025,0.712,-0.0073,-0.997,-0.045,-0.019,61,-40,177,191.44189719076647
204713,23721.0,77760,44,99363,-0.025,0.712,-0.0073,-0.997,-0.045,-0.018,61,-41,177,191.65333286953296
204813,23721.0,77760,44,99365,-0.025,0.712,-0.0073,-0.998,-0.042,-0.019,60,-40,179,192.97927349847703
204912,23721.0,77760,44,99365,-0.025,0.712,-0.0073,-0.996,-0.043,-0.02,59,-38,178,191.3347851280577
205013,23721.0,77760,44,99365,-0.025,0.712,-0.0073,-0.996,-0.043,-0.02,58,-39,179,192.16139050287913
205112,23721.0,77760,44,99361,-0.025,0.712,-0.0073,-0.997,-0.041,-0.021,58,-38,178,191.02879364116816
205213,23721.0,77760,44,99361,-0.025,0.712,-0.0073,-0.997,-0.041,-0.016,55,-39,177,189.40696924875812
205315,23721.0,77760,44,99365,-0.025,0.712,-0.0073,-0.998,-0.045,-0.019,52,-40,176,187.82971010998233
205413,23721.0,77760,44,99366,-0.025,0.712,-0.0073,-0.997,-0.044,-0.02,53,-41,175,187.38996771438968
205513,23731.0,77760,44,99367,-0.025,0.712,-0.0073,-0.998,-0.043,-0.016,51,-43,175,187.28320800328044
205614,23731.0,77760,44,99367,-0.025,0.712,-0.0073,-0.996,-0.044,-0.023,50,-45,173,185.61788706910764
205713,23721.0,77760,44,99363,-0.025,0.712,-0.0073,-0.996,-0.043,-0.021,48,-47,172,184.65372999211257
205813,23721.0,77760,44,99365,-0.025,0.712,-0.0073,-0.997,-0.043,-0.022,47,-50,171,184.2552577268828
205915,23721.0,77760,44,99365,-0.025,0.712,-0.0073,-0.998,-0.043,-0.019,46,-52,169,182.70467974302136
206013,23721.0,77760,44,99364,-0.025,0.712,-0.0073,-0.997,-0.044,-0.02,46,-54,170,184.2064059689565
206113,23701.0,77760,44,99363,-0.025,0.712,-0.0073,-0.998,-0.042,-0.021,46,-56,169,183.88311504866343
206213,23701.0,77760,44,99363,-0.025,0.712,-0.0073,-0.998,-0.044,-0.018,45,-59,169,184.57247898860763
206315,23721.0,77760,44,99366,-0.025,0.712,-0.0073,-0.994,-0.042,-0.02,45,-60,167,183.06829326784035
206418,23711.0,77760,44,99367,-0.025,0.712,-0.0073,-0.997,-0.046,-0.02,46,-62,168,184.88915598271305
206515,23721.0,77760,44,99363,-0.025,0.712,-0.0073,-1.0,-0.043,-0.021,47,-62,169,186.04838080456383
206613,23721.0,77760,44,99363,-0.025,0.712,-0.0073,-0.997,-0.045,-0.021,49,-61,168,185.32673849177831
206715,23711.0,77760,44,99363,-0.025,0.712,-0.0073,-0.997,-0.043,-0.02,49,-62,170,187.4699975996159
206813,23711.0,77760,44,99365,-0.025,0.712,-0.0073,-0.996,-0.044,-0.02,51,-62,171,188.90738471536787
206911,23711.0,77760,44,99365,-0.025,0.712,-0.0073,-0.995,-0.043,-0.019,53,-62,171,189.45711915892736
207012,23721.0,77760,44,99360,-0.025,0.712,-0.0073,-0.997,-0.043,-0.018,53,-62,171,189.45711915892736
207116,23721.0,77760,44,99365,-0.025,0.712,-0.0073,-0.997,-0.042,-0.019,61,-41,176,190.730175903028
207219,23711.0,77760,44,99363,-0.025,0.712,-0.0073,-0.997,-0.043,-0.02,47,-51,175,188.24186569411177
207354,23711.0,77760,44,99363,-0.025,0.712,-0.0073,-0.998,-0.042,-0.02,44,-55,172,185.86285266292455
207421,23711.0,77760,44,99362,-0.025,0.712,-0.0073,-0.996,-0.042,-0.019,50,-45,176,188.41709051994195
207511,23711.0,77760,44,99366,-0.0249,0.712,-0.0073,-1.038,-0.104,0.003,50,-45,178,190.2866259094422
207624,23711.0,77760,44,99366,-0.0226,0.7107,-0.0083,-1.049,-0.064,-0.007,51,-45,178,190.55183021949696
207713,23711.0,77760,44,99365,-0.0197,0.7076,-0.0047,-1.019,-0.009,-0.026,52,-46,177,190.12890364171355
207813,23711.0,77760,44,99362,-0.0153,0.7031,0.0025,-1.032,-0.039,-0.047,51,-47,174,187.3125729896421
207912,23711.0,80640,44,99362,-0.008,0.6974,0.0077,-1.049,0.008,0.052,52,-46,172,185.4831528737853
208013,23721.0,86400,44,99366,-0.0015,0.691,0.0087,-1.031,0.034,0.042,55,-48,170,185.0108104949546
208117,23711.0,86400,44,99363,0.0021,0.6843,0.0077,-1.044,0.013,0.039,54,-47,165,179.8610574860495
208221,23711.0,89280,44,99367,0.0032,0.6776,0.0046,-1.032,0.001,0.062,54,-46,164,178.6840787535364
208312,23711.0,92160,44,99367,0.0014,0.6712,-0.0012,-1.028,0.015,0.093,55,-43,159,173.65195075207188
208413,23711.0,95040,44,99361,-0.0032,0.6652,-0.0094,-1.072,-0.031,0.136,55,-42,155,169.74687036879354
208513,23711.0,97920,44,99365,-0.0104,0.6598,-0.0203,-0.995,0.016,0.154,57,-41,153,168.34191397272397
208613,23711.0,103680,44,99365,-0.0179,0.6563,-0.032,-0.956,-0.079,0.087,55,-36,150,163.77118183612157
208715,23721.0,106560,44,99365,-0.0237,0.6553,-0.0433,-0.951,-0.086,0.119,53,-33,148,160.6300096495048
208813,23711.0,112320,44,99359,-0.0274,0.6564,-0.0545,-0.934,-0.104,0.098,53,-31,148,160.23108312683902
208914,23711.0,115200,44,99359,-0.029,0.6596,-0.065,-0.931,-0.112,0.106,52,-30,148,159.71224123403942
209013,23711.0,115200,44,99359,-0.0283,0.6645,-0.0749,-0.937,-0.113,0.083,53,-30,147,159.116309660575
209113,23721.0,115200,44,99360,-0.0248,0.6708,-0.0841,-0.951,-0.095,0.155,50,-27,148,158.5339080449353
209213,23711.0,115200,44,99361,-0.0202,0.678,-0.0903,-0.957,-0.185,0.109,49,-27,150,160.09372255026116
209313,23711.0,115200,44,99361,-0.0177,0.6859,-0.0952,-0.906,-0.167,0.076,48,-26,150,159.62455951387932
209422,23701.0,115200,44,99362,-0.0149,0.6909,-0.1,-0.933,-0.13,0.073,48,-26,151,160.56462873248267
209586,23711.0,115200,44,99361,-0.0117,0.6907,-0.1027,-0.933,-0.143,0.069,46,-25,152,160.7638018958248
209623,23711.0,115200,44,99361,-0.0113,0.6908,-0.1031,-0.997,-0.167,0.032,47,-25,151,160.10933764150047
209713,23711.0,115200,44,99361,-0.0071,0.6904,-0.1089,-0.977,-0.167,0.033,47,-24,152,160.90059042775448
209823,23711.0,115200,44,99363,0.0025,0.6893,-0.1197,-0.982,-0.168,0.036,47,-22,152,160.61444517850816
209915,23711.0,115200,44,99363,0.0174,0.6871,-0.136,-0.991,-0.139,0.032,46,-22,153,161.27306036657208
210013,23711.0,112320,44,99357,0.0376,0.6834,-0.1578,-0.98,-0.122,0.044,46,-22,153,161.27306036657208
210113,23711.0,109440,44,99361,0.0597,0.6784,-0.1818,-0.99,-0.133,0.052,46,-18,153,160.77624202599088
210213,23711.0,109440,44,99358,0.0815,0.6724,-0.2055,-0.986,-0.163,0.057,44,-15,151,157.99367075930604
210321,23711.0,106560,44,99358,0.1035,0.6658,-0.2292,-0.981,-0.12,0.064,46,-13,151,158.38560540655203
210413,23711.0,106560,44,99363,0.1253,0.6584,-0.2525,-0.988,-0.118,0.07,43,-11,150,156.4288975860918
210513,23711.0,106560,44,99358,0.1469,0.6504,-0.2755,-0.981,-0.149,0.076,44,-8,149,155.56670594957006
210616,23711.0,103680,44,99358,0.1684,0.6417,-0.2982,-0.98,-0.082,0.081,43,-6,148,154.23683088030563
210713,23711.0,103680,44,99361,0.1884,0.6347,-0.3147,-0.986,-0.094,0.083,44,-4,148,154.45387661046257
210823,23711.0,100800,44,99359,0.2075,0.6308,-0.3223,-0.98,-0.102,0.089,43,-3,147,153.18942522250026
210915,23711.0,97920,44,99359,0.219,0.6282,-0.3271,-0.983,-0.091,0.092,42,-2,144,150.0133327407934
211018,23711.0,97920,44,99359,0.2248,0.6275,-0.3276,-0.983,-0.095,0.093,42,-1,145,150.96357176484665
211113,23711.0,97920,44,99359,0.2263,0.6272,-0.3292,-0.98,-0.119,0.092,42,-1,143,149.04361777681055
211218,23721.0,97920,44,99360,0.2327,0.6248,-0.3359,-0.981,-0.115,0.09,43,-1,145,151.24483462254173
211312,23721.0,97920,44,99360,0.2438,0.6199,-0.3475,-0.981,-0.099,0.092,43,0,145,151.24152868838638
211418,23711.0,97920,44,99363,0.2595,0.612,-0.364,-0.982,-0.092,0.093,44,1,145,151.53217480126128
211518,23711.0,95040,44,99365,0.2791,0.6008,-0.3847,-0.984,-0.075,0.101,43,4,142,148.42169652715873
211619,23711.0,92160,44,99365,0.299,0.5887,-0.4056,-0.983,-0.095,0.105,41,5,140,145.96574940718114
211720,23711.0,92160,44,99361,0.3187,0.5759,-0.426,-0.983,-0.089,0.105,41,6,139,145.04482065899492
211825,23711.0,92160,44,99361,0.3379,0.5625,-0.446,-0.987,-0.04,0.103,41,9,136,142.33060106667153
211912,23711.0,92160,44,99359,0.3568,0.5485,-0.4655,-0.978,-0.064,0.103,42,9,133,139.76408694654003
212029,23711.0,92160,44,99359,0.3754,0.5338,-0.4845,-0.984,-0.06,0.109,41,11,131,137.706209010342
212113,23711.0,92160,44,99363,0.3934,0.5187,-0.5029,-0.986,-0.023,0.104,39,12,130,136.25344032353826
212222,23701.0,92160,44,99361,0.4114,0.503,-0.5206,-0.978,-0.054,0.105,40,12,128,134.6402614376547
212313,23701.0,92160,44,99361,0.4286,0.4866,-0.538,-0.982,-0.039,0.109,40,13,126,132.83448347473634
212422,23701.0,92160,44,99363,0.4453,0.4698,-0.5547,-0.988,-0.001,0.106,39,14,123,129.79214151866051
212521,23711.0,92160,44,99357,0.4634,0.4528,-0.5692,-0.978,-0.021,0.099,39,14,121,127.89839717525784
212625,23711.0,92160,44,99357,0.4792,0.4349,-0.5848,-0.985,-0.008,0.101,38,13,118,124.6475029834132
212712,23701.0,95040,44,99360,0.4949,0.4168,-0.5992,-0.986,0.023,0.098,39,16,116,123.42204017111368
212822,23711.0,95040,44,99363,0.5096,0.3981,-0.6134,-0.98,-0.012,0.096,37,15,114,120.7890723534211
212913,23711.0,95040,44,99359,0.5244,0.3792,-0.6264,-0.982,0.003,0.092,38,16,111,118.41030360572512
213022,23711.0,95040,44,99359,0.5387,0.3598,-0.6386,-0.989,0.042,0.091,37,14,108,115.0173899895142
213113,23711.0,95040,44,99358,0.5517,0.3399,-0.6508,-0.979,0.016,0.081,37,13,108,114.8999564838908
213222,23711.0,95040,44,99359,0.5641,0.3196,-0.6622,-0.985,0.031,0.079,36,13,104,110.81967334368028
213321,23711.0,92160,44,99359,0.5758,0.299,-0.6729,-0.99,0.066,0.076,36,13,103,109.88175462741756
213426,23711.0,95040,44,99355,0.5878,0.2782,-0.6821,-0.981,0.027,0.066,36,12,99,106.02358228243376
213517,23711.0,97920,44,99361,0.5983,0.2569,-0.6914,-0.985,0.043,0.061,36,10,99,105.8158778255891
213681,23711.0,103680,44,99357,0.608,0.2354,-0.6999,-0.994,0.083,0.06,36,9,96,102.92230079045066
213717,23711.0,109440,44,99357,0.6171,0.2135,-0.7077,-0.982,0.051,0.047,35,7,94,100.54849576199535
213822,23711.0,115200,44,99362,0.6256,0.1914,-0.7147,-0.987,0.06,0.036,34,6,93,99.20181449953424
213918,23711.0,118080,44,99363,0.6332,0.1692,-0.7209,-0.994,0.098,0.036,35,7,91,97.7496803063826
214022,23711.0,120960,44,99363,0.6402,0.1468,-0.7263,-0.981,0.047,0.028,34,5,90,96.33794683301072
214117,23701.0,120960,44,99361,0.6478,0.1242,-0.7299,-0.989,0.059,0.019,34,3,89,95.3205119583398
214226,23701.0,123840,44,99363,0.6546,0.1016,-0.7326,-0.996,0.1,0.013,33,1,87,93.05374790947434
214317,23701.0,126720,44,99363,0.6608,0.0788,-0.7345,-0.988,0.053,0.005,34,0,85,91.54780172128658
214419,23711.0,126720,44,99360,0.6661,0.0559,-0.7357,-0.99,0.072,-0.004,34,-3,85,91.59694318043589
214520,23701.0,126720,44,99359,0.6706,0.0331,-0.7361,-0.985,0.08,-0.014,34,-4,85,91.63514609580758
214613,23701.0,126720,44,99363,0.6744,0.0102,-0.7357,-0.996,0.101,-0.02,33,-6,83,89.52094726934027
214712,23701.0,126720,44,99363,0.6781,-0.0128,-0.7339,-0.993,0.089,-0.028,32,-6,82,88.2269800004511
214826,23701.0,120960,44,99357,0.6811,-0.0357,-0.7312,-0.987,0.079,-0.031,32,-9,82,88.48163651289458
214912,23701.0,120960,44,99365,-0.6827,0.0586,0.7283,-0.996,0.093,-0.042,32,-12,82,88.83692925805124
215014,23701.0,118080,44,99365,-0.6842,0.0814,0.7239,-0.993,0.073,-0.051,32,-14,82,89.12911982062877
215117,23701.0,112320,44,99359,-0.685,0.1041,0.7188,-0.988,0.079,-0.057,32,-16,82,89.46507698538016
215212,23701.0,106560,44,99358,-0.6841,0.1265,0.7137,-0.998,0.087,-0.063,32,-18,81,88.9325587172662
215311,23701.0,100800,44,99358,-0.6832,0.1489,0.707,-0.996,0.072,-0.073,32,-20,81,89.35882720806042
215408,23701.0,92160,44,99358,-0.6816,0.1711,0.6996,-0.992,0.065,-0.073,31,-22,80,88.57200460642177
215519,23701.0,89280,44,99359,-0.6783,0.193,0.6922,-0.999,0.075,-0.085,32,-25,82,91.50409826887535
215614,23711.0,80640,44,99361,-0.6751,0.2148,0.6834,-0.998,0.055,-0.089,32,-26,81,90.89004345911604
215721,23711.0,77760,44,99361,-0.671,0.2362,0.6739,-0.992,0.054,-0.093,32,-28,84,94.14881836751856
215818,23701.0,69120,44,99357,-0.6655,0.2573,0.6643,-0.999,0.064,-0.104,32,-29,85,95.34149149242424
215919,23701.0,63360,44,99360,-0.6592,0.278,0.6541,-1.0,0.044,-0.106,30,-32,84,94.76286192385707
216021,23701.0,57600,44,99360,-0.6515,0.2981,0.6438,-0.991,0.034,-0.107,31,-34,85,96.65402216152208
216126,23701.0,54720,44,99359,-0.6445,0.3185,0.6314,-0.999,0.039,-0.113,32,-35,87,99.0858213873206
216226,23701.0,46080,44,99357,-0.6366,0.3384,0.6185,-0.999,0.016,-0.119,31,-37,88,100.36931802099684
216320,23701.0,40320,44,99357,-0.6274,0.3576,0.6056,-0.992,0.012,-0.122,32,-38,90,102.80077820717118
216413,23711.0,40320,44,99360,-0.6181,0.3767,0.5914,-1.002,0.042,-0.126,32,-40,92,105.29957264870546
216546,23691.0,40320,44,99356,-0.6122,0.3948,0.5763,-0.997,0.026,-0.121,32,-41,93,106.55515003977987
216613,23701.0,40320,44,99361,-0.6078,0.4085,0.5648,-0.998,0.009,-0.123,32,-42,95,108.6876257906115
216717,23701.0,40320,44,99361,-0.6059,0.4179,0.5565,-0.999,0.006,-0.126,33,-44,94,108.90821823902914
216819,23691.0,40320,44,99362,-0.6056,0.4225,0.5526,-0.999,0.002,-0.123,32,-43,97,110.82418508610834
216917,23701.0,40320,44,99359,-0.6074,0.4233,0.5506,-1.0,-0.009,-0.12,33,-44,97,111.50784725749124
217021,23701.0,40320,44,99359,-0.6087,0.4237,0.5491,-0.997,-0.012,-0.119,33,-44,97,111.50784725749124
217117,23701.0,40320,44,99361,-0.6096,0.424,0.548,-0.997,-0.01,-0.123,33,-43,97,111.11705539655016
217219,23691.0,40320,44,99360,-0.6104,0.4242,0.5472,-0.997,-0.011,-0.12,33,-43,96,110.2451813005902
217316,23701.0,40320,44,99359,-0.6109,0.4244,0.5466,-0.998,-0.012,-0.123,32,-43,96,109.9499886311954
217419,23701.0,40320,44,99359,-0.6114,0.4245,0.546,-0.998,-0.011,-0.121,32,-43,96,109.9499886311954
217517,23701.0,40320,44,99357,-0.6118,0.4247,0.5456,-0.998,-0.011,-0.123,33,-43,97,111.11705539655016
217619,23711.0,40320,44,99360,-0.6122,0.4248,0.5452,-0.998,-0.011,-0.121,33,-44,97,111.50784725749124
217718,23711.0,40320,44,99360,-0.6124,0.4249,0.5449,-0.999,-0.012,-0.123,32,-44,96,110.34491379306978
217821,23701.0,40320,44,99363,-0.6127,0.425,0.5446,-0.997,-0.012,-0.125,33,-44,97,111.50784725749124
217913,23701.0,40320,44,99359,-0.6143,0.4236,0.5447,-0.944,-0.012,-0.145,32,-43,97,110.82418508610834
218013,23701.0,40320,44,99359,-0.6196,0.416,0.5484,-0.997,0.003,-0.114,32,-43,97,110.82418508610834
218112,23711.0,40320,44,99362,-0.6272,0.4042,0.5555,-1.002,0.0,-0.121,33,-42,96,109.85900054160332
218222,23701.0,40320,44,99361,-0.6372,0.3886,0.5655,-0.995,-0.013,-0.131,31,-42,93,106.64895686315924
218317,23701.0,40320,44,99361,-0.6489,0.3685,0.578,-1.003,-0.049,-0.096,33,-40,91,104.7377677822093
218414,23701.0,40320,44,99361,-0.66,0.3477,0.5901,-0.992,-0.026,-0.139,32,-39,90,103.1746092796091
218516,23691.0,40320,44,99359,-0.6705,0.3267,0.6013,-0.999,0.015,-0.125,33,-36,88,100.6429331846007
218700,23701.0,46080,44,99357,-0.68,0.3057,0.612,-0.991,-0.046,-0.118,33,-34,87,99.06563480844405
218714,23701.0,51840,44,99357,-0.689,0.2839,0.622,-1.002,-0.021,-0.111,32,-33,85,96.63332758422428
218814,23701.0,54720,44,99363,-0.6969,0.2625,0.631,-0.998,0.01,-0.123,34,-30,83,94.57801012920498
218915,23701.0,57600,44,99360,-0.7041,0.241,0.6393,-1.008,-0.029,-0.121,32,-29,83,93.56281312572854
219028,23701.0,60480,44,99360,-0.7106,0.2191,0.6467,-0.988,-0.012,-0.135,33,-25,83,92.7523584605804
219117,23691.0,66240,44,99361,-0.7163,0.1968,0.6535,-1.011,0.03,-0.129,32,-23,82,90.97801932335084
219214,23701.0,69120,44,99361,-0.7211,0.1746,0.6594,-1.001,-0.016,-0.124,33,-21,82,90.85152722987104
219317,23701.0,74880,44,99360,-0.7253,0.1525,0.6643,-0.989,-0.012,-0.127,34,-17,81,89.47625383307015
219413,23701.0,77760,44,99360,-0.7286,0.1302,0.6685,-0.985,0.017,-0.131,34,-17,80,88.57200460642177
219514,23691.0,77760,44,99356,-0.7312,0.1077,0.6719,-1.0,-0.012,-0.122,34,-15,81,89.11789943664516
219612,23691.0,80640,44,99360,-0.7334,0.0852,0.674,-0.997,0.01,-0.128,34,-12,82,89.57678270623477
219710,23691.0,86400,44,99360,0.7344,-0.063,-0.6758,-0.984,0.035,-0.136,34,-9,81,88.30628516702534
219815,23701.0,86400,44,99359,0.7345,-0.0408,-0.6769,-1.0,0.004,-0.131,34,-7,84,90.89004345911604
219914,23701.0,86400,44,99363,0.7338,-0.0183,-0.6772,-1.005,0.038,-0.113,35,-5,83,90.21640649017228
220017,23701.0,89280,44,99363,0.7322,0.0033,-0.6767,-1.002,0.049,-0.134,36,-2,85,92.33092656309694
220118,23691.0,89280,44,99363,0.7299,0.0251,-0.6755,-0.982,-0.003,-0.112,35,-1,84,91.00549433962765
220222,23691.0,86400,44,99360,0.7269,0.0469,-0.6735,-1.01,0.018,-0.118,36,1,86,93.23625904121208
220323,23701.0,86400,44,99360,0.7229,0.0684,-0.6709,-0.993,0.062,-0.119,35,2,87,93.79765455489812
220425,23701.0,86400,44,99360,0.7186,0.0905,-0.6671,-1.003,0.096,-0.122,37,5,89,96.51424765287248
220517,23701.0,83520,44,99362,0.7136,0.1123,-0.6626,-0.97,0.003,-0.117,36,7,90,97.18538984847466
220632,23691.0,80640,44,99363,0.7073,0.1334,-0.6578,-0.996,0.083,-0.112,37,7,92,99.40824915468536
220717,23691.0,77760,44,99363,0.7002,0.1539,-0.6524,-0.988,0.107,-0.111,37,8,93,100.40916292848976
220823,23701.0,74880,44,99363,0.693,0.1752,-0.6457,-1.003,0.032,-0.087,37,10,96,103.36827366266692
220917,23701.0,74880,44,99359,0.6841,0.195,-0.6392,-0.985,0.086,-0.089,37,12,96,103.58088626768937
221022,23701.0,74880,44,99360,0.6748,0.2152,-0.6318,-1.016,0.109,-0.084,39,13,99,107.19608201795435
221117,23701.0,74880,44,99360,0.6645,0.2347,-0.6238,-0.987,0.038,-0.076,40,15,102,110.58480908334562
221222,23691.0,74880,44,99361,0.6536,0.2536,-0.6153,-0.992,0.12,-0.084,40,16,104,112.5699782357623
221318,23701.0,74880,44,99363,0.6419,0.2724,-0.6061,-0.983,0.108,-0.074,41,16,105,113.85077953180644
221425,23701.0,74880,44,99363,0.6296,0.2912,-0.5963,-1.008,0.064,-0.058,39,17,109,117.00854669638451
221517,23701.0,77760,44,99363,0.6165,0.3095,-0.5858,-0.996,0.095,-0.045,41,18,110,118.76447280226525
221622,23701.0,77760,44,99363,0.6029,0.3273,-0.5748,-0.983,0.112,-0.056,41,18,112,120.61923561356208
221717,23701.0,80640,44,99363,0.5886,0.345,-0.5633,-0.988,0.066,-0.042,41,19,115,123.55970216862778
221823,23701.0,83520,44,99365,0.5738,0.3624,-0.551,-0.995,0.128,-0.026,43,19,118,127.0196835140129
221916,23711.0,83520,44,99366,0.5583,0.3791,-0.5382,-0.995,0.132,-0.036,44,19,121,130.14607178090316
222022,23711.0,86400,44,99363,0.5421,0.3954,-0.525,-0.974,0.054,-0.013,44,19,123,132.0075755401939
222119,23711.0,86400,44,99363,0.5253,0.4116,-0.5115,-1.011,0.124,-0.01,42,19,126,134.16780537819048
222225,23701.0,86400,44,99363,0.5079,0.4273,-0.4972,-0.98,0.104,-0.008,44,19,128,136.67845477616433
222317,23691.0,89280,44,99363,0.49,0.4426,-0.4824,-0.994,0.044,0.008,44,18,132,140.29967925836468
222422,23691.0,89280,44,99363,0.4715,0.4574,-0.4674,-0.968,0.108,0.0,46,17,134,142.69197594819408
222518,23701.0,89280,44,99360,0.4528,0.4718,-0.4518,-1.001,0.095,0.007,45,17,136,144.25671561490648
222627,23701.0,89280,44,99363,0.4333,0.4858,-0.4359,-0.972,0.046,0.017,46,15,139,147.1801617066648
222717,23701.0,92160,44,99363,0.4132,0.4993,-0.4194,-0.986,0.093,0.026,46,14,141,148.9731519435633
222826,23691.0,92160,44,99364,0.3929,0.5123,-0.4027,-0.982,0.09,0.026,47,13,144,152.0328911781921
222917,23701.0,92160,44,99364,0.372,0.525,-0.3856,-0.998,0.021,0.049,48,12,147,155.1031914565268
223023,23701.0,92160,44,99365,0.3507,0.537,-0.3683,-0.98,0.017,0.041,48,10,150,157.81001235663092
223118,23701.0,92160,44,99365,0.3287,0.5487,-0.3506,-0.981,0.049,0.044,48,9,152,159.6527481755325
223223,23701.0,92160,44,99365,0.3068,0.5599,-0.3325,-1.003,0.026,0.052,48,7,155,162.4130536625674
223327,23701.0,92160,44,99361,0.2843,0.5706,-0.3142,-0.998,0.002,0.069,48,4,157,164.2224101637776
223425,23701.0,95040,44,99361,0.2613,0.5805,-0.2954,-0.988,0.038,0.056,49,1,159,166.38209038234854
223513,23691.0,95040,44,99362,0.2385,0.5902,-0.2765,-0.989,0.012,0.065,50,-1,162,169.54350474140847
223613,23691.0,95040,44,99359,0.2154,0.5995,-0.2571,-0.987,-0.018,0.058,50,-3,163,170.52272575818156
223713,23701.0,95040,44,99365,0.192,0.608,-0.2374,-0.989,0.009,0.058,51,-6,165,172.80624988697602
223813,23701.0,95040,44,99365,0.1683,0.6161,-0.2173,-0.992,-0.017,0.045,51,-10,167,174.8999714122332
223913,23691.0,92160,44,99362,0.1447,0.6238,-0.1971,-0.982,-0.05,0.052,52,-14,169,177.37248941140788
224013,23691.0,92160,44,99361,0.1209,0.631,-0.1766,-1.001,-0.011,0.057,51,-15,170,178.11793845651815
224116,23691.0,92160,44,99361,0.097,0.6374,-0.156,-0.991,-0.037,0.05,52,-20,171,179.84715733088473
224214,23701.0,89280,44,99363,0.0731,0.6432,-0.1352,-0.987,-0.071,0.046,52,-22,171,180.08053753806934
224317,23691.0,89280,44,99361,0.0489,0.6487,-0.114,-0.994,-0.042,0.037,53,-26,172,181.8488383245821
224428,23691.0,89280,44,99361,0.0249,0.6538,-0.093,-1.001,-0.054,0.039,53,-30,172,182.4636950190366
224523,23701.0,89280,44,99363,0.0007,0.658,-0.0716,-0.988,-0.11,0.015,52,-34,172,182.87700784953805
224613,23701.0,86400,44,99362,-0.02,0.6616,-0.0533,-0.988,-0.106,0.011,54,-39,172,184.44782460088817
224740,23691.0,86400,44,99365,-0.035,0.6671,-0.0397,-0.99,-0.088,-0.008,54,-39,172,184.44782460088817
224831,23691.0,86400,44,99365,-0.0439,0.6824,-0.0302,-1.02,-0.094,0.02,55,-43,172,185.62866158004803
224918,23701.0,83520,44,99362,-0.0482,0.6846,-0.0283,-1.03,-0.12,0.017,52,-41,174,186.1746491872618
225013,23691.0,83520,44,99363,-0.0481,0.6851,-0.0286,-0.972,-0.079,0.054,52,-42,173,185.46428227559073
225118,23691.0,83520,44,99363,-0.0472,0.6866,-0.0275,-0.965,-0.077,0.002,52,-41,174,186.1746491872618
225223,23701.0,83520,44,99363,-0.0429,0.6933,-0.0224,-0.968,-0.069,-0.022,52,-42,173,185.46428227559073
225318,23711.0,80640,44,99365,-0.0379,0.7006,-0.0173,-0.949,-0.045,-0.025,53,-43,175,187.83769589728257
225413,23711.0,80640,44,99365,-0.0329,0.705,-0.0124,-1.053,-0.067,-0.004,51,-43,176,188.2179587605816
225517,23701.0,77760,44,99370,-0.0302,0.707,-0.0097,-1.026,-0.049,-0.011,51,-44,176,188.4489320744482
225620,23691.0,77760,44,99362,-0.0289,0.7078,-0.0084,-1.033,-0.057,-0.021,51,-45,177,189.6180371167258
225714,23701.0,77760,44,99366,-0.0286,0.7071,-0.0086,-1.008,-0.003,0.021,50,-43,177,188.886209131318
225818,23701.0,77760,44,99366,-0.0282,0.7069,-0.0089,-1.001,-0.053,-0.008,49,-44,176,187.91753510516256
225918,23701.0,77760,44,99369,-0.0278,0.708,-0.0085,-1.003,-0.042,-0.015,50,-45,177,189.3515249476486
226019,23701.0,77760,44,99370,-0.0276,0.7086,-0.0082,-1.0,-0.04,-0.019,56,-40,177,189.9078724013304
226118,23701.0,77760,44,99370,-0.0274,0.7091,-0.008,-0.996,-0.042,-0.015,55,-41,179,191.69507035915137
226220,23701.0,77760,44,99370,-0.0272,0.7095,-0.0078,-0.993,-0.041,-0.017,58,-39,175,188.44097219023257
226318,23691.0,77760,44,99368,-0.027,0.7099,-0.0076,-0.997,-0.044,-0.023,58,-40,175,188.65047044733285
226419,23691.0,77760,44,99368,-0.0269,0.7101,-0.0074,-0.998,-0.043,-0.019,61,-38,174,188.257801963159
226521,23701.0,77760,44,99364,-0.0267,0.7104,-0.0073,-0.997,-0.043,-0.018,62,-39,173,187.8669742131384
226622,23701.0,77760,44,99369,-0.0267,0.7106,-0.0072,-0.996,-0.044,-0.021,61,-40,172,186.82879863661276
226718,23691.0,77760,44,99367,-0.0266,0.7108,-0.0071,-0.997,-0.044,-0.02,62,-41,171,186.45642922677672
226819,23691.0,77760,44,99367,-0.0265,0.711,-0.007,-0.997,-0.043,-0.018,63,-42,170,186.09943578635588
226918,23691.0,77760,44,99365,-0.0264,0.7111,-0.0069,-0.998,-0.042,-0.019,63,-43,171,187.24048707477772
227019,23691.0,77760,44,99363,-0.0263,0.7112,-0.0068,-0.996,-0.043,-0.019,64,-45,170,187.13898578329423
227113,23691.0,77760,44,99363,-0.0263,0.7113,-0.0068,-0.997,-0.043,-0.021,62,-47,172,188.77764698183947
227216,23691.0,77760,44,99365,-0.0263,0.7113,-0.0068,-0.998,-0.042,-0.018,62,-49,172,189.2854986521683
227319,23691.0,77760,44,99364,-0.0263,0.7113,-0.0068,-0.997,-0.044,-0.019,62,-52,174,191.89580506097573
227415,23701.0,77760,44,99369,-0.0263,0.7113,-0.0068,-0.997,-0.043,-0.019,61,-54,175,193.03367581849545
227514,23701.0,77760,44,99369,-0.0263,0.7113,-0.0068,-0.998,-0.046,-0.019,61,-54,175,193.03367581849545
227616,23701.0,77760,44,99367,-0.0263,0.7113,-0.0068,-0.997,-0.042,-0.022,62,-55,177,195.44308634484875
227713,23701.0,77760,44,99364,-0.0263,0.7113,-0.0068,-0.999,-0.042,-0.019,62,-57,180,198.72845795205075
227913,23691.0,77760,44,99364,-0.0263,0.7113,-0.0068,-0.997,-0.043,-0.018,64,-56,180,199.07787421006887
228014,23691.0,77760,44,99364,-0.0263,0.7113,-0.0068,-0.996,-0.044,-0.018,64,-57,180,199.36148073286373
228114,23691.0,77760,44,99364,-0.0263,0.7113,-0.0068,-0.997,-0.044,-0.02,64,-55,179,197.89391097252084
228214,23691.0,77760,44,99366,-0.0263,0.7113,-0.0068,-0.997,-0.045,-0.02,64,-55,180,198.79889335708083
228316,23691.0,77760,44,99365,-0.0263,0.7113,-0.0068,-0.997,-0.043,-0.02,64,-55,179,197.89391097252084
228414,23691.0,77760,44,99364,-0.0263,0.7113,-0.0068,-0.997,-0.041,-0.021,65,-54,175,194.3347627162984
228515,23691.0,77760,44,99364,-0.0263,0.7113,-0.0068,-0.996,-0.04,-0.019,65,-54,174,193.43474351832455
228621,23691.0,77760,44,99369,-0.0263,0.7113,-0.0068,-0.995,-0.045,-0.02,65,-55,172,191.92185909895724
228720,23701.0,77760,44,99366,-0.0263,0.7113,-0.0068,-1.0,-0.043,-0.018,65,-54,170,189.844673351664
228824,23701.0,77760,44,99366,-0.0263,0.7113,-0.0068,-0.997,-0.042,-0.022,64,-53,168,187.42731924668823
228917,23701.0,77760,44,99367,-0.0263,0.7113,-0.0068,-0.995,-0.043,-0.02,63,-54,166,185.58286558839424
229014,23691.0,77760,44,99365,-0.0263,0.7113,-0.0068,-0.999,-0.042,-0.017,61,-55,165,184.31223507949764
229114,23691.0,77760,44,99365,-0.0263,0.7113,-0.0068,-0.995,-0.044,-0.019,58,-56,164,182.74572498419764
229212,23681.0,77760,44,99363,-0.0263,0.7113,-0.0068,-0.997,-0.044,-0.018,56,-57,165,183.3303030052588
229314,23691.0,77760,44,99365,-0.0263,0.7113,-0.0068,-0.994,-0.044,-0.022,53,-59,163,181.2705160802495
229414,23691.0,77760,44,99363,-0.0263,0.7113,-0.0068,-0.997,-0.043,-0.021,52,-58,165,182.4636950190366
229514,23691.0,77760,44,99363,-0.0263,0.7113,-0.0068,-0.996,-0.043,-0.019,51,-60,165,182.82778782231108
229615,23691.0,77760,44,99363,-0.0263,0.7113,-0.0068,-0.996,-0.045,-0.018,48,-59,166,182.59518065929345
229720,23701.0,77760,44,99364,-0.0263,0.7113,-0.0068,-0.995,-0.043,-0.021,46,-60,169,185.1404871982355
229817,23701.0,77760,44,99364,-0.0263,0.7113,-0.0068,-0.997,-0.04,-0.019,44,-61,170,185.8951317275415
229915,23691.0,77760,44,99367,-0.0263,0.7113,-0.0068,-0.997,-0.043,-0.02,61,-55,168,187.00267377767625
230013,23691.0,77760,44,99367,-0.0263,0.7113,-0.0068,-0.996,-0.042,-0.019,52,-42,179,191.0732843701599
230114,23691.0,77760,44,99367,-0.0263,0.7113,-0.0068,-0.996,-0.044,-0.02,61,-40,173,187.7498335551859
230211,23681.0,77760,44,99368,-0.0263,0.7113,-0.0068,-1.036,-0.114,-0.006,61,-44,172,187.725863961256
230318,23691.0,77760,44,99364,-0.0239,0.7102,-0.0077,-1.041,-0.058,-0.01,61,-44,172,187.725863961256
230425,23691.0,77760,44,99363,-0.0214,0.7071,-0.0048,-1.039,-0.044,-0.004,63,-43,170,186.32766836946143
230515,23691.0,77760,44,99363,-0.0172,0.7027,0.0023,-1.026,-0.007,-0.019,64,-44,170,186.90104333577167
230614,23691.0,80640,44,99364,-0.01,0.697,0.0079,-1.049,-0.029,0.004,64,-45,167,184.41800345953212
230714,23691.0,83520,44,99363,-0.0033,0.6908,0.0092,-1.041,0.025,0.073,64,-45,165,182.60887163552596
230813,23691.0,86400,44,99363,0.0004,0.684,0.0083,-1.038,0.01,0.022,67,-45,162,180.991712517452
230914,23691.0,89280,44,99363,0.0017,0.6773,0.0053,-1.04,-0.006,0.079,67,-45,158,177.42040468897596
231014,23691.0,92160,44,99359,0.0001,0.6709,-0.0002,-1.044,0.04,0.107,67,-42,156,174.89711261195822
231116,23681.0,95040,44,99359,-0.0043,0.6648,-0.0083,-1.063,0.004,0.165,67,-41,152,171.09646401956996
231220,23681.0,97920,44,99359,-0.0114,0.6593,-0.019,-0.988,-0.003,0.103,66,-39,149,167.56491279501208
231314,23691.0,103680,44,99363,-0.019,0.6555,-0.0308,-0.947,-0.054,0.092,68,-36,146,165.03332996701
231414,23691.0,106560,44,99362,-0.025,0.6543,-0.0423,-0.943,-0.077,0.117,66,-34,143,161.1241757155021
231514,23691.0,112320,44,99362,-0.0289,0.6551,-0.0535,-0.942,-0.083,0.14,65,-31,142,159.21683328090657
231615,23681.0,115200,44,99360,-0.0307,0.658,-0.0642,-0.933,-0.132,0.092,65,-29,143,159.73415414368964
231713,23681.0,115200,44,99362,-0.0301,0.6629,-0.0742,-0.938,-0.125,0.105,63,-27,142,157.67688479926284
231815,23681.0,115200,44,99362,-0.0268,0.6691,-0.0835,-0.931,-0.114,0.082,62,-26,143,158.01582199260935
231915,23691.0,115200,44,99360,-0.0222,0.6763,-0.09,-0.959,-0.197,0.104,62,-25,144,158.7608264024851
232014,23681.0,115200,44,99362,-0.0196,0.6843,-0.0948,-0.941,-0.175,0.103,59,-25,143,156.70035098875815
232114,23691.0,115200,44,99364,-0.0168,0.6896,-0.0997,-0.931,-0.144,0.071,58,-24,146,158.92136420255144
232211,23691.0,115200,44,99364,-0.0137,0.6906,-0.1028,-0.926,-0.135,0.067,59,-24,146,159.2890454488318
232318,23691.0,115200,44,99363,-0.0136,0.6906,-0.1027,-0.997,-0.141,0.032,58,-23,146,158.7734234687909
232409,23681.0,115200,44,99359,-0.0132,0.691,-0.1023,-0.981,-0.148,0.037,59,-23,147,160.0593639872407
232518,23681.0,115200,44,99359,-0.0126,0.6919,-0.1016,-0.986,-0.15,0.029,59,-24,146,159.2890454488318
232619,23681.0,115200,44,99363,-0.0123,0.6922,-0.1013,-0.99,-0.146,0.028,59,-23,147,160.0593639872407
232714,23691.0,115200,44,99361,-0.012,0.6926,-0.1009,-0.98,-0.149,0.033,58,-23,146,158.7734234687909
232826,23691.0,115200,44,99361,-0.0117,0.6929,-0.1006,-0.988,-0.146,0.031,58,-23,146,158.7734234687909
232918,23671.0,115200,44,99365,-0.0116,0.6931,-0.1004,-0.983,-0.149,0.034,58,-23,146,158.7734234687909
233020,23681.0,115200,44,99358,-0.0113,0.6934,-0.1002,-0.983,-0.149,0.033,59,-23,146,159.14144651849813
233124,23681.0,115200,44,99359,-0.0112,0.6935,-0.1,-0.989,-0.147,0.029,59,-23,148,160.97825940169685
233226,23681.0,115200,44,99359,-0.0111,0.6936,-0.0999,-0.984,-0.15,0.033,57,-23,147,159.33298465791697
233318,23691.0,115200,44,99364,-0.011,0.6938,-0.0998,-0.984,-0.149,0.032,59,-24,147,160.20611723651504
233419,23681.0,115200,44,99363,-0.0109,0.6939,-0.0997,-0.986,-0.147,0.028,59,-23,148,160.97825940169685
233514,23681.0,115200,44,99363,-0.0108,0.694,-0.0996,-0.985,-0.15,0.034,58,-25,146,159.07545379473223
233614,23681.0,115200,44,99362,-0.0108,0.694,-0.0996,-0.984,-0.148,0.031,58,-24,146,158.92136420255144
233713,23671.0,115200,44,99360,-0.0108,0.694,-0.0996,-0.987,-0.149,0.029,59,-24,147,160.20611723651504
233814,23681.0,115200,44,99360,-0.0108,0.694,-0.0996,-0.984,-0.149,0.031,58,-23,147,159.6934563468397
233914,23681.0,115200,44,99360,-0.0108,0.694,-0.0996,-0.985,-0.148,0.03,58,-23,146,158.7734234687909
234013,23681.0,115200,44,99362,-0.0108,0.694,-0.0996,-0.983,-0.149,0.029,59,-24,147,160.20611723651504
234114,23681.0,115200,44,99361,-0.0108,0.694,-0.0996,-0.983,-0.148,0.033,58,-24,148,160.76069171286866
234211,23681.0,115200,44,99361,-0.0108,0.694,-0.0996,-0.986,-0.148,0.031,59,-23,148,160.97825940169685
234315,23681.0,115200,44,99360,-0.0108,0.694,-0.0996,-0.985,-0.149,0.032,59,-23,147,160.0593639872407
234414,23681.0,115200,44,99356,-0.0108,0.694,-0.0996,-0.982,-0.148,0.03,58,-24,147,159.84054554461454
234519,23681.0,115200,44,99356,-0.0108,0.694,-0.0996,-0.986,-0.147,0.03,59,-24,146,159.2890454488318
234614,23681.0,115200,44,99360,-0.0108,0.694,-0.0996,-0.984,-0.147,0.032,58,-23,147,159.6934563468397
234714,23681.0,115200,44,99359,-0.0108,0.694,-0.0996,-0.985,-0.148,0.032,59,-24,146,159.2890454488318
234814,23681.0,115200,44,99363,-0.0108,0.694,-0.0996,-0.986,-0.149,0.032,59,-24,147,160.20611723651504
234914,23681.0,115200,44,99363,-0.0108,0.694,-0.0996,-0.985,-0.15,0.032,57,-24,146,158.55913723276876
235079,23681.0,115200,44,99358,-0.0108,0.694,-0.0996,-0.984,-0.147,0.03,58,-24,147,159.84054554461454
235116,23671.0,115200,44,99360,-0.0108,0.694,-0.0996,-0.984,-0.147,0.03,58,-24,147,159.84054554461454
235211,23671.0,115200,44,99360,-0.0108,0.694,-0.0996,-0.985,-0.149,0.028,59,-23,146,159.14144651849813
235318,23671.0,115200,44,99362,-0.0108,0.694,-0.0996,-0.985,-0.15,0.03,59,-24,147,160.20611723651504
235414,23671.0,115200,44,99358,-0.0108,0.694,-0.0996,-0.986,-0.147,0.033,59,-23,148,160.97825940169685
235514,23671.0,115200,44,99358,-0.0108,0.694,-0.0996,-0.985,-0.149,0.032,59,-23,146,159.14144651849813
235614,23671.0,115200,44,99360,-0.0108,0.694,-0.0996,-0.986,-0.149,0.033,58,-23,147,159.6934563468397
235714,23681.0,115200,44,99360,-0.0108,0.694,-0.0996,-0.983,-0.149,0.033,58,-23,146,158.7734234687909
235814,23681.0,115200,44,99359,-0.0108,0.694,-0.0996,-0.985,-0.149,0.031,58,-24,147,159.84054554461454
235917,23681.0,115200,44,99359,-0.0108,0.694,-0.0996,-0.985,-0.149,0.031,58,-24,147,159.84054554461454
236014,23681.0,115200,44,99356,-0.0108,0.694,-0.0996,-0.984,-0.15,0.032,58,-24,146,158.92136420255144
236114,23671.0,115200,44,99363,-0.0108,0.694,-0.0996,-0.983,-0.147,0.033,58,-24,146,158.92136420255144
236212,23671.0,115200,44,99363,-0.0108,0.694,-0.0996,-0.983,-0.149,0.033,58,-24,147,159.84054554461454
236314,23681.0,115200,44,99358,-0.0108,0.694,-0.0996,-0.983,-0.149,0.029,59,-23,147,160.0593639872407
236414,23681.0,115200,44,99357,-0.0108,0.694,-0.0996,-0.983,-0.148,0.029,59,-23,147,160.0593639872407
236510,23681.0,115200,44,99357,-0.0108,0.694,-0.0996,-0.985,-0.148,0.031,59,-24,146,159.2890454488318
236609,23671.0,115200,44,99358,-0.0108,0.694,-0.0996,-0.986,-0.148,0.033,58,-24,147,159.84054554461454
236711,23671.0,115200,44,99360,-0.0108,0.694,-0.0996,-0.985,-0.15,0.032,58,-23,146,158.7734234687909
236815,23691.0,115200,44,99361,-0.0108,0.694,-0.0996,-0.984,-0.148,0.029,58,-23,147,159.6934563468397
236913,23691.0,115200,44,99361,-0.0108,0.694,-0.0996,-0.984,-0.148,0.031,59,-22,148,160.83842824399895
237014,23681.0,115200,44,99358,-0.0108,0.694,-0.0996,-0.986,-0.148,0.031,58,-24,147,159.84054554461454
237118,23671.0,115200,44,99361,-0.0108,0.694,-0.0996,-0.985,-0.149,0.033,59,-24,147,160.20611723651504
237234,23671.0,115200,44,99361,-0.0108,0.694,-0.0996,-0.985,-0.148,0.029,58,-23,148,160.61444517850816
237358,23681.0,115200,44,99361,-0.0119,0.6932,-0.0986,-0.921,-0.151,0.083,60,-25,147,160.72958657322553
237411,23671.0,115200,44,99360,-0.0161,0.687,-0.0951,-0.916,-0.169,0.068,59,-23,147,160.0593639872407
237514,23681.0,115200,44,99363,-0.0191,0.6793,-0.0901,-0.865,-0.133,0.054,62,-26,145,159.8280325850256
237614,23681.0,115200,44,99363,-0.0217,0.6714,-0.0845,-0.952,-0.099,0.137,62,-26,143,158.01582199260935
237716,23671.0,115200,44,99358,-0.0237,0.6646,-0.0766,-0.935,-0.125,0.158,62,-27,142,157.2800050864699
237814,23671.0,115200,44,99363,-0.0255,0.6595,-0.0655,-0.928,-0.115,0.054,63,-27,143,158.5780564895408
237914,23671.0,115200,44,99363,-0.0244,0.6564,-0.0537,-0.966,-0.106,0.139,64,-30,143,159.51488958714793
238014,23671.0,115200,44,99362,-0.022,0.6551,-0.0422,-0.985,-0.067,0.135,65,-33,144,161.40012391568973
238114,23681.0,112320,44,99362,-0.0198,0.6551,-0.0322,-0.974,-0.046,0.08,67,-35,146,164.4080290010193
238214,23681.0,109440,44,99362,-0.0177,0.6566,-0.0233,-0.971,-0.035,0.126,67,-36,147,165.51132891738862
238316,23681.0,106560,44,99365,-0.016,0.6599,-0.0154,-1.005,-0.026,0.135,69,-39,149,168.7690729962098
238414,23681.0,103680,44,99366,-0.0151,0.6647,-0.0089,-0.993,-0.017,0.118,69,-41,152,171.88949938841523
238514,23671.0,97920,44,99363,-0.0151,0.671,-0.0038,-1.03,-0.003,0.09,69,-44,155,175.27692375210148
238614,23671.0,95040,44,99363,-0.0168,0.6781,-0.0003,-1.011,0.004,0.047,69,-43,159,178.58051405458548
238714,23671.0,92160,44,99364,-0.0215,0.6852,0.0005,-1.042,-0.102,-0.047,68,-44,163,182.01373574541017
238814,23691.0,89280,44,99365,-0.027,0.692,-0.0033,-1.024,-0.083,-0.001,65,-43,163,180.6737390989626
238916,23691.0,89280,44,99365,-0.0311,0.6971,-0.0109,-1.07,-0.114,0.033,65,-41,167,183.83416439824236
239014,23671.0,86400,44,99364,-0.0346,0.7003,-0.0167,-1.049,-0.128,0.001,65,-41,167,183.83416439824236
239117,23681.0,86400,44,99368,-0.0382,0.7022,-0.0192,-1.031,-0.11,0.015,65,-41,168,184.74306482247175
239214,23681.0,83520,44,99368,-0.0406,0.7024,-0.0199,-0.979,-0.115,-0.004,66,-40,168,184.87833837418592
239314,23681.0,83520,44,99366,-0.0404,0.7019,-0.0202,-0.972,-0.07,0.018,66,-40,168,184.87833837418592
239416,23681.0,83520,44,99362,-0.0394,0.7023,-0.0188,-0.953,-0.077,-0.018,65,-40,168,184.52371121349148
239520,23691.0,83520,44,99367,-0.0366,0.7053,-0.016,-0.97,-0.055,0.003,64,-41,168,184.39360075664231
239614,23691.0,80640,44,99367,-0.0324,0.709,-0.012,-1.026,-0.089,-0.005,65,-42,169,185.87630295441105
239717,23681.0,80640,44,99368,-0.0289,0.7117,-0.0087,-1.027,-0.059,0.005,64,-41,172,188.04520733057785
239823,23681.0,77760,44,99368,-0.0268,0.7125,-0.0067,-1.037,-0.063,-0.016,63,-42,171,187.0133685061044
239917,23681.0,77760,44,99368,-0.0265,0.7122,-0.0064,-1.021,-0.053,-0.011,61,-43,172,187.49399990399692
240014,23671.0,77760,44,99365,-0.0259,0.7116,-0.007,-1.01,-0.004,0.0,62,-44,173,188.9682513016406
240117,23681.0,77760,44,99369,-0.0259,0.7116,-0.007,-0.995,-0.045,-0.03,63,-44,171,187.47266467407988
240215,23681.0,77760,44,99369,-0.0259,0.7119,-0.007,-0.994,-0.037,-0.01,62,-43,172,187.82172398314313
240325,23681.0,77760,44,99363,-0.0258,0.712,-0.0069,-0.996,-0.052,-0.03,50,-62,168,185.9247159470736
240420,23671.0,77760,44,99361,-0.0258,0.712,-0.0069,-1.0,-0.044,-0.022,52,-60,169,186.72171807264417
240517,23681.0,77760,44,99368,-0.0258,0.7121,-0.0069,-1.001,-0.041,-0.015,54,-58,172,189.37792902025305
240624,23681.0,77760,44,99368,-0.0258,0.7121,-0.0069,-0.997,-0.048,-0.021,55,-58,173,190.5728207274059
240718,23681.0,77760,44,99361,-0.0257,0.7122,-0.0068,-0.997,-0.046,-0.02,58,-56,173,190.8638258025863
240821,23681.0,77760,44,99365,-0.0257,0.7122,-0.0068,-0.996,-0.043,-0.019,59,-54,175,192.41101839551703
240916,23681.0,77760,44,99365,-0.0257,0.7123,-0.0068,-0.998,-0.043,-0.019,60,-54,176,193.62851029742495
241010,23681.0,77760,44,99369,-0.0257,0.7123,-0.0068,-0.997,-0.043,-0.021,61,-53,177,194.57389341841315
241115,23681.0,77760,44,99366,-0.0256,0.7124,-0.0067,-0.994,-0.04,-0.021,62,-53,178,195.79836567244377
241223,23681.0,77760,44,99363,-0.0256,0.7124,-0.0067,-0.997,-0.044,-0.017,64,-53,178,196.44083078627008
241316,23681.0,77760,44,99363,-0.0256,0.7124,-0.0067,-0.997,-0.041,-0.019,64,-52,178,196.17339269126177
241418,23671.0,77760,44,99367,-0.0256,0.7124,-0.0067,-0.998,-0.046,-0.018,64,-52,177,195.26648457940755
241521,23681.0,77760,44,99364,-0.0256,0.7124,-0.0067,-0.996,-0.042,-0.017,64,-53,177,195.5351630781533
241622,23681.0,77760,44,99364,-0.0256,0.7124,-0.0067,-0.997,-0.043,-0.019,65,-53,177,195.86474925315173
241727,23681.0,77760,44,99369,-0.0256,0.7124,-0.0067,-0.998,-0.046,-0.02,65,-54,177,196.13770672667712
241814,23671.0,77760,44,99365,-0.0256,0.7124,-0.0067,-0.996,-0.043,-0.021,65,-54,175,194.3347627162984
241914,23671.0,77760,44,99365,-0.0256,0.7124,-0.0067,-0.996,-0.042,-0.021,64,-55,174,193.38303958723992
242015,23681.0,77760,44,99369,-0.0256,0.7124,-0.0067,-0.997,-0.043,-0.018,64,-55,174,193.38303958723992
242148,23671.0,77760,44,99367,-0.0256,0.7124,-0.0067,-0.998,-0.043,-0.019,63,-55,172,191.25375813301028
242214,23671.0,77760,44,99364,-0.0256,0.7124,-0.0067,-0.999,-0.043,-0.02,65,-56,172,192.21082175569617
242314,23671.0,77760,44,99364,-0.0256,0.7124,-0.0067,-0.997,-0.044,-0.017,64,-55,172,191.58549005600608
242414,23681.0,77760,44,99366,-0.0256,0.7124,-0.0067,-0.996,-0.043,-0.018,65,-54,172,191.637678967368
242515,23671.0,77760,44,99366,-0.0256,0.7124,-0.0067,-0.998,-0.044,-0.021,63,-54,173,191.8697474851103
242614,23671.0,77760,44,99366,-0.0256,0.7124,-0.0067,-0.997,-0.047,-0.019,64,-53,173,191.92185909895724
242714,23681.0,77760,44,99367,-0.0256,0.7124,-0.0067,-0.996,-0.04,-0.022,64,-51,174,192.28364465029264
242815,23671.0,77760,44,99363,-0.0256,0.7124,-0.0067,-0.998,-0.045,-0.02,63,-50,174,191.68985366993215
242914,23671.0,77760,44,99363,-0.0256,0.7124,-0.0067,-0.998,-0.044,-0.02,63,-48,175,192.0885212603814
243014,23671.0,77760,44,99365,-0.0256,0.7124,-0.0067,-0.997,-0.043,-0.021,64,-46,175,191.92967462067975
243114,23681.0,77760,44,99365,-0.0256,0.7124,-0.0067,-0.997,-0.042,-0.016,62,-44,178,193.55619339096333
243214,23671.0,77760,44,99363,-0.0256,0.7124,-0.0067,-0.998,-0.042,-0.022,61,-42,177,191.8697474851103
243314,23671.0,77760,44,99363,-0.0256,0.7124,-0.0067,-0.999,-0.046,-0.017,61,-40,178,192.36683705878204
243416,23671.0,77760,44,99364,-0.0256,0.7124,-0.0067,-1.0,-0.045,-0.018,60,-40,178,192.0520762709948
243514,23681.0,77760,44,99365,-0.0256,0.7124,-0.0067,-0.998,-0.043,-0.018,60,-38,178,191.64550607827985
243614,23681.0,77760,44,99365,-0.0256,0.7124,-0.0067,-0.999,-0.044,-0.018,59,-39,177,190.60692537261073
243714,23671.0,77760,44,99368,-0.0256,0.7124,-0.0067,-0.997,-0.042,-0.021,59,-39,178,191.53589741873455
243813,23681.0,77760,44,99368,-0.0256,0.7124,-0.0067,-0.998,-0.043,-0.019,56,-38,177,189.49670181826383
243918,23671.0,77760,44,99360,-0.0256,0.7124,-0.0067,-0.996,-0.042,-0.022,56,-39,175,187.83503400590635
244014,23671.0,77760,44,99360,-0.0256,0.7124,-0.0067,-0.996,-0.042,-0.02,53,-40,176,188.10901094843916
244114,23671.0,77760,44,99365,-0.0256,0.7124,-0.0067,-0.997,-0.046,-0.019,52,-42,175,187.33125740249545
244214,23671.0,77760,44,99368,-0.0256,0.7124,-0.0067,-0.999,-0.041,-0.019,63,-51,173,191.04711460788937
244320,23671.0,77760,44,99368,-0.0256,0.7124,-0.0067,-0.998,-0.043,-0.02,50,-46,177,189.5916664835245
244427,23671.0,77760,44,99365,-0.0256,0.7124,-0.0067,-0.998,-0.039,-0.02,45,-55,172,186.10212250267324
244514,23671.0,77760,44,99363,-0.0245,0.712,-0.0075,-1.046,-0.071,-0.005,49,-46,178,190.2656038279121
244614,23671.0,77760,44,99363,-0.0218,0.7096,-0.0067,-1.043,-0.056,0.001,49,-45,177,189.08992569674356
244713,23681.0,77760,44,99367,-0.0187,0.706,-0.0009,-1.031,-0.004,-0.014,51,-44,178,190.3181546778972
244814,23671.0,77760,44,99364,-0.0126,0.7008,0.0065,-1.047,-0.045,-0.022,52,-47,176,189.44392310127023
244916,23671.0,83520,44,99366,-0.0048,0.6946,0.0091,-1.04,0.001,0.009,52,-47,172,185.73368030596927
245014,23671.0,86400,44,99366,0.0002,0.688,0.0092,-1.047,0.002,0.075,52,-47,170,183.88311504866343
245115,23681.0,89280,44,99363,0.0024,0.6813,0.0072,-1.05,-0.016,0.036,54,-44,167,180.9447429465692
245215,23681.0,92160,44,99367,0.0019,0.6747,0.0026,-1.038,0.01,0.062,55,-47,164,179.24843095547587
245314,23681.0,95040,44,99367,-0.0012,0.6684,-0.0046,-1.04,0.003,0.102,56,-45,160,175.38814099020493
245416,23671.0,97920,44,99360,-0.0071,0.6627,-0.014,-1.015,0.005,0.137,55,-44,158,172.98843892006195
245519,23671.0,100800,44,99361,-0.0149,0.6582,-0.0255,-0.948,-0.031,0.103,54,-39,154,167.78855741676784
245616,23671.0,106560,44,99361,-0.0215,0.6559,-0.0371,-0.92,-0.036,0.106,55,-37,151,164.90906585145646
245719,23681.0,109440,44,99365,-0.0265,0.656,-0.0485,-0.905,-0.052,0.101,54,-34,148,161.17071694324625
245820,23671.0,115200,44,99360,-0.0294,0.6582,-0.0594,-0.917,-0.041,0.133,54,-33,148,160.96272860510285
245914,23671.0,115200,44,99364,-0.0297,0.6621,-0.0695,-0.922,-0.12,0.078,52,-30,147,158.78601953572613
246015,23671.0,115200,44,99364,-0.0276,0.6677,-0.0791,-0.919,-0.079,0.086,51,-28,148,159.02515524281057
246117,23671.0,118080,44,99360,-0.0231,0.6745,-0.0873,-0.937,-0.12,0.166,49,-26,149,158.99056575784616
246218,23671.0,118080,44,99360,-0.0195,0.6824,-0.0922,-0.913,-0.138,0.054,50,-26,150,160.23732399163436
246314,23671.0,118080,44,99360,-0.0171,0.6891,-0.0972,-0.932,-0.145,0.109,47,-26,149,158.38560540655203
246424,23671.0,115200,44,99358,-0.0138,0.6914,-0.1015,-0.924,-0.131,0.065,48,-25,152,161.3474511729268
246514,23671.0,115200,44,99363,-0.0122,0.6909,-0.1021,-0.984,-0.122,0.028,47,-25,153,161.99691355084516
246624,23671.0,115200,44,99363,-0.0105,0.6909,-0.1049,-0.977,-0.161,0.039,47,-25,151,160.10933764150047
246714,23681.0,115200,44,99359,-0.0033,0.6901,-0.113,-0.993,-0.173,0.028,46,-24,151,159.66527487215245
246823,23671.0,115200,44,99360,0.0089,0.6883,-0.1269,-0.975,-0.157,0.043,47,-24,153,161.8456054392581
246914,23681.0,115200,44,99363,0.0265,0.6856,-0.1458,-0.982,-0.178,0.045,46,-21,151,159.24195427085164
247014,23681.0,112320,44,99363,0.0483,0.681,-0.1696,-0.989,-0.151,0.05,45,-19,150,157.7529714458653
247116,23671.0,112320,44,99359,0.0702,0.6754,-0.1935,-0.984,-0.109,0.049,45,-17,152,159.43023552638942
247214,23671.0,109440,44,99362,0.0922,0.6692,-0.2171,-0.986,-0.145,0.057,45,-15,151,158.27507700203466
247314,23671.0,109440,44,99362,0.1141,0.6623,-0.2406,-0.982,-0.139,0.072,44,-11,151,157.66420012165096
247414,23661.0,106560,44,99362,0.1358,0.6547,-0.2637,-0.985,-0.101,0.068,43,-10,150,156.36176003102548
247513,23671.0,106560,44,99363,0.1574,0.6463,-0.2866,-0.983,-0.139,0.076,44,-6,150,156.43529013620935
247614,23671.0,106560,44,99362,0.1778,0.6377,-0.3077,-0.982,-0.085,0.088,43,-5,148,154.20116731075677
247719,23671.0,106560,44,99362,0.1991,0.633,-0.3181,-0.98,-0.089,0.083,43,-2,146,152.2136656151477
247814,23671.0,103680,44,99362,0.2135,0.6294,-0.325,-0.984,-0.072,0.088,42,-2,147,152.8953890737062
247919,23671.0,100800,44,99362,0.2214,0.6275,-0.3282,-0.981,-0.083,0.091,43,0,146,152.2005256232711
248025,23671.0,100800,44,99362,0.2239,0.6275,-0.328,-0.981,-0.118,0.092,43,-1,145,151.24483462254173
248119,23671.0,100800,44,99363,0.2281,0.6263,-0.3321,-0.983,-0.117,0.092,43,-1,145,151.24483462254173
248225,23681.0,100800,44,99363,0.2368,0.6227,-0.3414,-0.981,-0.109,0.091,41,0,144,149.7230777134908
248316,23681.0,97920,44,99363,0.2502,0.6164,-0.3555,-0.98,-0.102,0.092,43,2,143,149.33854157584372
248423,23661.0,97920,44,99364,0.2684,0.6068,-0.3745,-0.982,-0.088,0.096,43,3,142,148.39811319555247
248519,23671.0,97920,44,99363,0.2891,0.5954,-0.395,-0.978,-0.083,0.1,41,5,141,146.9251510123437
248626,23661.0,95040,44,99362,0.3091,0.583,-0.4156,-0.984,-0.056,0.097,40,7,138,143.85061696079026
248719,23661.0,92160,44,99362,0.3288,0.5701,-0.4356,-0.98,-0.062,0.101,41,9,136,142.33060106667153
248824,23661.0,92160,44,99357,0.3481,0.5565,-0.455,-0.979,-0.052,0.104,41,9,135,141.37538682528864
248919,23661.0,92160,44,99361,0.3671,0.5423,-0.4741,-0.981,-0.033,0.097,41,10,132,138.58210562695314
249025,23661.0,92160,44,99361,0.3869,0.5279,-0.4915,-0.981,-0.037,0.107,39,12,130,136.25344032353826
249117,23671.0,92160,44,99359,0.4064,0.513,-0.5082,-0.977,-0.037,0.106,40,12,129,135.5912976558599
249226,23671.0,92160,44,99360,0.4242,0.4971,-0.5256,-0.981,-0.014,0.101,39,13,125,131.5864734689702
249318,23671.0,92160,44,99360,0.4419,0.4807,-0.5421,-0.979,-0.015,0.103,39,13,125,131.5864734689702
249419,23671.0,95040,44,99360,0.4602,0.4642,-0.5569,-0.979,-0.005,0.103,39,15,121,128.0117182136073
249520,23671.0,95040,44,99360,0.4778,0.4471,-0.5713,-0.985,0.015,0.095,39,14,118,125.06398362438324
249615,23671.0,95040,44,99363,0.4951,0.4295,-0.585,-0.982,0.01,0.095,37,15,116,122.67844146385298
249719,23671.0,97920,44,99363,0.5106,0.4112,-0.5991,-0.982,0.011,0.098,39,14,116,123.17873193047572
249818,23671.0,97920,44,99359,0.525,0.3925,-0.6131,-0.986,0.028,0.089,37,14,111,117.83887304281215
249921,23671.0,97920,44,99365,0.5409,0.3735,-0.6245,-0.981,0.026,0.084,37,14,109,115.95688854052612
250019,23671.0,97920,44,99365,0.5556,0.3542,-0.6357,-0.982,0.033,0.084,37,16,107,114.34159348198712
250122,23661.0,97920,44,99360,0.5689,0.3344,-0.647,-0.989,0.05,0.076,37,13,105,112.08478933378964
250225,23671.0,97920,44,99360,0.5815,0.3141,-0.6576,-0.982,0.047,0.071,35,14,102,108.74281585465772
250326,23661.0,95040,44,99360,0.5931,0.2936,-0.6678,-0.984,0.045,0.072,37,13,101,108.34666584625482
250430,23661.0,97920,44,99360,0.6045,0.2728,-0.6769,-0.99,0.066,0.063,36,12,98,105.0904372433572
250519,23671.0,103680,44,99362,0.6153,0.2517,-0.6852,-0.985,0.06,0.055,35,10,97,103.60501918343532
250623,23661.0,106560,44,99358,0.6249,0.2304,-0.6931,-0.988,0.061,0.055,35,8,94,100.62305898749054
250718,23661.0,112320,44,99358,0.6344,0.2086,-0.6999,-0.994,0.08,0.042,35,8,94,100.62305898749054
250828,23661.0,115200,44,99358,0.6422,0.1868,-0.7067,-0.986,0.074,0.038,34,6,92,98.26494797230598
250919,23671.0,118080,44,99358,0.6494,0.1649,-0.7127,-0.986,0.07,0.032,34,5,90,96.33794683301072
251024,23671.0,120960,44,99358,0.6564,0.1426,-0.7175,-0.994,0.087,0.022,34,3,87,93.4558719396486
251119,23671.0,123840,44,99364,0.6626,0.1201,-0.7214,-0.988,0.071,0.016,34,2,88,94.3610088966836
251224,23661.0,126720,44,99361,0.6676,0.0978,-0.7251,-0.987,0.028,0.012,33,0,86,92.11405973031478
251314,23661.0,129600,44,99363,0.6727,0.075,-0.7272,-0.992,0.064,0.0,34,-1,84,90.62560344626678
251415,23661.0,129600,44,99363,0.6763,0.0525,-0.7292,-0.992,0.101,-0.003,32,-3,83,89.00561780022652
251516,23661.0,129600,44,99365,0.6791,0.0299,-0.7304,-0.988,0.048,-0.012,33,-5,84,90.38805230781334
251619,23671.0,129600,44,99362,0.6812,0.0072,-0.7308,-0.994,0.075,-0.021,33,-6,82,88.5945822271317
251714,23671.0,126720,44,99362,0.6825,-0.0154,-0.7305,-0.996,0.108,-0.027,33,-9,82,88.84818512496471
251815,23661.0,123840,44,99363,-0.6831,0.038,0.7293,-0.992,0.035,-0.033,32,-11,82,88.70738413458037
251915,23661.0,120960,44,99365,-0.6829,0.0607,0.7274,-0.998,0.063,-0.042,32,-13,82,88.97752525216691
252015,23661.0,118080,44,99365,-0.682,0.0832,0.7246,-0.997,0.096,-0.052,32,-15,82,89.29165694509202
252113,23661.0,115200,44,99364,-0.6803,0.1056,0.7211,-0.989,0.036,-0.06,32,-18,82,89.8443097808648
252216,23671.0,106560,44,99362,-0.6779,0.128,0.7167,-0.998,0.064,-0.063,30,-19,82,89.35882720806042
252314,23661.0,100800,44,99363,-0.6747,0.1502,0.7116,-0.996,0.084,-0.07,33,-21,82,90.85152722987104
252415,23661.0,92160,44,99363,-0.672,0.1727,0.7045,-0.993,0.019,-0.074,32,-23,81,90.07774419910837
252514,23661.0,89280,44,99358,-0.6686,0.1951,0.6967,-0.997,0.037,-0.081,33,-25,82,91.85858696931932
252615,23661.0,80640,44,99361,-0.6643,0.2171,0.6882,-0.999,0.068,-0.088,32,-26,82,91.78235124467012
252718,23661.0,77760,44,99361,-0.6582,0.2383,0.6799,-0.995,0.015,-0.094,31,-30,85,95.3205119583398
252815,23661.0,69120,44,99360,-0.6525,0.2598,0.6699,-1.0,0.034,-0.099,33,-31,84,95.42536350467836
252916,23661.0,63360,44,99360,-0.6461,0.2809,0.6591,-0.998,0.056,-0.106,32,-33,86,97.51410154434076
253017,23661.0,57600,44,99360,-0.6379,0.3012,0.6487,-0.997,-0.012,-0.101,32,-35,88,99.96499387285532
253120,23661.0,54720,44,99365,-0.6312,0.3222,0.6353,-0.998,0.003,-0.109,32,-36,87,99.443451267542
253220,23661.0,46080,44,99359,-0.6237,0.3428,0.6214,-1.001,0.037,-0.117,33,-37,89,101.87737727287644
253332,23661.0,40320,44,99360,-0.6135,0.3619,0.6088,-0.999,-0.024,-0.118,32,-39,92,104.92378186092988
253415,23661.0,40320,44,99360,-0.6076,0.3825,0.5917,-0.997,0.013,-0.127,33,-41,92,105.99056561788883
253519,23661.0,40320,44,99360,-0.6075,0.4022,0.5733,-0.998,0.021,-0.125,33,-42,93,107.24737759031686
253625,23671.0,40320,44,99365,-0.6048,0.4135,0.5628,-1.0,0.006,-0.123,32,-43,95,109.07795377618706
253815,23661.0,40320,44,99358,-0.6061,0.4228,0.553,-0.998,-0.009,-0.124,33,-44,97,111.50784725749124
253915,23661.0,40320,44,99363,-0.6079,0.4232,0.551,-0.998,-0.011,-0.12,34,-43,96,110.5486318323298
254017,23671.0,40320,44,99363,-0.6093,0.4235,0.5495,-0.998,-0.012,-0.122,33,-43,95,109.37549999885717
254121,23671.0,40320,44,99363,-0.6102,0.4238,0.5485,-0.997,-0.01,-0.122,34,-43,96,110.5486318323298
254219,23661.0,40320,44,99360,-0.6109,0.4239,0.5476,-0.998,-0.011,-0.121,33,-42,97,110.73391531053169
254320,23661.0,40320,44,99360,-0.6115,0.4241,0.547,-0.997,-0.01,-0.122,34,-44,97,111.80787092150534
254422,23661.0,40320,44,99360,-0.612,0.4242,0.5465,-0.998,-0.012,-0.121,33,-44,97,111.50784725749124
254526,23661.0,40320,44,99360,-0.6124,0.4243,0.5461,-0.998,-0.01,-0.122,34,-43,97,111.41813137905338
254621,23671.0,40320,44,99365,-0.6127,0.4243,0.5457,-0.997,-0.011,-0.119,33,-43,96,110.2451813005902
254722,23671.0,40320,44,99365,-0.6129,0.4244,0.5454,-0.998,-0.009,-0.12,33,-43,96,110.2451813005902
254815,23661.0,40320,44,99360,-0.6132,0.4243,0.5452,-0.944,-0.006,-0.16,34,-42,97,111.03603018840326
254915,23661.0,40320,44,99365,-0.6172,0.4198,0.5466,-0.994,-0.005,-0.146,33,-42,98,111.61093136427094
255024,23661.0,40320,44,99366,-0.6235,0.41,0.5523,-1.013,0.008,-0.123,35,-41,95,109.2291169972549
255114,23661.0,40320,44,99366,-0.6324,0.3964,0.5607,-1.001,0.001,-0.139,33,-41,93,106.85972113008718
255215,23661.0,40320,44,99358,-0.6435,0.3783,0.5721,-0.993,0.026,-0.126,33,-39,90,103.48912986396203
255316,23661.0,40320,44,99365,-0.655,0.3574,0.5848,-1.007,0.012,-0.127,34,-39,90,103.81233067415452
255426,23661.0,40320,44,99365,-0.6657,0.3367,0.5963,-0.995,-0.048,-0.125,33,-36,90,102.39628899525609
255515,23671.0,40320,44,99364,-0.6757,0.3156,0.6072,-0.996,0.021,-0.125,34,-35,87,99.74968671630002
255615,23671.0,46080,44,99362,-0.6849,0.2942,0.6175,-0.991,0.002,-0.133,32,-33,85,96.63332758422428
255715,23671.0,51840,44,99362,-0.6934,0.2724,0.627,-0.995,-0.042,-0.117,33,-29,84,94.79451460923254
255815,23671.0,54720,44,99367,-0.7008,0.2511,0.6357,-0.99,0.011,-0.138,34,-27,84,94.5568612000208
255915,23661.0,60480,44,99365,-0.7077,0.2294,0.6435,-0.99,0.007,-0.122,33,-26,82,92.13576938409967
256024,23661.0,63360,44,99363,-0.7138,0.2073,0.6505,-0.998,-0.043,-0.118,34,-23,83,92.59589623736032
256115,23661.0,66240,44,99363,-0.719,0.185,0.6568,-0.998,0.035,-0.118,33,-20,82,90.62560344626678
256215,23671.0,72000,44,99362,-0.7234,0.1629,0.6622,-1.004,0.036,-0.129,34,-18,82,90.57593499379402
256319,23661.0,77760,44,99363,-0.7272,0.1407,0.6667,-0.989,-0.037,-0.139,34,-15,80,88.20997676000147
256426,23661.0,77760,44,99363,-0.73,0.1181,0.6706,-0.999,0.031,-0.13,35,-14,81,89.3420393767682
256587,23661.0,80640,44,99362,-0.7329,0.095,0.6728,-1.0,0.03,-0.126,34,-12,82,89.57678270623477
256615,23661.0,86400,44,99363,-0.7351,0.072,0.6741,-0.991,-0.03,-0.127,36,-9,82,90.00555538409837
256715,23661.0,86400,44,99363,0.7356,-0.0499,-0.6755,-0.986,0.05,-0.126,34,-8,83,90.0499861188218
256815,23661.0,89280,44,99363,0.7353,-0.0273,-0.6761,-1.02,0.072,-0.12,36,-6,83,90.6697303403953
256917,23671.0,89280,44,99363,0.7342,-0.0055,-0.676,-1.004,0.035,-0.111,34,-4,84,90.70832376358854
257015,23661.0,89280,44,99363,0.7322,0.0162,-0.6751,-1.006,0.016,-0.123,36,-1,84,91.39474820797966
257119,23661.0,89280,44,99363,0.7301,0.0386,-0.6729,-0.993,0.034,-0.108,37,1,85,92.70922284217468
257224,23661.0,89280,44,99363,0.7271,0.0609,-0.6701,-1.007,0.048,-0.13,37,2,87,94.5621488757526
257319,23661.0,89280,44,99363,0.7231,0.0829,-0.6667,-0.995,0.012,-0.102,36,4,88,95.16301802696256
257425,23661.0,86400,44,99363,0.7179,0.1039,-0.663,-0.995,0.054,-0.109,36,5,90,97.06183596038146
257518,23661.0,86400,44,99365,0.7125,0.1258,-0.6581,-0.99,0.056,-0.11,37,8,91,98.55962662266938
257624,23671.0,83520,44,99363,0.7059,0.1466,-0.6528,-0.999,0.041,-0.098,37,9,93,100.4937809021036
257719,23671.0,80640,44,99363,0.6985,0.167,-0.6468,-0.991,0.077,-0.107,38,10,94,101.88228501560025
257826,23671.0,77760,44,99363,0.6902,0.1868,-0.6405,-0.991,0.064,-0.092,39,12,97,105.23307464861035
257920,23661.0,77760,44,99365,0.681,0.2067,-0.6336,-1.0,0.048,-0.096,39,14,97,105.47985589675405
258016,23661.0,74880,44,99365,0.6712,0.2265,-0.6258,-0.994,0.093,-0.078,39,14,101,109.16959283610066
258119,23661.0,74880,44,99365,0.6606,0.2458,-0.6175,-1.016,0.084,-0.069,38,16,102,110.01818031580054
258224,23671.0,74880,44,99364,0.6493,0.2645,-0.6085,-0.982,0.055,-0.062,40,17,106,114.564392373896
258315,23651.0,77760,44,99360,0.6374,0.2833,-0.599,-0.997,0.111,-0.074,39,18,107,115.29960971312956
258425,23651.0,77760,44,99360,0.6247,0.3017,-0.5888,-0.99,0.082,-0.057,41,19,110,118.92014127135909
258519,23661.0,83520,44,99362,0.6113,0.3197,-0.578,-0.991,0.053,-0.048,41,18,112,120.61923561356208
258622,23661.0,86400,44,99364,0.5974,0.3372,-0.5667,-0.98,0.117,-0.053,43,18,115,124.08867796862047
258723,23661.0,86400,44,99369,0.5827,0.3549,-0.5549,-1.015,0.094,-0.026,42,19,117,125.75372757894694
258825,23661.0,86400,44,99369,0.5675,0.3717,-0.5423,-0.991,0.069,-0.034,43,20,119,128.10152223919903
258919,23661.0,86400,44,99369,0.5516,0.3883,-0.5292,-0.975,0.1,-0.028,43,20,121,129.96153277027784
259031,23651.0,89280,44,99360,0.5352,0.4043,-0.5159,-1.003,0.09,-0.006,44,19,126,134.80726983364065
259120,23651.0,89280,44,99360,0.5182,0.4203,-0.502,-0.989,0.047,-0.002,43,20,128,136.50274722510167
259227,23671.0,89280,44,99368,0.5004,0.4357,-0.4874,-0.995,0.108,0.0,45,19,131,139.810586151407
259319,23661.0,89280,44,99366,0.4822,0.4506,-0.4726,-0.985,0.085,0.004,45,19,132,140.74800176201438
259425,23661.0,92160,44,99366,0.4637,0.4652,-0.4571,-1.008,0.052,0.026,45,16,136,144.14229081015745
259519,23661.0,92160,44,99365,0.4445,0.4792,-0.4415,-0.988,0.109,0.02,46,16,138,146.34206503941374
259625,23661.0,92160,44,99367,0.4247,0.493,-0.4251,-0.996,0.057,0.028,47,16,141,149.48578527739687
259719,23661.0,92160,44,99368,0.4045,0.5061,-0.4085,-0.975,0.069,0.026,47,14,144,152.12166183683374
259827,23661.0,92160,44,99368,0.3838,0.519,-0.3918,-0.999,0.016,0.039,47,12,147,154.7966407904254
259919,23661.0,92160,44,99363,0.3625,0.5313,-0.3746,-0.979,0.081,0.034,47,10,148,155.60526983364028
260024,23651.0,95040,44,99364,0.341,0.5429,-0.357,-0.994,0.057,0.044,48,9,151,158.70097668256489
260119,23651.0,95040,44,99364,0.319,0.5543,-0.3391,-0.969,-0.01,0.042,48,6,154,161.4187101918486
260224,23671.0,97920,44,99365,0.2968,0.5653,-0.321,-1.003,0.085,0.055,49,5,157,164.54482671904336
260318,23661.0,97920,44,99363,0.274,0.5754,-0.3024,-0.977,0.03,0.043,49,2,158,165.43578814754684
260425,23661.0,97920,44,99367,0.251,0.5851,-0.2836,-0.991,-0.047,0.058,51,0,161,168.88457596832222
260517,23661.0,97920,44,99367,0.228,0.5946,-0.2644,-0.988,0.043,0.053,51,-3,163,170.81861725233583
260615,23651.0,97920,44,99366,0.2049,0.6035,-0.2449,-1.003,-0.008,0.062,50,-5,165,172.4818831066034
260714,23651.0,95040,44,99366,0.1812,0.6116,-0.225,-0.983,-0.052,0.057,50,-9,166,173.60011520733505
260815,23651.0,95040,44,99366,0.1575,0.6194,-0.2049,-0.993,0.015,0.046,52,-12,169,177.22584461641028
260915,23661.0,92160,44,99369,0.1338,0.6268,-0.1846,-0.988,-0.006,0.049,52,-15,169,177.45421944828473
261015,23651.0,92160,44,99366,0.1098,0.6336,-0.1639,-0.996,-0.099,0.044,52,-18,171,179.63574254585305
261115,23651.0,92160,44,99366,0.086,0.6395,-0.1433,-0.991,0.0,0.036,52,-21,171,179.96110690924303
261215,23661.0,89280,44,99362,0.0618,0.6452,-0.1223,-0.988,-0.052,0.027,53,-24,174,183.4693434882242
261317,23651.0,89280,44,99364,0.0377,0.6504,-0.1013,-1.002,-0.118,0.033,54,-30,173,183.698121928342
261416,23651.0,89280,44,99368,0.0137,0.655,-0.0802,-0.992,-0.021,0.024,52,-32,173,183.45844216061576
261515,23651.0,89280,44,99368,-0.0096,0.6589,-0.0596,-0.99,-0.045,0.018,54,-37,171,183.10106498871053
261615,23651.0,86400,44,99367,-0.0274,0.6621,-0.0439,-0.988,-0.103,0.012,53,-39,172,184.15754125204865
261720,23661.0,86400,44,99366,-0.0397,0.6713,-0.0329,-1.003,-0.093,0.011,54,-42,173,186.03494295427404
261815,23661.0,86400,44,99366,-0.0465,0.6798,-0.0274,-1.037,-0.111,0.041,53,-42,172,184.81612483763425
261916,23661.0,83520,44,99364,-0.0481,0.6833,-0.0271,-0.977,-0.121,-0.01,53,-41,172,184.59144075498193
262015,23651.0,83520,44,99370,-0.0478,0.6828,-0.0274,-0.972,-0.064,0.021,53,-42,172,184.81612483763425
262114,23651.0,83520,44,99370,-0.047,0.683,-0.0262,-0.95,-0.066,-0.017,54,-41,173,185.81173267584583
262216,23651.0,83520,44,99368,-0.0414,0.6939,-0.0201,-0.97,-0.052,-0.002,52,-42,175,187.33125740249545
262311,23651.0,80640,44,99367,-0.0357,0.701,-0.0142,-1.03,-0.076,-0.009,53,-42,175,187.61130029931567
262425,23661.0,77760,44,99366,-0.0322,0.704,-0.0109,-1.027,-0.059,0.001,51,-44,176,188.4489320744482
262516,23661.0,77760,44,99366,-0.03,0.7056,-0.0086,-1.037,-0.064,-0.012,50,-44,177,189.1163662933486
262620,23651.0,77760,44,99365,-0.0295,0.7059,-0.0081,-1.023,-0.05,-0.017,50,-45,177,189.3515249476486
262723,23651.0,77760,44,99368,-0.0289,0.7053,-0.0087,-1.01,-0.009,0.005,51,-46,176,188.9259114044445
262820,23651.0,77760,44,99368,-0.0286,0.706,-0.0084,-0.996,-0.044,-0.029,50,-45,177,189.3515249476486
262922,23641.0,77760,44,99366,-0.0284,0.7073,-0.0081,-0.99,-0.04,-0.012,61,-39,174,188.46219780104445
263024,23651.0,77760,44,99367,-0.028,0.7081,-0.0077,-0.998,-0.049,-0.028,61,-39,174,188.46219780104445
263129,23651.0,77760,44,99367,-0.0278,0.7085,-0.0074,-1.001,-0.045,-0.022,63,-39,172,187.28053823075155
263220,23651.0,77760,44,99368,-0.0276,0.709,-0.0073,-1.0,-0.042,-0.014,63,-40,172,187.49133313302775
263320,23661.0,77760,44,99369,-0.0274,0.7094,-0.007,-0.997,-0.046,-0.02,63,-43,172,188.15419208723463
263427,23651.0,77760,44,99368,-0.0273,0.7098,-0.0069,-0.996,-0.044,-0.021,62,-44,171,187.13898578329423
263518,23651.0,77760,44,99368,-0.0272,0.7101,-0.0068,-0.998,-0.043,-0.017,63,-46,170,187.0427758562196
263624,23661.0,77760,44,99363,-0.0271,0.7103,-0.0067,-0.998,-0.044,-0.018,62,-48,172,189.02909828912584
263719,23651.0,77760,44,99368,-0.027,0.7105,-0.0066,-0.995,-0.043,-0.021,63,-50,173,190.78259878720596
263824,23651.0,77760,44,99368,-0.0269,0.7107,-0.0064,-0.996,-0.044,-0.02,63,-51,173,191.04711460788937
263919,23651.0,77760,44,99364,-0.0268,0.7109,-0.0064,-0.998,-0.044,-0.018,62,-54,175,193.3520105920805
264029,23651.0,77760,44,99366,-0.0268,0.711,-0.0063,-0.997,-0.044,-0.02,63,-55,176,194.85892332659543
264115,23661.0,77760,44,99367,-0.0268,0.711,-0.0063,-0.997,-0.043,-0.021,62,-55,176,194.5379140424817
264215,23661.0,77760,44,99367,-0.0268,0.711,-0.0063,-0.995,-0.043,-0.018,64,-56,178,197.27138667328316
264315,23651.0,77760,44,99369,-0.0268,0.711,-0.0063,-0.997,-0.044,-0.021,62,-56,179,197.5373382426725
264415,23651.0,77760,44,99368,-0.0268,0.711,-0.0063,-0.997,-0.045,-0.018,64,-57,179,198.4590637889839
264518,23651.0,77760,44,99368,-0.0268,0.711,-0.0063,-0.996,-0.04,-0.02,64,-55,179,197.89391097252084
264615,23651.0,77760,44,99372,-0.0268,0.711,-0.0063,-0.998,-0.045,-0.02,64,-55,180,198.79889335708083
264717,23641.0,77760,44,99368,-0.0268,0.711,-0.0063,-0.997,-0.044,-0.02,65,-55,179,198.219575218998
264815,23641.0,77760,44,99368,-0.0268,0.711,-0.0063,-0.995,-0.042,-0.02,64,-56,178,197.27138667328316
264915,23641.0,77760,44,99363,-0.0268,0.711,-0.0063,-0.995,-0.042,-0.019,65,-55,176,195.5147053292923
265015,23651.0,77760,44,99366,-0.0268,0.711,-0.0063,-0.996,-0.044,-0.021,66,-55,175,194.9512759640213
265115,23651.0,77760,44,99365,-0.0268,0.711,-0.0063,-0.996,-0.044,-0.02,65,-54,172,191.637678967368
265215,23651.0,77760,44,99365,-0.0268,0.711,-0.0063,-0.998,-0.041,-0.02,64,-55,170,189.7919914011126
265315,23661.0,77760,44,99367,-0.0268,0.711,-0.0063,-0.997,-0.045,-0.023,64,-54,168,187.71254619763695
265415,23651.0,77760,44,99366,-0.0268,0.711,-0.0063,-0.995,-0.04,-0.02,63,-55,167,186.76991192373572
265515,23651.0,77760,44,99366,-0.0268,0.711,-0.0063,-0.997,-0.043,-0.02,59,-56,165,183.96195258802837
265615,23641.0,77760,44,99370,-0.0268,0.711,-0.0063,-0.997,-0.044,-0.02,57,-58,164,183.05463665255792
265715,23651.0,77760,44,99366,-0.0268,0.711,-0.0063,-0.997,-0.044,-0.02,55,-58,163,181.5433832448872
265816,23651.0,77760,44,99366,-0.0268,0.711,-0.0063,-0.997,-0.046,-0.017,52,-58,163,180.65713381984116
265916,23661.0,77760,45,99369,-0.0268,0.711,-0.0063,-0.997,-0.044,-0.017,52,-59,164,181.8818297686715
266015,23641.0,77760,44,99366,-0.0268,0.711,-0.0063,-0.998,-0.041,-0.02,50,-60,165,182.55136263528684
266115,23651.0,77760,44,99365,-0.0268,0.711,-0.0063,-0.996,-0.043,-0.018,47,-60,166,182.6608879864543
266215,23651.0,77760,44,99365,-0.0268,0.711,-0.0063,-0.996,-0.043,-0.018,46,-60,169,185.1404871982355
266314,23641.0,77760,44,99370,-0.0268,0.711,-0.0063,-0.997,-0.045,-0.021,44,-60,172,187.4033084019597
266415,23651.0,77760,44,99371,-0.0268,0.711,-0.0063,-0.997,-0.044,-0.018,44,-60,173,188.32153355365392
266515,23651.0,77760,44,99371,-0.0268,0.711,-0.0063,-0.998,-0.043,-0.02,45,-59,174,189.16130682568252
266618,23631.0,77760,44,99368,-0.0268,0.711,-0.0063,-0.996,-0.043,-0.019,44,-57,176,190.16045856065872
266718,23651.0,77760,44,99372,-0.0268,0.711,-0.0063,-0.998,-0.044,-0.021,45,-55,177,190.73279738943697
266815,23651.0,77760,44,99371,-0.0268,0.711,-0.0063,-0.997,-0.045,-0.02,55,-57,166,183.92933425639316
266917,23651.0,77760,44,99371,-0.0268,0.711,-0.0063,-0.996,-0.042,-0.021,54,-41,179,191.41055352304895
267020,23651.0,77760,44,99367,-0.0268,0.711,-0.0063,-0.996,-0.044,-0.02,61,-41,173,187.9654223520911
267122,23641.0,77760,44,99370,-0.0268,0.711,-0.0063,-0.998,-0.043,-0.021,61,-44,172,187.725863961256
267225,23641.0,77760,44,99370,-0.0253,0.7105,-0.0072,-1.042,-0.064,-0.009,62,-45,170,186.4644738281263
267327,23641.0,77760,44,99364,-0.0223,0.708,-0.0055,-1.041,-0.071,0.013,64,-44,171,187.81107528577755
267415,23641.0,80640,44,99370,-0.0195,0.704,0.0004,-1.02,-0.012,-0.038,63,-46,169,186.13436007357697
267515,23641.0,83520,44,99370,-0.0129,0.6988,0.0074,-1.043,-0.06,-0.059,64,-45,168,185.32404053441095
267615,23641.0,86400,44,99365,-0.0053,0.6925,0.0095,-1.032,0.043,0.057,64,-46,165,182.8578683021324
267715,23641.0,89280,44,99370,-0.0008,0.6858,0.0094,-1.03,0.014,0.037,66,-45,163,181.52134860671347
267815,23631.0,92160,44,99366,0.0011,0.6791,0.0071,-1.039,0.053,0.095,66,-45,163,181.52134860671347
267915,23631.0,95040,44,99366,0.0002,0.6725,0.0023,-1.05,-0.013,0.057,67,-47,159,178.82673178247148
268016,23651.0,97920,44,99367,-0.0031,0.6662,-0.0052,-1.03,-0.011,0.062,67,-43,155,174.24982065987902
268117,23631.0,100800,44,99364,-0.0094,0.6606,-0.0151,-0.977,0.009,0.083,66,-41,152,170.70735192135106
268215,23631.0,106560,44,99364,-0.0173,0.6562,-0.0266,-0.949,-0.042,0.125,66,-39,148,166.67633305301626
268315,23641.0,109440,44,99366,-0.024,0.6539,-0.0384,-0.949,-0.076,0.09,67,-37,146,164.84538210092512
268415,23641.0,115200,44,99368,-0.0287,0.6541,-0.0498,-0.931,-0.053,0.131,66,-35,143,161.3381541979454
268515,23641.0,115200,44,99368,-0.0312,0.6566,-0.0606,-0.929,-0.13,0.109,66,-32,142,159.82490419205638
268615,23641.0,115200,44,99363,-0.0313,0.6608,-0.0707,-0.935,-0.082,0.154,64,-29,143,159.3298465448329
268718,23631.0,118080,44,99364,-0.0288,0.6665,-0.0802,-0.919,-0.147,0.049,62,-28,141,156.55350523063993
268815,23641.0,118080,44,99362,-0.0243,0.6734,-0.0881,-0.909,-0.063,0.168,62,-26,144,158.92136420255144
268915,23641.0,118080,44,99362,-0.0211,0.6815,-0.0928,-0.919,-0.107,0.067,62,-27,144,159.08802594790097
269015,23631.0,115200,44,99361,-0.0184,0.6878,-0.0977,-0.922,-0.146,0.078,59,-26,143,156.86299754881645
269115,23641.0,115200,44,99363,-0.0152,0.6902,-0.1019,-0.927,-0.134,0.07,58,-24,145,158.00316452527144
269215,23641.0,115200,44,99363,-0.0143,0.6902,-0.1022,-1.001,-0.146,0.011,58,-24,147,159.84054554461454
269319,23631.0,115200,44,99364,-0.014,0.6906,-0.1018,-0.973,-0.146,0.034,59,-24,147,160.20611723651504
269420,23641.0,115200,44,99366,-0.0134,0.6914,-0.1011,-0.995,-0.146,0.022,60,-23,147,160.4306703844374
269522,23641.0,115200,44,99366,-0.0131,0.6918,-0.1008,-0.983,-0.152,0.028,59,-24,147,160.20611723651504
269620,23631.0,115200,44,99366,-0.0127,0.6924,-0.1003,-0.983,-0.147,0.033,59,-24,146,159.2890454488318
269719,23641.0,115200,44,99361,-0.0125,0.6927,-0.1001,-0.987,-0.148,0.026,59,-25,148,161.27616066858735
269821,23641.0,115200,44,99364,-0.0123,0.693,-0.0998,-0.979,-0.151,0.031,59,-25,147,160.3589723090043
269919,23641.0,115200,44,99364,-0.0121,0.6932,-0.0996,-0.986,-0.148,0.029,59,-24,147,160.20611723651504
270023,23631.0,115200,44,99366,-0.012,0.6934,-0.0995,-0.987,-0.149,0.031,59,-24,148,161.1241757155021
270121,23641.0,115200,44,99364,-0.0118,0.6935,-0.0993,-0.982,-0.151,0.031,59,-24,147,160.20611723651504
270221,23641.0,115200,44,99364,-0.0117,0.6937,-0.0992,-0.988,-0.146,0.031,58,-24,147,159.84054554461454
270316,23641.0,115200,44,99362,-0.0116,0.6938,-0.099,-0.986,-0.149,0.03,58,-23,146,158.7734234687909
270433,23631.0,115200,44,99364,-0.0115,0.694,-0.0989,-0.982,-0.149,0.034,59,-24,146,159.2890454488318
270515,23631.0,115200,44,99365,-0.0115,0.694,-0.0989,-0.986,-0.147,0.029,58,-24,148,160.76069171286866
270615,23631.0,115200,44,99365,-0.0115,0.694,-0.0989,-0.983,-0.146,0.031,59,-25,146,159.44277970482077
270714,23641.0,115200,44,99367,-0.0115,0.694,-0.0989,-0.985,-0.15,0.029,58,-23,147,159.6934563468397
270813,23631.0,115200,44,99366,-0.0115,0.694,-0.0989,-0.986,-0.149,0.029,58,-25,147,159.99374987792493
270910,23631.0,115200,44,99366,-0.0115,0.694,-0.0989,-0.985,-0.151,0.031,58,-24,147,159.84054554461454
271014,23631.0,115200,44,99364,-0.0115,0.694,-0.0989,-0.985,-0.149,0.03,58,-24,147,159.84054554461454
271114,23631.0,115200,44,99364,-0.0115,0.694,-0.0989,-0.985,-0.147,0.031,59,-24,147,160.20611723651504
271223,23631.0,115200,44,99364,-0.0115,0.694,-0.0989,-0.984,-0.147,0.031,59,-24,146,159.2890454488318
271319,23631.0,115200,44,99363,-0.0115,0.694,-0.0989,-0.986,-0.15,0.03,59,-24,146,159.2890454488318
271421,23641.0,115200,44,99359,-0.0115,0.694,-0.0989,-0.986,-0.147,0.031,58,-23,146,158.7734234687909
271525,23631.0,115200,44,99364,-0.0115,0.694,-0.0989,-0.984,-0.148,0.03,58,-23,147,159.6934563468397
271615,23631.0,115200,44,99364,-0.0115,0.694,-0.0989,-0.985,-0.148,0.028,58,-24,146,158.92136420255144
271715,23641.0,115200,44,99364,-0.0115,0.694,-0.0989,-0.984,-0.147,0.031,58,-24,147,159.84054554461454
271816,23631.0,115200,44,99367,-0.0115,0.694,-0.0989,-0.984,-0.147,0.031,59,-24,147,160.20611723651504
271915,23631.0,115200,44,99367,-0.0115,0.694,-0.0989,-0.984,-0.148,0.031,59,-24,146,159.2890454488318
272018,23631.0,115200,44,99362,-0.0115,0.694,-0.0989,-0.983,-0.148,0.031,59,-23,146,159.14144651849813
272115,23631.0,115200,44,99368,-0.0115,0.694,-0.0989,-0.986,-0.149,0.032,59,-24,146,159.2890454488318
272215,23631.0,115200,44,99368,-0.0115,0.694,-0.0989,-0.983,-0.148,0.03,58,-22,147,159.55249919697278
272315,23631.0,115200,44,99369,-0.0115,0.694,-0.0989,-0.984,-0.148,0.028,60,-23,146,159.51488958714793
272416,23631.0,115200,44,99362,-0.0115,0.694,-0.0989,-0.984,-0.147,0.032,58,-24,148,160.76069171286866
272515,23631.0,115200,44,99362,-0.0115,0.694,-0.0989,-0.988,-0.149,0.029,58,-25,147,159.99374987792493
272618,23631.0,115200,44,99362,-0.0115,0.694,-0.0989,-0.984,-0.151,0.031,58,-24,147,159.84054554461454
272715,23631.0,115200,44,99364,-0.0115,0.694,-0.0989,-0.985,-0.151,0.031,58,-25,148,160.91301998284663
272815,23631.0,115200,44,99364,-0.0115,0.694,-0.0989,-0.986,-0.15,0.033,58,-23,147,159.6934563468397
272915,23631.0,115200,44,99364,-0.0115,0.694,-0.0989,-0.984,-0.147,0.031,58,-24,147,159.84054554461454
273015,23631.0,115200,44,99366,-0.0115,0.694,-0.0989,-0.984,-0.148,0.031,57,-24,147,159.48040632002414
273116,23631.0,115200,44,99364,-0.0115,0.694,-0.0989,-0.985,-0.148,0.03,59,-24,147,160.20611723651504
273218,23631.0,115200,44,99365,-0.0115,0.694,-0.0989,-0.985,-0.148,0.029,59,-24,146,159.2890454488318
273315,23631.0,115200,44,99365,-0.0115,0.694,-0.0989,-0.984,-0.148,0.03,58,-24,146,158.92136420255144
273415,23631.0,115200,44,99364,-0.0115,0.694,-0.0989,-0.985,-0.148,0.031,58,-24,146,158.92136420255144
273515,23621.0,115200,44,99365,-0.0115,0.694,-0.0989,-0.984,-0.148,0.032,58,-23,146,158.7734234687909
273616,23621.0,115200,44,99365,-0.0115,0.694,-0.0989,-0.985,-0.15,0.032,58,-23,147,159.6934563468397
273715,23641.0,115200,44,99362,-0.0115,0.694,-0.0989,-0.987,-0.149,0.031,57,-23,148,160.25604512778918
273817,23631.0,115200,44,99366,-0.0115,0.694,-0.0989,-0.985,-0.148,0.031,59,-24,146,159.2890454488318
273915,23631.0,115200,44,99366,-0.0115,0.694,-0.0989,-0.985,-0.147,0.03,57,-25,147,159.6339562875017
274015,23631.0,115200,44,99362,-0.0115,0.694,-0.0989,-0.986,-0.151,0.031,58,-23,146,158.7734234687909
274116,23621.0,115200,44,99364,-0.0115,0.694,-0.0989,-0.985,-0.15,0.031,58,-24,147,159.84054554461454
274215,23631.0,115200,44,99364,-0.0116,0.6939,-0.0986,-0.948,-0.143,0.075,58,-24,147,159.84054554461454
274318,23631.0,115200,44,99364,-0.0154,0.6892,-0.0953,-0.92,-0.161,0.081,59,-25,146,159.44277970482077
274428,23631.0,115200,44,99365,-0.0186,0.6828,-0.0905,-0.941,-0.131,0.115,58,-24,146,158.92136420255144
274516,23631.0,118080,44,99361,-0.0212,0.6744,-0.085,-0.951,-0.158,0.078,62,-26,145,159.8280325850256
274616,23631.0,118080,44,99361,-0.0232,0.6672,-0.0782,-0.897,-0.087,0.145,61,-26,144,158.5339080449353
274715,23631.0,115200,44,99366,-0.0254,0.6618,-0.0677,-0.926,-0.102,0.107,62,-28,143,158.35719118499165
274816,23621.0,115200,44,99370,-0.0251,0.6579,-0.056,-0.952,-0.073,0.165,64,-28,143,159.15087181665075
274915,23621.0,115200,44,99370,-0.0229,0.6561,-0.0444,-0.976,-0.068,0.131,64,-31,144,160.60199251565965
275013,23621.0,112320,44,99364,-0.0205,0.6556,-0.0338,-0.999,-0.062,0.15,64,-33,143,160.10621474508727
275117,23621.0,109440,44,99368,-0.0184,0.6569,-0.0244,-0.993,-0.034,0.125,66,-36,146,164.21936548409874
275213,23621.0,106560,44,99371,-0.0166,0.6596,-0.0165,-0.977,-0.036,0.063,66,-39,146,164.90300179196254
275314,23621.0,100800,44,99371,-0.0154,0.6638,-0.0096,-1.009,-0.061,0.074,68,-40,150,169.4815624190431
275415,23631.0,97920,44,99368,-0.0149,0.6696,-0.0039,-0.968,0.002,0.063,69,-41,152,171.88949938841523
275519,23621.0,95040,44,99367,-0.0159,0.6767,0.0002,-1.079,-0.038,0.087,69,-44,155,175.27692375210148
275622,23621.0,92160,44,99367,-0.0199,0.6836,0.0018,-1.034,-0.01,0.028,69,-44,159,178.82393575805224
275722,23631.0,89280,44,99366,-0.0254,0.6905,-0.0003,-1.062,-0.068,0.003,68,-45,161,180.47160441465576
275815,23621.0,86400,44,99369,-0.0302,0.6963,-0.0073,-1.052,-0.069,0.032,65,-43,163,180.6737390989626
275917,23621.0,86400,44,99369,-0.0335,0.6999,-0.0142,-1.024,-0.098,0.027,65,-41,167,183.83416439824236
276034,23631.0,86400,44,99369,-0.0369,0.7023,-0.0174,-1.048,-0.112,0.02,64,-42,168,184.61852561430555
276115,23621.0,83520,44,99366,-0.0409,0.7027,-0.0189,-1.002,-0.087,0.0,64,-41,167,183.48296923692945
276215,23631.0,83520,44,99370,-0.0407,0.7024,-0.0192,-0.953,-0.042,0.001,65,-40,168,184.52371121349148
276320,23631.0,83520,44,99370,-0.0399,0.7025,-0.0184,-0.957,-0.068,-0.012,65,-41,167,183.83416439824236
276425,23631.0,83520,44,99370,-0.0378,0.7053,-0.0159,-0.964,-0.079,-0.026,65,-42,168,184.967564724197
276516,23621.0,80640,44,99367,-0.0342,0.7086,-0.0124,-0.952,-0.048,-0.011,64,-43,169,185.75790696495264
276619,23621.0,77760,44,99367,-0.0301,0.7118,-0.0085,-1.027,-0.079,-0.013,65,-43,171,187.9228565129851
276716,23631.0,77760,44,99368,-0.0277,0.7131,-0.0062,-1.026,-0.043,-0.006,62,-43,172,187.82172398314313
276825,23631.0,77760,44,99368,-0.0268,0.7131,-0.0054,-1.028,-0.055,-0.015,62,-45,172,188.28967045486056
276915,23631.0,77760,44,99368,-0.0264,0.7123,-0.0058,-1.0,-0.014,-0.017,61,-44,171,186.81006396872735
277023,23631.0,77760,44,99368,-0.0262,0.7122,-0.006,-0.996,-0.039,-0.016,61,-45,172,187.9627622695517
277116,23631.0,77760,44,99370,-0.0262,0.7124,-0.006,-0.995,-0.05,-0.032,61,-44,171,186.81006396872735
277225,23631.0,77760,44,99372,-0.0262,0.7124,-0.006,-1.003,-0.043,-0.024,47,-57,167,182.61160970759772
277315,23631.0,77760,44,99372,-0.0262,0.7125,-0.006,-0.999,-0.043,-0.018,46,-58,166,181.75808097578496
277420,23631.0,77760,44,99368,-0.0261,0.7125,-0.006,-0.995,-0.045,-0.018,45,-60,166,182.15652609774924
277515,23631.0,77760,44,99368,-0.0261,0.7126,-0.006,-0.996,-0.042,-0.02,46,-61,167,183.64639936573764
277621,23631.0,77760,44,99368,-0.0261,0.7126,-0.006,-0.996,-0.042,-0.017,47,-61,165,182.08514491852432
277717,23641.0,77760,44,99369,-0.0261,0.7126,-0.0059,-0.993,-0.043,-0.021,48,-62,166,183.5864918778067
277815,23631.0,77760,44,99366,-0.0261,0.7126,-0.0059,-0.996,-0.044,-0.018,49,-62,168,185.6582882609877
277917,23631.0,77760,44,99369,-0.0261,0.7126,-0.0059,-0.996,-0.044,-0.017,51,-61,168,185.86554279908904
278015,23631.0,77760,44,99369,-0.0261,0.7126,-0.0059,-0.997,-0.044,-0.019,52,-61,169,187.0454490224234
278115,23641.0,77760,44,99368,-0.0261,0.7126,-0.0059,-0.999,-0.045,-0.02,54,-60,170,188.19139193916388
278215,23631.0,77760,44,99368,-0.0261,0.7126,-0.0059,-0.996,-0.044,-0.02,55,-58,173,190.5728207274059
278315,23631.0,77760,44,99368,-0.0261,0.7126,-0.0059,-0.997,-0.045,-0.021,57,-57,173,190.85858639317223
278415,23631.0,77760,44,99366,-0.0261,0.7126,-0.0059,-0.997,-0.042,-0.02,57,-55,175,192.0911242093189
278515,23631.0,77760,44,99365,-0.0261,0.7126,-0.0059,-0.997,-0.046,-0.02,59,-56,176,193.8891435846783
278617,23631.0,77760,44,99365,-0.0261,0.7126,-0.0059,-0.997,-0.044,-0.019,62,-53,177,194.88971240165552
278716,23631.0,77760,44,99369,-0.0261,0.7126,-0.0059,-0.997,-0.041,-0.021,62,-54,177,195.1640335717624
278815,23621.0,77760,44,99368,-0.0261,0.7126,-0.0059,-0.997,-0.044,-0.021,64,-52,178,196.17339269126177
278915,23621.0,77760,44,99368,-0.0261,0.7126,-0.0059,-0.999,-0.043,-0.018,64,-53,178,196.44083078627008
279115,23631.0,77760,44,99365,-0.0261,0.7126,-0.0059,-0.996,-0.045,-0.019,64,-53,178,196.44083078627008
279215,23621.0,77760,44,99366,-0.0261,0.7126,-0.0059,-0.997,-0.042,-0.02,65,-54,176,195.23575492209412
279316,23621.0,77760,44,99366,-0.0261,0.7126,-0.0059,-0.995,-0.046,-0.022,65,-54,176,195.23575492209412
279418,23621.0,77760,44,99368,-0.0261,0.7126,-0.0059,-0.996,-0.043,-0.02,65,-54,175,194.3347627162984
279516,23631.0,77760,44,99368,-0.0261,0.7126,-0.0059,-0.996,-0.042,-0.023,65,-55,173,192.81856757065697
279615,23631.0,77760,44,99368,-0.0261,0.7126,-0.0059,-0.999,-0.044,-0.017,65,-56,174,194.0025773024678
279719,23621.0,77760,44,99363,-0.0261,0.7126,-0.0059,-0.997,-0.044,-0.018,64,-55,174,193.38303958723992
279819,23621.0,77760,44,99370,-0.0261,0.7126,-0.0059,-0.996,-0.046,-0.019,65,-56,172,192.21082175569617
279922,23621.0,77760,44,99370,-0.0261,0.7126,-0.0059,-0.995,-0.044,-0.018,64,-55,172,191.58549005600608
280024,23621.0,77760,44,99370,-0.0261,0.7126,-0.0059,-0.997,-0.043,-0.019,64,-54,172,191.3008102439715
280117,23621.0,77760,44,99370,-0.0261,0.7126,-0.0059,-0.997,-0.045,-0.019,63,-54,173,191.8697474851103
280216,23621.0,77760,44,99365,-0.0261,0.7126,-0.0059,-0.995,-0.042,-0.019,63,-52,173,191.3164917094185
280315,23621.0,77760,44,99365,-0.0261,0.7126,-0.0059,-0.997,-0.045,-0.021,64,-52,172,190.74590428106185
280415,23631.0,77760,44,99368,-0.0261,0.7126,-0.0059,-0.997,-0.042,-0.019,63,-50,174,191.68985366993215
280515,23631.0,77760,44,99368,-0.0261,0.7126,-0.0059,-0.996,-0.043,-0.02,63,-48,175,192.0885212603814
280615,23631.0,77760,44,99367,-0.0261,0.7126,-0.0059,-0.999,-0.04,-0.019,63,-47,176,192.753728887407
280717,23631.0,77760,44,99367,-0.0261,0.7126,-0.0059,-0.998,-0.041,-0.018,62,-45,176,191.9505144562004
280816,23621.0,77760,44,99370,-0.0261,0.7126,-0.0059,-0.997,-0.042,-0.019,62,-41,177,191.9739565670302
280915,23631.0,77760,44,99368,-0.0261,0.7126,-0.0059,-0.995,-0.044,-0.017,61,-41,177,191.65333286953296
281016,23631.0,77760,44,99368,-0.0261,0.7126,-0.0059,-0.997,-0.043,-0.023,61,-39,178,192.16139050287913
281115,23631.0,77760,44,99368,-0.0261,0.7126,-0.0059,-0.997,-0.042,-0.02,64,-54,173,192.20041623263984
281217,23631.0,77760,44,99372,-0.0261,0.7126,-0.0059,-0.999,-0.044,-0.021,51,-43,179,191.0261762167688
281315,23631.0,77760,44,99372,-0.0261,0.7126,-0.0059,-0.996,-0.043,-0.022,45,-55,172,186.10212250267324
281416,23621.0,77760,44,99371,-0.0261,0.7126,-0.0059,-0.997,-0.042,-0.018,47,-49,177,189.57584234284704
281517,23631.0,77760,44,99369,-0.0258,0.7125,-0.0062,-1.03,-0.064,-0.008,51,-44,178,190.3181546778972
281616,23631.0,77760,44,99367,-0.0232,0.7106,-0.0069,-1.046,-0.047,0.007,50,-45,178,190.2866259094422
281714,23631.0,77760,44,99367,-0.0206,0.7072,-0.0025,-1.047,-0.075,-0.003,52,-45,177,189.88944151795275
281815,23631.0,80640,44,99368,-0.0154,0.7023,0.005,-1.051,-0.068,-0.068,54,-47,175,189.07670401189037
281915,23631.0,83520,44,99368,-0.0079,0.6964,0.0089,-1.024,0.032,-0.018,52,-46,171,184.5562244954095
282016,23631.0,86400,44,99368,-0.0019,0.69,0.0096,-1.026,0.044,0.041,53,-47,170,184.16840119846836
282118,23631.0,89280,44,99366,0.001,0.6833,0.0084,-1.03,0.023,0.031,54,-45,167,181.190507477627
282215,23631.0,92160,44,99366,0.0015,0.6766,0.0045,-1.035,0.052,0.102,56,-46,164,179.2986335698072
282315,23631.0,95040,44,99366,-0.0008,0.6702,-0.0018,-1.021,-0.007,0.045,57,-44,160,175.45654732725137
282414,23631.0,97920,44,99364,-0.006,0.6644,-0.0105,-1.009,0.03,0.101,55,-42,156,170.66048165876012
282515,23621.0,103680,44,99371,-0.0133,0.6591,-0.0216,-0.964,0.002,0.12,55,-38,154,167.88388844674762
282617,23621.0,106560,44,99369,-0.0207,0.6559,-0.0334,-0.952,-0.042,0.143,55,-36,151,164.68758301705688
282720,23621.0,112320,44,99369,-0.0262,0.6552,-0.0447,-0.962,-0.101,0.096,53,-34,149,161.7590801160788
282822,23631.0,115200,44,99368,-0.0297,0.6566,-0.0559,-0.961,-0.107,0.143,54,-33,148,160.96272860510285
282915,23621.0,115200,44,99366,-0.031,0.66,-0.0664,-0.946,-0.114,0.09,52,-29,148,159.52742710894574
283017,23621.0,118080,44,99366,-0.0296,0.6652,-0.0761,-0.934,-0.11,0.119,51,-28,147,158.09490820390135
283115,23631.0,118080,44,99364,-0.0256,0.6718,-0.0849,-0.952,-0.135,0.116,50,-26,149,159.30160074525304
283216,23621.0,118080,44,99368,-0.0212,0.6793,-0.0905,-0.965,-0.141,0.109,50,-25,150,160.0781059358212
283335,23621.0,118080,44,99366,-0.0191,0.6868,-0.0955,-0.915,-0.179,0.064,47,-26,149,158.38560540655203
283425,23621.0,115200,44,99366,-0.016,0.6906,-0.1002,-0.937,-0.14,0.078,49,-23,153,162.29294500994183
283515,23621.0,115200,44,99367,-0.0134,0.6903,-0.1019,-0.99,-0.183,0.027,47,-24,152,160.90059042775448
283615,23631.0,115200,44,99366,-0.0126,0.6904,-0.103,-0.984,-0.177,0.031,46,-25,153,161.7096162879623
283720,23631.0,115200,44,99366,-0.007,0.6899,-0.1098,-0.987,-0.156,0.033,47,-24,153,161.8456054392581
283828,23621.0,115200,44,99365,0.0036,0.6888,-0.1215,-0.978,-0.163,0.043,46,-22,152,160.32467059064865
283916,23621.0,115200,44,99368,0.0194,0.6861,-0.1388,-0.992,-0.16,0.033,46,-21,153,161.13969095167087
284018,23621.0,112320,44,99368,0.0402,0.6821,-0.1611,-0.983,-0.174,0.048,45,-19,150,157.7529714458653
284119,23621.0,112320,44,99366,0.0624,0.6768,-0.1851,-0.986,-0.125,0.052,45,-16,152,159.3267083699403
284223,23621.0,112320,44,99362,0.0844,0.6708,-0.2088,-0.989,-0.128,0.058,44,-14,151,157.90186826000507
284319,23611.0,109440,44,99361,0.1063,0.6641,-0.2323,-0.982,-0.152,0.072,44,-11,151,157.66420012165096
284416,23611.0,109440,44,99361,0.1282,0.6566,-0.2556,-0.984,-0.107,0.065,44,-10,150,156.6397139936102
284518,23611.0,106560,44,99367,0.1498,0.6485,-0.2786,-0.985,-0.108,0.073,44,-6,149,155.47668635522177
284637,23621.0,106560,44,99361,0.1711,0.6398,-0.3005,-0.978,-0.108,0.076,42,-5,147,152.9640480635891
284722,23621.0,106560,44,99361,0.1921,0.6341,-0.3142,-0.984,-0.093,0.086,42,-2,147,152.8953890737062
284825,23621.0,103680,44,99366,0.209,0.6304,-0.3218,-0.984,-0.08,0.088,43,-1,146,152.20381072758985
284920,23611.0,103680,44,99361,0.2181,0.6279,-0.3267,-0.981,-0.08,0.089,42,1,145,150.96357176484665
285016,23611.0,103680,44,99361,0.2225,0.6278,-0.3265,-0.982,-0.117,0.091,43,-1,143,149.32849694549262
285120,23611.0,103680,44,99361,0.2251,0.6272,-0.329,-0.979,-0.121,0.094,43,0,145,151.24152868838638
285225,23621.0,100800,44,99363,0.2324,0.6245,-0.3365,-0.982,-0.117,0.094,41,1,142,147.8039241698271
285321,23621.0,100800,44,99359,0.2442,0.6193,-0.3489,-0.982,-0.122,0.091,42,2,144,150.0133327407934
285416,23621.0,97920,44,99359,0.2607,0.611,-0.3662,-0.98,-0.122,0.096,41,4,142,147.8546583642193
285520,23621.0,97920,44,99366,0.2811,0.6,-0.3868,-0.98,-0.095,0.098,42,4,141,147.1767644704829
285625,23621.0,97920,44,99361,0.301,0.5879,-0.4076,-0.985,-0.052,0.101,41,6,138,144.08677940741129
285725,23621.0,95040,44,99361,0.3206,0.5751,-0.4279,-0.979,-0.087,0.103,40,7,137,142.8915672809281
285824,23621.0,95040,44,99359,0.34,0.5617,-0.4477,-0.981,-0.079,0.105,40,9,134,140.1320805525987
285920,23621.0,95040,44,99360,0.3588,0.5476,-0.4672,-0.985,-0.032,0.107,41,10,134,140.48843368761715
286025,23621.0,95040,44,99360,0.3773,0.5329,-0.4861,-0.979,-0.06,0.104,40,12,130,136.54303350958628
286121,23621.0,95040,44,99361,0.3956,0.5178,-0.5043,-0.981,-0.041,0.106,40,12,129,135.5912976558599
286225,23621.0,95040,44,99361,0.4136,0.5021,-0.5218,-0.987,-0.008,0.109,38,14,124,130.44539087296263
286323,23621.0,97920,44,99367,0.4327,0.4863,-0.5374,-0.979,-0.044,0.105,39,15,123,129.9038105676658
286427,23621.0,97920,44,99367,0.4518,0.47,-0.552,-0.982,-0.029,0.105,37,15,121,127.41663941573722
286521,23631.0,97920,44,99362,0.4708,0.4531,-0.5657,-0.987,0.009,0.102,39,15,120,127.06691150728422
286626,23611.0,97920,44,99361,0.4889,0.4358,-0.5791,-0.981,-0.018,0.1,37,16,116,122.804723036209
286720,23611.0,97920,44,99361,0.5051,0.4179,-0.593,-0.982,0.005,0.092,38,14,114,120.97933707869292
286828,23611.0,100800,44,99359,0.5214,0.3997,-0.6057,-0.984,0.038,0.091,37,15,110,117.0213655705658
286920,23621.0,100800,44,99366,0.5356,0.3808,-0.6191,-0.979,-0.006,0.091,38,14,110,117.21774609674084
287025,23611.0,97920,44,99362,0.551,0.3616,-0.6303,-0.986,0.015,0.087,36,15,107,113.8859078200635
287120,23611.0,97920,44,99362,0.5657,0.342,-0.6408,-0.987,0.056,0.075,36,13,105,111.75866856758807
287226,23611.0,97920,44,99359,0.5789,0.322,-0.6513,-0.983,0.017,0.077,36,14,102,109.06878563548784
287320,23611.0,97920,44,99361,0.5916,0.3017,-0.6611,-0.986,0.042,0.069,36,12,101,107.89346597454362
287428,23611.0,100800,44,99361,0.6032,0.2812,-0.6706,-0.984,0.076,0.063,34,12,99,105.3612832116238
287520,23621.0,106560,44,99365,0.6137,0.2604,-0.6796,-0.984,0.023,0.063,36,10,96,103.01456207740728
287625,23621.0,109440,44,99363,0.6239,0.2391,-0.6876,-0.987,0.047,0.053,34,9,95,101.3015300970326
287720,23621.0,115200,44,99363,0.6335,0.2176,-0.6948,-0.986,0.088,0.041,35,8,94,100.62305898749054
287817,23611.0,118080,44,99361,0.642,0.1959,-0.7015,-0.987,0.045,0.043,34,8,92,98.40731680114035
287920,23611.0,120960,44,99359,0.6497,0.174,-0.7076,-0.992,0.068,0.031,34,5,91,97.27281223445738
288026,23621.0,120960,44,99361,0.6572,0.1519,-0.7124,-0.984,0.078,0.027,34,4,89,95.35722311393091
288126,23621.0,123840,44,99361,0.6636,0.1296,-0.7168,-0.994,0.095,0.017,34,1,87,93.41306118525397
288217,23611.0,126720,44,99360,0.6698,0.1071,-0.72,-0.988,0.088,0.005,34,0,85,91.54780172128658
288320,23611.0,126720,44,99363,0.6753,0.0844,-0.7222,-0.989,0.08,0.008,33,-1,86,92.11948762341224
288422,23611.0,129600,44,99363,0.6792,0.062,-0.7246,-0.996,0.097,-0.007,32,-2,83,88.97752525216691
288525,23611.0,126720,44,99363,0.6828,0.0393,-0.7257,-0.992,0.08,-0.016,33,-6,83,89.52094726934027
288627,23621.0,126720,44,99364,0.6864,0.0163,-0.7252,-0.991,0.089,-0.018,32,-6,83,89.15716460273958
288716,23621.0,123840,44,99364,0.6886,-0.0065,-0.7246,-0.996,0.094,-0.029,33,-9,83,89.77193325310535
288816,23611.0,120960,44,99363,0.6901,-0.0292,-0.7231,-0.992,0.081,-0.038,32,-10,82,88.58893836140041
288920,23621.0,118080,44,99362,-0.6916,0.0522,0.7202,-0.991,0.073,-0.04,33,-13,81,88.42510955605314
289016,23611.0,115200,44,99361,-0.6909,0.0745,0.7177,-0.997,0.085,-0.051,32,-15,81,88.3742043811428
289116,23611.0,109440,44,99361,-0.6901,0.097,0.7139,-0.996,0.063,-0.058,33,-18,82,90.20532135079394
289225,23621.0,103680,44,99363,-0.6894,0.1197,0.7084,-0.993,0.077,-0.061,31,-18,80,87.66413177577246
289320,23611.0,100800,44,99364,-0.6867,0.1416,0.7035,-0.998,0.082,-0.074,31,-20,81,89.00561780022652
289416,23611.0,92160,44,99364,-0.6845,0.1641,0.6964,-0.994,0.066,-0.081,32,-23,82,90.97801932335084
289516,23611.0,86400,44,99363,-0.6809,0.186,0.6893,-0.994,0.056,-0.082,32,-25,83,92.40129869217208
289616,23611.0,77760,44,99362,-0.6772,0.2081,0.6807,-0.998,0.063,-0.092,32,-26,82,91.78235124467012
289716,23611.0,74880,44,99362,-0.6728,0.2299,0.6714,-0.997,0.043,-0.095,31,-30,85,95.3205119583398
289816,23621.0,66240,44,99362,-0.667,0.251,0.662,-0.997,0.05,-0.1,32,-31,84,95.08417323613853
289919,23611.0,63360,44,99362,-0.661,0.2723,0.6513,-1.001,0.053,-0.107,33,-33,86,97.84681905918046
290028,23611.0,54720,44,99364,-0.6544,0.2931,0.6398,-0.997,0.028,-0.113,32,-34,86,97.85703858180054
290116,23611.0,51840,44,99364,-0.6458,0.3128,0.6289,-0.996,0.021,-0.113,31,-35,88,99.6493853468249
290225,23611.0,43200,44,99363,-0.6377,0.333,0.616,-0.998,0.028,-0.117,33,-39,89,102.62066068779716
290316,23611.0,40320,44,99364,-0.6278,0.3519,0.6037,-1.001,-0.003,-0.118,32,-40,91,104.42700800080408
290417,23611.0,40320,44,99364,-0.6178,0.3704,0.5905,-0.996,0.017,-0.124,32,-40,91,104.42700800080408
290518,23601.0,40320,44,99363,-0.611,0.3878,0.5775,-0.997,0.016,-0.123,32,-41,93,106.55515003977987
290629,23611.0,40320,44,99363,-0.607,0.4013,0.567,-0.999,0.005,-0.121,32,-43,96,109.9499886311954
290720,23621.0,40320,44,99361,-0.6066,0.4121,0.5585,-0.998,0.003,-0.123,33,-43,96,110.2451813005902
290821,23621.0,40320,44,99361,-0.6073,0.4168,0.5548,-0.997,-0.007,-0.121,33,-43,97,111.11705539655016
290921,23611.0,40320,44,99365,-0.6095,0.4181,0.5524,-0.996,-0.013,-0.122,34,-43,97,111.41813137905338
291021,23601.0,40320,44,99363,-0.6109,0.4189,0.5509,-0.998,-0.01,-0.123,34,-43,97,111.41813137905338
291120,23601.0,40320,44,99363,-0.6119,0.4194,0.5498,-0.997,-0.009,-0.123,34,-43,97,111.41813137905338
291221,23611.0,40320,44,99365,-0.6126,0.4199,0.549,-0.998,-0.012,-0.123,33,-43,97,111.11705539655016
291323,23611.0,40320,44,99364,-0.6132,0.4202,0.5483,-0.997,-0.011,-0.122,34,-43,97,111.41813137905338
291422,23611.0,40320,44,99364,-0.6137,0.4205,0.5478,-0.997,-0.011,-0.122,33,-43,97,111.11705539655016
291520,23621.0,40320,44,99367,-0.6141,0.4207,0.5474,-0.996,-0.011,-0.122,33,-43,96,110.2451813005902
291621,23611.0,40320,44,99361,-0.6144,0.4208,0.547,-0.997,-0.01,-0.123,34,-42,97,111.03603018840326
291720,23611.0,40320,44,99361,-0.6147,0.421,0.5467,-0.997,-0.011,-0.121,33,-43,96,110.2451813005902
291821,23611.0,40320,44,99361,-0.615,0.4211,0.5464,-0.991,-0.01,-0.126,34,-43,95,109.6813566655701
291918,23611.0,40320,44,99365,-0.6177,0.4189,0.5464,-0.953,-0.038,-0.158,32,-41,98,110.94593277808792
292026,23611.0,40320,44,99364,-0.6234,0.4102,0.5511,-1.002,0.006,-0.123,34,-41,95,108.91280916402808
292116,23611.0,40320,44,99364,-0.6315,0.3978,0.5586,-1.0,0.005,-0.122,34,-41,94,108.04165863221463
292220,23611.0,40320,44,99364,-0.6419,0.3812,0.569,-0.984,0.006,-0.128,35,-40,93,107.1167587261676
292317,23601.0,40320,44,99363,-0.6534,0.3607,0.5815,-1.0,0.001,-0.131,33,-38,89,102.24480426897009
292420,23601.0,40320,44,99363,-0.6643,0.3399,0.5932,-0.996,-0.054,-0.122,33,-37,89,101.87737727287644
292522,23611.0,43200,45,99365,-0.6746,0.3188,0.6042,-1.004,-0.017,-0.125,34,-34,86,98.5291834940288
292622,23601.0,48960,44,99363,-0.6839,0.2977,0.6146,-1.0,0.016,-0.133,33,-32,86,97.51410154434076
292728,23611.0,54720,44,99363,-0.6926,0.2758,0.6243,-1.008,-0.022,-0.116,33,-30,84,95.10520490488416
292824,23611.0,57600,44,99363,-0.7002,0.2544,0.6331,-0.992,-0.022,-0.123,32,-29,84,94.451045520947
292916,23621.0,60480,44,99367,-0.7073,0.233,0.641,-0.992,0.019,-0.131,34,-24,82,91.9565114605812
293016,23611.0,63360,44,99363,-0.7135,0.2109,0.6482,-0.989,-0.032,-0.124,33,-23,83,92.233399590387
293116,23611.0,66240,44,99363,-0.7189,0.1886,0.6546,-1.008,-0.01,-0.12,35,-20,82,91.37286249209882
293217,23611.0,74880,44,99367,-0.7236,0.1666,0.6601,-1.004,0.02,-0.127,34,-18,81,89.67162315916892
293318,23601.0,77760,44,99365,-0.7276,0.1444,0.6647,-0.986,-0.029,-0.132,34,-16,80,88.38551917593742
293416,23601.0,77760,44,99365,-0.7306,0.122,0.6687,-0.991,-0.003,-0.119,35,-15,81,89.50418984606252
293516,23601.0,80640,44,99365,-0.7329,0.0996,0.6718,-0.996,0.025,-0.125,34,-12,81,88.66228059327146
293616,23601.0,86400,44,99365,-0.7349,0.0771,0.6736,-1.013,0.059,-0.119,34,-10,82,89.33084573650918
293716,23611.0,86400,44,99366,0.7357,-0.0549,-0.675,-0.996,-0.015,-0.119,34,-8,82,89.12911982062877
293816,23611.0,89280,44,99366,0.7355,-0.0326,-0.6759,-0.997,0.044,-0.133,36,-5,84,91.52595260361949
293918,23611.0,89280,44,99369,0.7346,-0.0103,-0.6759,-1.002,0.062,-0.117,34,-3,83,89.74408058473828
294019,23611.0,89280,44,99364,0.7328,0.0114,-0.6751,-0.99,-0.022,-0.123,36,-1,84,91.39474820797966
294123,23611.0,89280,44,99364,0.7308,0.0336,-0.6731,-0.984,0.073,-0.119,35,2,85,91.94563611178074
294228,23601.0,89280,44,99370,0.7275,0.0554,-0.6708,-1.008,0.084,-0.122,36,3,87,94.2019108086455
294320,23611.0,86400,44,99367,0.7232,0.0767,-0.668,-0.982,-0.004,-0.11,37,6,88,95.65040512198576
294425,23601.0,86400,44,99366,0.7182,0.0978,-0.6644,-0.989,0.061,-0.114,37,6,89,96.57121724406296
294521,23601.0,86400,44,99366,0.7129,0.1196,-0.6596,-0.989,0.094,-0.118,37,9,91,98.6458311334037
294625,23611.0,83520,44,99367,0.7064,0.1407,-0.6545,-1.011,0.023,-0.106,38,10,94,101.88228501560025
294720,23611.0,77760,44,99369,0.6992,0.161,-0.6488,-0.999,0.103,-0.102,38,12,94,102.09799214480176
294825,23611.0,77760,44,99369,0.692,0.1829,-0.6417,-0.996,0.113,-0.101,38,12,96,103.94229168149026
294920,23601.0,74880,45,99366,0.683,0.2027,-0.6349,-0.988,0.03,-0.092,39,14,98,106.40018796975878
295029,23601.0,74880,44,99367,0.6734,0.2226,-0.6272,-1.0,0.094,-0.088,40,14,101,109.5308175811721
295120,23601.0,74880,44,99367,0.663,0.2421,-0.6189,-0.992,0.103,-0.085,39,16,101,109.4440496326776
295225,23611.0,74880,44,99367,0.6526,0.2619,-0.6096,-0.985,0.049,-0.075,40,16,105,113.49449325848369
295320,23611.0,77760,44,99366,0.6408,0.2806,-0.6002,-1.001,0.125,-0.072,39,17,107,115.14773119779652
295426,23591.0,77760,44,99363,0.6283,0.2991,-0.5901,-0.998,0.13,-0.064,41,18,110,118.76447280226525
295520,23591.0,80640,44,99363,0.615,0.3173,-0.5793,-0.992,0.044,-0.046,40,18,112,120.28299963003916
295626,23611.0,83520,44,99369,0.6013,0.3348,-0.5681,-0.983,0.123,-0.05,42,19,115,123.89511693363868
295721,23601.0,86400,44,99371,0.5868,0.3524,-0.5563,-1.006,0.107,-0.047,41,19,117,125.42328332490742
295828,23601.0,86400,44,99371,0.5717,0.3695,-0.5438,-0.989,0.056,-0.025,43,19,121,129.81140165640304
295920,23611.0,89280,44,99369,0.5561,0.386,-0.5308,-0.992,0.105,-0.022,43,20,122,130.89308614285173
296026,23601.0,89280,44,99361,0.5397,0.4021,-0.5175,-0.979,0.129,-0.026,45,19,126,135.13696755514383
296120,23601.0,89280,44,99361,0.5229,0.4181,-0.5038,-0.989,0.064,-0.017,43,19,128,136.35981812836215
296226,23591.0,92160,44,99363,0.5053,0.4336,-0.4891,-0.992,0.099,0.001,45,19,131,139.810586151407
296320,23601.0,92160,44,99361,0.4872,0.4486,-0.4743,-0.989,0.102,-0.007,44,18,133,141.24092891226678
296425,23601.0,92160,44,99369,0.4687,0.4632,-0.459,-0.978,0.077,0.004,47,18,137,145.95204691952765
296512,23601.0,92160,44,99369,0.4498,0.4774,-0.4434,-1.006,0.043,0.027,44,16,138,145.72576985557495
296626,23591.0,92160,44,99367,0.4301,0.4911,-0.4271,-0.994,0.083,0.021,46,16,142,150.11995203836165
296718,23591.0,92160,44,99364,0.4099,0.5044,-0.4105,-0.981,0.067,0.025,46,14,144,151.81567771478674
296823,23591.0,95040,44,99364,0.3895,0.5172,-0.3937,-0.993,0.035,0.037,46,14,144,151.81567771478674
296922,23601.0,95040,44,99362,0.3684,0.5296,-0.3765,-0.99,0.072,0.04,47,13,147,154.87737084545307
297025,23601.0,95040,44,99363,0.347,0.5413,-0.359,-0.995,0.054,0.045,48,11,150,157.87653403846943
297127,23601.0,97920,44,99368,0.3251,0.5527,-0.341,-0.989,-0.016,0.055,49,9,152,159.9562440169186
297228,23601.0,97920,44,99368,0.303,0.5637,-0.3229,-1.005,0.042,0.054,48,7,153,160.50545162080945
297320,23601.0,97920,44,99367,0.2803,0.574,-0.3044,-0.988,0.019,0.051,49,6,157,164.57824886661055
297434,23601.0,97920,44,99373,0.2573,0.5837,-0.2856,-0.991,-0.011,0.058,50,2,159,166.68833192518306
297520,23601.0,97920,44,99373,0.2342,0.5932,-0.2664,-0.984,0.029,0.058,50,0,162,169.54055562018192
297618,23601.0,97920,44,99365,0.2113,0.6021,-0.2471,-1.003,-0.001,0.061,49,-2,163,170.21750791267036
297718,23591.0,97920,44,99364,0.1878,0.6103,-0.2273,-0.976,-0.023,0.058,52,-5,165,173.07223925286226
297816,23591.0,95040,44,99364,0.164,0.6181,-0.207,-0.996,-0.014,0.057,50,-10,166,173.65483005087995
297916,23601.0,95040,44,99364,0.1403,0.6255,-0.1868,-0.983,-0.016,0.049,52,-12,168,176.27251629224563
298016,23601.0,95040,44,99374,0.1164,0.6324,-0.1662,-1.004,-0.068,0.059,51,-14,169,177.08190195499935
298118,23601.0,92160,44,99367,0.0924,0.6385,-0.1455,-0.985,-0.013,0.041,52,-18,171,179.63574254585305
298216,23601.0,92160,44,99367,0.0685,0.6441,-0.1247,-0.995,-0.044,0.047,52,-21,170,179.0111728356641
298316,23591.0,89280,44,99367,0.0442,0.6493,-0.1035,-0.987,-0.077,0.029,52,-25,173,182.36776030866855
298416,23591.0,89280,44,99367,0.0201,0.654,-0.0824,-0.992,-0.03,0.038,52,-29,172,182.01373574541017
298516,23591.0,89280,44,99367,-0.0039,0.6579,-0.0613,-0.983,-0.061,0.007,54,-32,172,183.09560344257315
298618,23591.0,89280,44,99369,-0.0236,0.6613,-0.0439,-0.997,-0.07,0.021,54,-37,171,183.10106498871053
298724,23591.0,86400,44,99369,-0.038,0.6709,-0.0314,-0.998,-0.097,-0.006,53,-39,171,183.22390673708497
298818,23591.0,86400,44,99369,-0.0466,0.6823,-0.0243,-1.038,-0.13,-0.013,54,-42,173,186.03494295427404
298916,23591.0,86400,44,99365,-0.05,0.6849,-0.0234,-1.01,-0.093,0.0,52,-41,173,185.2403843658288
299016,23601.0,83520,44,99367,-0.0496,0.6849,-0.0236,-0.952,-0.036,0.007,54,-40,173,185.59364213248256
299121,23601.0,83520,44,99366,-0.0483,0.6867,-0.0219,-0.957,-0.069,-0.017,54,-41,172,184.8810428356569
299226,23601.0,83520,44,99366,-0.0457,0.6912,-0.0188,-0.967,-0.079,-0.022,54,-41,174,186.7431390975315
299321,23601.0,83520,44,99367,-0.041,0.6983,-0.0139,-0.947,-0.047,-0.011,52,-42,174,186.3974248749161
299426,23591.0,80640,44,99368,-0.0364,0.7026,-0.0094,-1.04,-0.082,-0.007,52,-43,175,187.5579910321072
299521,23591.0,77760,44,99368,-0.0337,0.7049,-0.0067,-1.026,-0.044,-0.008,51,-44,177,189.3832093930188
299630,23591.0,77760,44,99365,-0.0327,0.7058,-0.0056,-1.027,-0.055,-0.018,50,-44,177,189.1163662933486
299717,23591.0,77760,44,99368,-0.0323,0.7051,-0.006,-1.003,-0.011,-0.016,51,-45,177,189.6180371167258
299817,23591.0,77760,44,99368,-0.0319,0.7053,-0.0061,-0.994,-0.038,-0.019,51,-44,178,190.3181546778972
299920,23601.0,77760,44,99369,-0.0314,0.7068,-0.0055,-0.993,-0.048,-0.032,51,-44,177,189.3832093930188
300022,23591.0,77760,44,99369,-0.031,0.7076,-0.0051,-1.003,-0.043,-0.022,51,-43,178,190.08945262691455
300121,23601.0,77760,44,99373,-0.0308,0.7082,-0.0048,-1.0,-0.043,-0.018,46,-51,178,190.7904609774818
300222,23601.0,77760,44,99373,-0.0306,0.7088,-0.0046,-0.994,-0.044,-0.022,47,-49,179,191.44450893143943
300335,23601.0,77760,44,99367,-0.0304,0.7093,-0.0044,-0.997,-0.044,-0.018,49,-48,178,190.7590102721232
300422,23591.0,77760,44,99368,-0.0303,0.7096,-0.0042,-0.996,-0.041,-0.018,49,-46,180,192.1379712602379
300518,23591.0,77760,44,99368,-0.0302,0.7099,-0.0041,-0.995,-0.042,-0.021,52,-43,178,190.36018491270696
300617,23591.0,77760,44,99365,-0.0301,0.7102,-0.004,-0.996,-0.043,-0.023,54,-41,177,189.5415521726041
300720,23591.0,77760,44,99368,-0.0299,0.7104,-0.0038,-0.997,-0.044,-0.019,57,-41,177,190.41796133768472
300814,23591.0,77760,44,99367,-0.0299,0.7106,-0.0038,-0.998,-0.043,-0.019,59,-39,175,188.75115893683935
300920,23591.0,77760,44,99367,-0.0298,0.7108,-0.0037,-0.997,-0.045,-0.02,59,-39,175,188.75115893683935
301022,23591.0,77760,44,99368,-0.0297,0.7109,-0.0036,-0.998,-0.044,-0.022,62,-38,173,187.66193007640095
301126,23591.0,77760,44,99366,-0.0297,0.7111,-0.0035,-0.997,-0.044,-0.019,61,-39,172,186.61725536509212
301229,23591.0,77760,44,99366,-0.0296,0.7112,-0.0035,-0.997,-0.043,-0.02,63,-40,171,186.5743819499344
301323,23591.0,77760,44,99368,-0.0296,0.7112,-0.0035,-0.998,-0.043,-0.019,63,-41,172,187.70721882761995
301416,23591.0,77760,44,99370,-0.0296,0.7112,-0.0035,-0.998,-0.045,-0.02,64,-43,171,187.57931655702345
301516,23591.0,77760,44,99370,-0.0296,0.7112,-0.0035,-0.997,-0.043,-0.016,63,-45,171,187.70988253152788
301616,23591.0,77760,44,99367,-0.0296,0.7112,-0.0035,-0.997,-0.043,-0.021,64,-47,171,188.53646862079495
301716,23591.0,77760,44,99368,-0.0296,0.7112,-0.0035,-0.997,-0.043,-0.018,62,-49,173,190.19463714836968
301819,23591.0,77760,44,99369,-0.0296,0.7112,-0.0035,-0.996,-0.044,-0.02,62,-50,173,190.4547190279096
301919,23591.0,77760,44,99369,-0.0296,0.7112,-0.0035,-0.995,-0.042,-0.019,62,-52,175,192.803008275286
302017,23591.0,77760,44,99365,-0.0296,0.7112,-0.0035,-0.997,-0.043,-0.02,61,-53,176,193.6646586241279
302120,23581.0,77760,44,99362,-0.0296,0.7112,-0.0035,-0.997,-0.044,-0.018,62,-56,177,195.7268504830137
302217,23581.0,77760,44,99362,-0.0296,0.7112,-0.0035,-0.997,-0.042,-0.019,61,-56,179,197.2257589667232
302316,23591.0,77760,44,99367,-0.0296,0.7112,-0.0035,-0.997,-0.043,-0.02,62,-57,179,197.82315334661916
302417,23581.0,77760,44,99367,-0.0296,0.7112,-0.0035,-0.998,-0.043,-0.02,63,-57,181,199.9474931075656
302519,23581.0,77760,44,99367,-0.0296,0.7112,-0.0035,-0.997,-0.045,-0.022,63,-57,180,199.0427089847805
302616,23581.0,77760,44,99365,-0.0296,0.7112,-0.0035,-0.997,-0.044,-0.022,64,-55,180,198.79889335708083
302716,23591.0,77760,44,99364,-0.0296,0.7112,-0.0035,-0.999,-0.046,-0.021,65,-57,179,198.7838021570168
302816,23591.0,77760,44,99369,-0.0296,0.7112,-0.0035,-0.996,-0.045,-0.023,64,-56,179,198.1741658239035
302916,23591.0,77760,44,99369,-0.0296,0.7112,-0.0035,-0.998,-0.043,-0.02,65,-55,177,196.41537618017588
303020,23591.0,77760,44,99367,-0.0296,0.7112,-0.0035,-0.995,-0.042,-0.02,65,-54,175,194.3347627162984
303117,23601.0,77760,44,99368,-0.0296,0.7112,-0.0035,-0.997,-0.045,-0.019,65,-54,173,192.53571097331528
303219,23601.0,77760,44,99368,-0.0296,0.7112,-0.0035,-0.997,-0.044,-0.018,65,-53,172,191.35830266805775
303320,23581.0,77760,44,99368,-0.0296,0.7112,-0.0035,-0.998,-0.043,-0.019,64,-54,169,188.60805921274945
303417,23591.0,77760,44,99371,-0.0296,0.7112,-0.0035,-0.997,-0.044,-0.022,62,-54,168,187.040102651811
303516,23591.0,77760,44,99371,-0.0296,0.7112,-0.0035,-0.998,-0.044,-0.02,61,-55,167,186.1048091802036
303616,23591.0,77760,44,99367,-0.0296,0.7112,-0.0035,-0.996,-0.043,-0.023,59,-55,165,183.66001197865583
303717,23581.0,77760,44,99373,-0.0296,0.7112,-0.0035,-0.997,-0.041,-0.025,56,-55,165,182.7183625145541
303817,23581.0,77760,44,99369,-0.0296,0.7112,-0.0035,-0.995,-0.043,-0.022,53,-57,164,181.53236626012455
303918,23581.0,77760,44,99369,-0.0296,0.7112,-0.0035,-0.997,-0.043,-0.019,65,-53,172,191.35830266805775
304017,23581.0,77760,44,99372,-0.0296,0.7112,-0.0035,-0.997,-0.042,-0.021,51,-46,179,191.723759612626
304122,23581.0,77760,44,99369,-0.0296,0.7112,-0.0035,-0.995,-0.044,-0.02,61,-39,174,188.46219780104445
304218,23581.0,77760,44,99369,-0.0296,0.7112,-0.0035,-0.998,-0.04,-0.019,61,-45,172,187.9627622695517
304325,23591.0,77760,45,99371,-0.0296,0.7112,-0.0035,-1.002,-0.052,-0.018,63,-45,170,186.7993576006085
304433,23591.0,77760,45,99369,-0.0278,0.7104,-0.0045,-1.05,-0.063,-0.005,62,-45,170,186.4644738281263
304519,23591.0,77760,45,99365,-0.0249,0.7075,-0.0023,-1.036,-0.059,0.004,64,-46,172,189.19830866051632
304616,23591.0,77760,45,99365,-0.0216,0.7035,0.0042,-1.023,-0.036,0.0,65,-47,171,188.87826767524103
304717,23581.0,83520,44,99370,-0.0146,0.698,0.0106,-1.039,-0.028,-0.042,64,-46,168,185.5693940282179
304816,23581.0,86400,44,99369,-0.0074,0.6918,0.0124,-1.062,-0.031,0.058,66,-47,168,186.5180956368577
304915,23581.0,89280,44,99369,-0.0031,0.6851,0.012,-1.029,0.029,0.042,67,-48,163,182.65267586323503
305018,23581.0,89280,44,99367,-0.0014,0.6784,0.0095,-1.04,0.056,0.093,66,-47,160,179.34603424664846
305114,23581.0,92160,44,99366,-0.0024,0.6719,0.0046,-1.042,-0.017,0.062,66,-46,157,176.41145087550296
305216,23581.0,95040,44,99366,-0.0059,0.6656,-0.003,-1.029,-0.016,0.042,67,-43,153,172.4731863218164
305317,23581.0,100800,44,99364,-0.0125,0.66,-0.0132,-0.979,-0.003,0.089,65,-42,149,167.89877903070052
305420,23581.0,106560,44,99364,-0.0203,0.6558,-0.0249,-0.939,-0.043,0.113,67,-39,147,166.1896507006378
305525,23581.0,109440,44,99364,-0.0268,0.6538,-0.0366,-0.923,-0.017,0.123,69,-38,145,165.01515081955353
305626,23581.0,112320,44,99364,-0.0311,0.6543,-0.0478,-0.951,-0.118,0.101,66,-34,142,160.23732399163436
305718,23571.0,115200,44,99360,-0.0334,0.6569,-0.0586,-0.928,-0.125,0.127,65,-32,143,160.3059574688352
305816,23581.0,115200,44,99365,-0.0331,0.6615,-0.0685,-0.967,-0.157,0.123,64,-30,142,158.61904047118682
305917,23581.0,118080,44,99365,-0.0303,0.6674,-0.078,-0.943,-0.134,0.116,64,-29,141,157.53729717117784
306018,23581.0,118080,45,99367,-0.0257,0.6745,-0.0854,-0.915,-0.081,0.134,63,-28,143,158.75137794677562
306117,23581.0,118080,44,99361,-0.0228,0.6827,-0.0901,-0.897,-0.133,0.072,62,-26,144,158.92136420255144
306226,23581.0,118080,44,99361,-0.0201,0.6885,-0.095,-0.927,-0.154,0.064,59,-26,144,157.77515647274765
306317,23571.0,118080,44,99361,-0.0171,0.6901,-0.099,-0.93,-0.138,0.075,60,-25,146,159.8155186457185
306417,23581.0,115200,44,99368,-0.0165,0.6901,-0.0992,-1.004,-0.148,0.021,59,-26,146,159.6026315572522
306518,23581.0,115200,44,99364,-0.0162,0.6905,-0.0989,-0.975,-0.149,0.036,59,-25,147,160.3589723090043
306626,23581.0,115200,44,99364,-0.0157,0.6913,-0.0982,-0.994,-0.148,0.029,58,-25,147,159.99374987792493
306717,23561.0,115200,44,99362,-0.0155,0.6917,-0.098,-0.985,-0.15,0.028,58,-25,147,159.99374987792493
306822,23571.0,115200,44,99360,-0.0151,0.6922,-0.0976,-0.981,-0.15,0.036,58,-25,146,159.07545379473223
306917,23571.0,115200,44,99360,-0.0149,0.6925,-0.0973,-0.989,-0.147,0.029,59,-25,145,158.52760012060992
307022,23571.0,115200,44,99364,-0.0147,0.6928,-0.0971,-0.982,-0.152,0.032,58,-25,146,159.07545379473223
307117,23561.0,115200,44,99360,-0.0145,0.693,-0.0969,-0.983,-0.148,0.033,59,-25,146,159.44277970482077
307222,23571.0,115200,44,99364,-0.0144,0.6932,-0.0967,-0.989,-0.148,0.026,59,-25,147,160.3589723090043
307319,23571.0,115200,44,99364,-0.0142,0.6934,-0.0966,-0.982,-0.149,0.031,58,-26,146,159.23567439490435
307424,23571.0,115200,44,99362,-0.0141,0.6936,-0.0964,-0.984,-0.149,0.031,59,-25,147,160.3589723090043
307518,23561.0,115200,44,99360,-0.0141,0.6937,-0.0963,-0.987,-0.15,0.031,59,-26,147,160.51791177311023
307617,23561.0,115200,44,99360,-0.014,0.6938,-0.0962,-0.983,-0.149,0.033,59,-25,146,159.44277970482077
307716,23571.0,115200,44,99365,-0.014,0.6938,-0.0962,-0.988,-0.147,0.032,59,-25,146,159.44277970482077
307890,23561.0,115200,44,99362,-0.014,0.6938,-0.0962,-0.984,-0.149,0.03,59,-25,147,160.3589723090043
307916,23561.0,115200,44,99362,-0.014,0.6938,-0.0962,-0.985,-0.148,0.032,58,-25,147,159.99374987792493
308017,23571.0,115200,44,99363,-0.014,0.6938,-0.0962,-0.984,-0.149,0.029,59,-25,146,159.44277970482077
308116,23571.0,115200,44,99360,-0.014,0.6938,-0.0962,-0.982,-0.148,0.032,59,-25,147,160.3589723090043
308218,23551.0,118080,44,99361,-0.014,0.6938,-0.0962,-0.984,-0.148,0.032,59,-25,146,159.44277970482077
308317,23551.0,115200,44,99361,-0.014,0.6938,-0.0962,-0.988,-0.149,0.031,58,-26,146,159.23567439490435
308418,23571.0,115200,44,99363,-0.014,0.6938,-0.0962,-0.983,-0.15,0.03,59,-25,146,159.44277970482077
308617,23561.0,115200,44,99360,-0.014,0.6938,-0.0962,-0.986,-0.15,0.029,58,-25,146,159.07545379473223
308716,23561.0,115200,45,99361,-0.014,0.6938,-0.0962,-0.982,-0.15,0.031,59,-25,146,159.44277970482077
308819,23561.0,115200,44,99361,-0.014,0.6938,-0.0962,-0.985,-0.147,0.031,58,-26,145,158.31929762350515
308916,23561.0,115200,44,99361,-0.014,0.6938,-0.0962,-0.985,-0.149,0.03,59,-25,146,159.44277970482077
309016,23561.0,115200,44,99364,-0.014,0.6938,-0.0962,-0.985,-0.148,0.033,59,-26,146,159.6026315572522
309116,23561.0,115200,44,99364,-0.014,0.6938,-0.0962,-0.986,-0.149,0.032,59,-25,147,160.3589723090043
309211,23561.0,115200,44,99362,-0.014,0.6938,-0.0962,-0.985,-0.15,0.031,59,-25,146,159.44277970482077
309314,23561.0,115200,44,99362,-0.014,0.6938,-0.0962,-0.984,-0.149,0.032,59,-25,146,159.44277970482077
309416,23571.0,115200,45,99362,-0.014,0.6938,-0.0962,-0.985,-0.148,0.033,59,-25,148,161.27616066858735
309516,23561.0,115200,44,99360,-0.014,0.6938,-0.0962,-0.985,-0.147,0.031,58,-25,146,159.07545379473223
309628,23561.0,115200,44,99360,-0.014,0.6938,-0.0962,-0.984,-0.147,0.03,59,-25,146,159.44277970482077
309720,23561.0,115200,44,99362,-0.014,0.6938,-0.0962,-0.986,-0.149,0.031,59,-25,147,160.3589723090043
309824,23561.0,115200,44,99360,-0.014,0.6938,-0.0962,-0.984,-0.148,0.031,59,-26,146,159.6026315572522
309916,23561.0,115200,44,99360,-0.014,0.6938,-0.0962,-0.985,-0.15,0.03,58,-25,146,159.07545379473223
310017,23561.0,115200,44,99362,-0.014,0.6938,-0.0962,-0.984,-0.149,0.031,59,-25,145,158.52760012060992
310116,23561.0,115200,45,99361,-0.014,0.6938,-0.0962,-0.984,-0.149,0.031,59,-25,146,159.44277970482077
310223,23571.0,115200,44,99361,-0.014,0.6938,-0.0962,-0.984,-0.149,0.03,58,-24,146,158.92136420255144
310316,23571.0,115200,44,99361,-0.014,0.6938,-0.0962,-0.985,-0.148,0.028,59,-25,146,159.44277970482077
310417,23571.0,115200,44,99366,-0.014,0.6938,-0.0962,-0.983,-0.15,0.032,58,-25,146,159.07545379473223
310516,23561.0,115200,44,99360,-0.014,0.6938,-0.0962,-0.985,-0.149,0.03,59,-24,146,159.2890454488318
310617,23561.0,115200,44,99360,-0.014,0.6938,-0.0962,-0.983,-0.147,0.032,59,-25,145,158.52760012060992
310718,23571.0,115200,45,99360,-0.014,0.6938,-0.0962,-0.985,-0.147,0.033,59,-25,146,159.44277970482077
310817,23561.0,115200,44,99362,-0.014,0.6938,-0.0962,-0.983,-0.147,0.03,58,-25,147,159.99374987792493
310916,23561.0,115200,45,99361,-0.014,0.6938,-0.0962,-0.985,-0.149,0.031,59,-25,146,159.44277970482077
311017,23561.0,115200,45,99361,-0.014,0.6938,-0.0962,-0.983,-0.148,0.031,58,-26,147,160.15305179733542
311116,23561.0,118080,44,99362,-0.014,0.6938,-0.0962,-0.984,-0.149,0.03,58,-25,146,159.07545379473223
311218,23561.0,115200,44,99360,-0.014,0.6938,-0.0962,-0.985,-0.148,0.031,59,-24,146,159.2890454488318
311316,23561.0,115200,44,99360,-0.014,0.6938,-0.0962,-0.985,-0.149,0.031,59,-25,147,160.3589723090043
311418,23571.0,118080,44,99364,-0.0144,0.6936,-0.0957,-0.929,-0.148,0.075,58,-25,146,159.07545379473223
311519,23561.0,118080,44,99360,-0.0182,0.6886,-0.092,-0.924,-0.155,0.078,61,-24,146,160.0406198438384
311616,23561.0,118080,44,99360,-0.0211,0.6819,-0.0869,-0.921,-0.128,0.097,60,-26,143,157.24185193516388
311717,23561.0,118080,44,99362,-0.0238,0.6736,-0.0813,-0.907,-0.101,0.078,61,-27,143,157.79416972752827
311816,23551.0,118080,45,99361,-0.0257,0.6666,-0.0741,-0.929,-0.06,0.205,62,-27,142,157.2800050864699
311918,23571.0,118080,44,99364,-0.0277,0.6613,-0.0632,-0.936,-0.125,0.107,63,-28,142,157.851195750935
312017,23571.0,118080,44,99364,-0.0272,0.6577,-0.0515,-0.956,-0.09,0.094,65,-30,143,159.91872935963443
312116,23571.0,115200,44,99366,-0.0248,0.656,-0.0398,-0.993,-0.106,0.089,66,-33,143,160.91612722160573
312217,23571.0,115200,45,99366,-0.0224,0.6557,-0.0294,-0.991,-0.036,0.103,66,-36,144,162.4438364481706
312319,23571.0,109440,45,99366,-0.0204,0.6571,-0.0202,-0.944,-0.022,0.047,68,-38,146,165.48111674750083
312416,23561.0,106560,44,99365,-0.0186,0.6599,-0.0123,-1.0,-0.007,0.129,68,-41,146,166.1956678135745
312516,23561.0,103680,44,99363,-0.0175,0.6644,-0.0055,-0.991,-0.035,0.103,70,-41,151,171.41178489240465
312617,23561.0,97920,44,99363,-0.0171,0.6703,-0.0001,-1.003,-0.021,0.083,68,-41,153,172.37749273034458
312720,23571.0,95040,44,99369,-0.0186,0.6775,0.0037,-1.05,-0.044,0.026,66,-43,155,173.86776584519626
312817,23561.0,92160,44,99366,-0.0229,0.6844,0.005,-1.029,-0.017,0.043,68,-43,160,179.0893631682239
312916,23561.0,92160,44,99363,-0.0285,0.6913,0.0022,-1.044,-0.046,0.026,67,-43,163,181.4028665705148
313018,23561.0,89280,44,99363,-0.033,0.6967,-0.0052,-1.054,-0.065,0.026,65,-43,165,182.4801359052541
313115,23561.0,86400,45,99366,-0.0364,0.7002,-0.0116,-1.032,-0.109,0.001,67,-44,167,185.2403843658288
313226,23561.0,86400,45,99365,-0.04,0.7023,-0.0146,-1.043,-0.114,0.013,65,-44,165,182.7183625145541
313339,23561.0,86400,45,99365,-0.0435,0.7026,-0.0159,-0.982,-0.089,-0.029,64,-42,168,184.61852561430555
313414,23561.0,86400,44,99366,-0.0432,0.7021,-0.0161,-0.954,-0.05,-0.009,64,-41,167,183.48296923692945
313511,23561.0,86400,44,99365,-0.0425,0.7022,-0.0153,-0.953,-0.065,-0.022,64,-42,168,184.61852561430555
313626,23561.0,83520,44,99365,-0.0403,0.7045,-0.0129,-0.964,-0.071,-0.023,64,-42,168,184.61852561430555
313720,23561.0,83520,44,99365,-0.0364,0.7081,-0.0091,-0.953,-0.043,-0.017,65,-43,169,186.1048091802036
313817,23561.0,80640,44,99366,-0.0326,0.7112,-0.0055,-1.027,-0.069,-0.01,62,-44,171,187.13898578329423
313921,23561.0,77760,45,99364,-0.0304,0.7123,-0.0034,-1.027,-0.051,-0.005,62,-44,171,187.13898578329423
314026,23561.0,77760,45,99364,-0.0297,0.7122,-0.0028,-1.023,-0.057,-0.017,62,-44,172,188.05318396666408
314123,23561.0,77760,44,99367,-0.0292,0.7114,-0.0033,-1.002,-0.014,-0.03,61,-44,170,185.8951317275415
314226,23561.0,77760,44,99366,-0.0291,0.7114,-0.0034,-0.994,-0.046,-0.022,62,-44,172,188.05318396666408
314328,23561.0,77760,44,99366,-0.0291,0.7118,-0.0034,-0.995,-0.049,-0.024,63,-46,171,187.95212156291296
314433,23571.0,77760,44,99369,-0.029,0.7118,-0.0033,-1.001,-0.05,-0.026,62,-41,176,191.05234884711572
314521,23561.0,77760,44,99366,-0.029,0.7119,-0.0033,-1.003,-0.041,-0.017,63,-42,175,190.6777386062673
314625,23561.0,77760,44,99366,-0.029,0.712,-0.0033,-0.996,-0.044,-0.021,62,-42,176,191.2694434560837
314721,23561.0,77760,44,99366,-0.029,0.7121,-0.0033,-0.995,-0.046,-0.022,61,-40,178,192.36683705878204
314823,23561.0,77760,44,99367,-0.029,0.7121,-0.0033,-0.996,-0.04,-0.019,61,-39,178,192.16139050287913
314921,23561.0,77760,44,99369,-0.029,0.7122,-0.0033,-0.997,-0.044,-0.019,60,-38,177,190.71706793048176
315017,23561.0,77760,44,99369,-0.029,0.7122,-0.0032,-0.998,-0.044,-0.018,59,-37,179,192.0702996301094
315116,23561.0,77760,44,99369,-0.029,0.7122,-0.0032,-0.995,-0.043,-0.02,59,-37,178,191.1386931000628
315220,23561.0,77760,45,99367,-0.029,0.7122,-0.0032,-0.997,-0.044,-0.019,57,-38,178,190.7275543805876
315317,23561.0,77760,45,99367,-0.029,0.7122,-0.0032,-0.997,-0.042,-0.018,55,-40,177,189.61540021844215
315416,23561.0,77760,44,99368,-0.029,0.7122,-0.0032,-0.997,-0.044,-0.018,53,-40,177,189.04496819540057
315516,23561.0,77760,44,99364,-0.029,0.7122,-0.0032,-0.995,-0.044,-0.018,52,-41,175,187.1095935541521
315617,23561.0,77760,44,99366,-0.029,0.7122,-0.0032,-0.997,-0.045,-0.02,50,-43,173,185.14318783039252
315716,23561.0,77760,44,99366,-0.029,0.7122,-0.0032,-0.995,-0.043,-0.02,50,-46,173,185.86285266292455
315819,23561.0,77760,44,99366,-0.029,0.7122,-0.0032,-0.999,-0.043,-0.016,48,-49,170,183.316665909022
315918,23561.0,77760,44,99372,-0.029,0.7122,-0.0032,-0.997,-0.042,-0.02,46,-52,169,182.70467974302136
316017,23561.0,77760,44,99372,-0.029,0.7122,-0.0032,-0.999,-0.043,-0.02,46,-53,169,182.99180309511135
316118,23561.0,77760,44,99369,-0.029,0.7122,-0.0032,-0.997,-0.043,-0.019,46,-55,168,182.6608879864543
316218,23551.0,77760,44,99364,-0.029,0.7122,-0.0032,-0.995,-0.041,-0.019,47,-57,168,183.52656483463096
316319,23551.0,77760,44,99364,-0.029,0.7122,-0.0032,-0.998,-0.043,-0.019,46,-59,167,182.99180309511135
316417,23561.0,77760,44,99366,-0.029,0.7122,-0.0032,-0.995,-0.045,-0.02,46,-59,167,182.99180309511135
316517,23561.0,77760,44,99364,-0.029,0.7122,-0.0032,-0.999,-0.046,-0.02,47,-61,166,182.99180309511135
316618,23571.0,77760,44,99368,-0.029,0.7122,-0.0032,-0.997,-0.043,-0.019,47,-62,167,184.23354743368537
316717,23571.0,77760,44,99368,-0.029,0.7122,-0.0032,-0.998,-0.044,-0.022,49,-62,168,185.6582882609877
316817,23561.0,77760,44,99368,-0.029,0.7122,-0.0032,-0.995,-0.045,-0.024,51,-61,169,186.76991192373572
317004,23561.0,77760,44,99367,-0.029,0.7122,-0.0032,-0.996,-0.041,-0.019,52,-62,170,188.2763925721969
317019,23561.0,77760,44,99367,-0.029,0.7122,-0.0032,-0.997,-0.044,-0.021,53,-61,171,189.13222887704785
317117,23561.0,77760,44,99367,-0.029,0.7122,-0.0032,-0.997,-0.041,-0.02,55,-59,172,189.97368238785077
317219,23551.0,77760,44,99368,-0.029,0.7122,-0.0032,-0.998,-0.045,-0.018,56,-58,173,190.8638258025863
317317,23551.0,77760,44,99365,-0.029,0.7122,-0.0032,-0.996,-0.042,-0.02,58,-57,174,192.06509313251067
317417,23551.0,77760,44,99365,-0.029,0.7122,-0.0032,-0.998,-0.043,-0.017,59,-55,175,192.69405802982095
317517,23551.0,77760,45,99368,-0.029,0.7122,-0.0032,-0.995,-0.042,-0.022,59,-55,176,193.60268593178145
317616,23561.0,77760,44,99371,-0.029,0.7122,-0.0032,-0.996,-0.044,-0.02,62,-54,177,195.1640335717624
317717,23561.0,77760,44,99371,-0.029,0.7122,-0.0032,-0.994,-0.045,-0.022,63,-53,177,195.2101431790879
317818,23561.0,77760,45,99366,-0.029,0.7122,-0.0032,-0.996,-0.043,-0.022,64,-52,177,195.26648457940755
317918,23561.0,77760,44,99368,-0.029,0.7122,-0.0032,-0.999,-0.043,-0.019,65,-54,177,196.13770672667712
318016,23561.0,77760,44,99368,-0.029,0.7122,-0.0032,-0.997,-0.043,-0.021,65,-53,177,195.86474925315173
318117,23551.0,77760,44,99366,-0.029,0.7122,-0.0032,-0.998,-0.043,-0.018,66,-52,177,195.93111034238535
318220,23551.0,77760,44,99366,-0.029,0.7122,-0.0032,-0.995,-0.042,-0.022,65,-54,176,195.23575492209412
318324,23561.0,77760,44,99373,-0.029,0.7122,-0.0032,-0.997,-0.044,-0.02,65,-52,177,195.59652348648737
318430,23561.0,77760,44,99373,-0.029,0.7122,-0.0032,-0.996,-0.043,-0.018,58,-38,178,191.02879364116816
318518,23551.0,77760,44,99366,-0.029,0.7122,-0.0032,-0.997,-0.043,-0.021,46,-53,173,186.6922601502269
318618,23561.0,77760,44,99366,-0.029,0.7122,-0.0032,-1.001,-0.052,-0.018,46,-51,176,188.9259114044445
318735,23561.0,77760,44,99366,-0.0272,0.7114,-0.0043,-1.051,-0.064,-0.003,50,-44,177,189.1163662933486
318834,23551.0,77760,44,99369,-0.0244,0.7083,-0.0022,-1.042,-0.063,0.007,51,-44,178,190.3181546778972
318917,23551.0,77760,44,99366,-0.0212,0.7042,0.0042,-1.022,-0.034,-0.001,52,-44,176,188.72201779336717
319017,23551.0,83520,44,99366,-0.0141,0.6987,0.0106,-1.035,-0.037,-0.07,53,-46,173,186.6922601502269
319117,23561.0,86400,44,99366,-0.0069,0.6925,0.0125,-1.042,0.016,0.059,54,-46,172,186.05375567292373
319217,23551.0,89280,44,99369,-0.0025,0.6859,0.0122,-1.027,0.031,0.041,57,-47,169,184.44240293381563
319318,23551.0,89280,44,99366,-0.0008,0.6792,0.0096,-1.04,0.06,0.093,55,-45,164,178.73443988218946
319417,23551.0,92160,44,99366,-0.0018,0.6726,0.0047,-1.041,-0.008,0.062,55,-43,162,176.40294782117445
319517,23561.0,95040,44,99364,-0.0053,0.6663,-0.0029,-1.024,-0.019,0.04,55,-41,158,172.2498185775532
319618,23551.0,97920,44,99368,-0.0119,0.6607,-0.013,-0.983,-0.004,0.091,55,-39,154,168.11305719663775
319720,23551.0,106560,44,99368,-0.0197,0.6565,-0.0247,-0.941,-0.048,0.117,57,-37,151,165.5868352255094
319817,23551.0,109440,44,99362,-0.0262,0.6546,-0.0364,-0.923,-0.018,0.127,55,-35,150,163.5542723379613
319917,23551.0,112320,44,99364,-0.0305,0.6551,-0.0477,-0.953,-0.121,0.099,54,-32,149,161.68178623456632
320017,23551.0,115200,44,99364,-0.0327,0.6577,-0.0584,-0.933,-0.12,0.127,52,-29,148,159.52742710894574
320117,23551.0,118080,44,99362,-0.0325,0.6623,-0.0684,-0.969,-0.162,0.119,51,-27,148,158.8521325006372
320218,23541.0,118080,44,99363,-0.0297,0.6682,-0.0779,-0.941,-0.13,0.117,53,-27,148,159.5054857990784
320319,23561.0,118080,44,99362,-0.0251,0.6752,-0.0853,-0.914,-0.083,0.13,51,-26,150,160.55217220579732
320417,23561.0,118080,44,99362,-0.0222,0.6834,-0.09,-0.897,-0.134,0.069,48,-26,149,158.68522300453813
320522,23561.0,118080,44,99363,-0.0196,0.6892,-0.0949,-0.932,-0.151,0.071,47,-24,152,160.90059042775448
320617,23551.0,118080,45,99364,-0.0164,0.6907,-0.099,-0.927,-0.134,0.073,48,-25,152,161.3474511729268
320718,23551.0,118080,45,99364,-0.0158,0.6906,-0.0993,-1.001,-0.166,0.023,46,-24,152,160.61133210331082
320827,23551.0,118080,44,99363,-0.0129,0.6905,-0.1033,-0.977,-0.166,0.04,46,-23,151,159.51802405997887
320927,23551.0,115200,44,99364,-0.0046,0.6897,-0.1125,-0.993,-0.182,0.035,47,-23,151,159.80926130859876
321028,23551.0,115200,45,99362,0.0088,0.6876,-0.1275,-0.983,-0.171,0.037,46,-21,153,161.13969095167087
321118,23551.0,115200,45,99362,0.0274,0.6847,-0.1478,-0.979,-0.142,0.04,47,-19,153,161.18002357612434
321227,23541.0,115200,44,99361,0.0496,0.6802,-0.1716,-0.985,-0.156,0.042,46,-16,150,157.70859202973057
321320,23551.0,115200,45,99365,0.0718,0.6747,-0.1954,-0.978,-0.136,0.054,46,-15,152,159.51488958714793
321418,23551.0,112320,45,99365,0.094,0.6688,-0.2188,-0.983,-0.117,0.056,45,-10,150,156.92354826475216
321517,23551.0,112320,45,99364,0.1162,0.6621,-0.2418,-0.982,-0.149,0.062,44,-9,151,157.53729717117784
321617,23551.0,109440,44,99362,0.1381,0.6544,-0.2649,-0.978,-0.107,0.076,43,-6,149,155.1966494483692
321717,23551.0,109440,44,99362,0.1599,0.6462,-0.2875,-0.984,-0.075,0.069,44,-4,148,154.45387661046257
321827,23551.0,106560,44,99360,0.1799,0.6383,-0.3065,-0.986,-0.083,0.082,43,-2,146,152.2136656151477
321922,23541.0,106560,44,99365,0.1981,0.6332,-0.3174,-0.981,-0.086,0.087,43,-1,146,152.20381072758985
322027,23551.0,106560,44,99361,0.2095,0.6295,-0.325,-0.982,-0.092,0.09,44,1,146,152.4893438899912
322120,23551.0,106560,44,99361,0.2179,0.6287,-0.3256,-0.982,-0.085,0.091,43,0,144,150.28306624500314
322221,23541.0,106560,44,99362,0.2201,0.6291,-0.3256,-0.98,-0.114,0.09,43,1,146,152.20381072758985
322317,23551.0,106560,45,99361,0.2253,0.6274,-0.3307,-0.981,-0.112,0.091,43,1,145,151.24483462254173
322426,23551.0,103680,45,99361,0.2351,0.6234,-0.3408,-0.979,-0.111,0.092,42,2,144,150.0133327407934
322521,23551.0,103680,44,99362,0.2495,0.6163,-0.356,-0.98,-0.103,0.089,43,3,143,149.35528112524176
322623,23551.0,100800,45,99361,0.2687,0.6063,-0.3756,-0.982,-0.094,0.093,41,5,140,145.96574940718114
322725,23551.0,100800,45,99361,0.289,0.5946,-0.3965,-0.984,-0.081,0.103,42,6,140,146.28738838327794
322829,23551.0,97920,44,99363,0.309,0.5824,-0.4169,-0.983,-0.05,0.101,41,9,137,143.28642643321103
322921,23551.0,97920,44,99364,0.3288,0.5695,-0.4369,-0.982,-0.072,0.101,41,10,135,141.44256784999345
323032,23551.0,97920,44,99364,0.348,0.5558,-0.4565,-0.981,-0.059,0.106,40,10,133,139.24438947404667
323123,23551.0,97920,44,99364,0.3674,0.5419,-0.475,-0.984,-0.028,0.103,40,12,131,137.4954544703206
323229,23541.0,97920,45,99359,0.386,0.5271,-0.4935,-0.979,-0.051,0.102,39,12,128,134.34656675925888
323321,23551.0,97920,44,99362,0.4045,0.5118,-0.5111,-0.983,-0.033,0.107,40,14,126,132.93607486307093
323426,23551.0,97920,44,99362,0.4219,0.4958,-0.5287,-0.984,0.002,0.103,40,14,123,130.09611831257686
323521,23541.0,97920,44,99360,0.4393,0.4794,-0.5454,-0.982,-0.027,0.1,39,14,122,128.84486796143648
323626,23551.0,97920,44,99368,0.4562,0.4624,-0.5615,-0.983,-0.009,0.102,38,14,117,123.81033882515628
323721,23551.0,100800,44,99368,0.4731,0.4452,-0.5764,-0.981,0.021,0.098,39,15,119,126.12295588036304
323827,23541.0,100800,45,99361,0.4903,0.4274,-0.5901,-0.981,-0.011,0.095,38,15,114,121.09913294487288
323922,23541.0,103680,44,99362,0.5056,0.409,-0.6044,-0.987,0.01,0.096,38,15,113,120.15822901491184
324026,23551.0,103680,44,99361,0.5205,0.3903,-0.6178,-0.983,0.047,0.089,37,15,110,117.0213655705658
324122,23551.0,103680,44,99361,0.5342,0.3709,-0.6311,-0.982,0.011,0.087,38,15,107,114.53383779477574
324227,23551.0,103680,45,99366,0.5487,0.3515,-0.6426,-0.987,0.024,0.086,36,14,106,112.81843820936363
324321,23561.0,100800,44,99366,0.5612,0.3315,-0.6544,-0.985,0.059,0.077,36,13,104,110.81967334368028
324429,23561.0,97920,44,99366,0.5739,0.3112,-0.665,-0.986,0.026,0.074,35,13,100,106.74268124794318
324522,23551.0,97920,45,99364,0.5852,0.2905,-0.6754,-0.986,0.046,0.065,38,11,99,106.61144403862092
324626,23541.0,103680,44,99359,0.5959,0.2695,-0.685,-0.986,0.087,0.056,35,10,98,104.54185764563398
324725,23551.0,106560,44,99364,0.6059,0.2481,-0.694,-0.987,0.075,0.056,35,10,96,102.66937225872184
324829,23551.0,112320,44,99364,0.6161,0.2266,-0.7014,-0.989,0.081,0.045,35,8,94,100.62305898749054
324921,23551.0,115200,44,99365,0.6248,0.2048,-0.7088,-0.984,0.028,0.04,35,6,92,98.6154146165801
325026,23551.0,118080,44,99365,0.6327,0.1827,-0.7155,-0.991,0.082,0.038,34,5,90,96.33794683301072
325121,23551.0,120960,44,99365,0.64,0.1604,-0.7214,-0.99,0.085,0.028,34,5,89,95.4044024141444
325227,23541.0,123840,44,99365,0.6466,0.138,-0.7264,-0.983,0.036,0.021,34,3,87,93.4558719396486
325324,23541.0,126720,44,99364,0.6524,0.1153,-0.7307,-0.993,0.094,0.016,34,1,87,93.41306118525397
325420,23541.0,129600,44,99364,0.6576,0.0926,-0.7342,-0.991,0.095,0.002,34,-1,84,90.62560344626678
325518,23541.0,129600,45,99362,0.662,0.0698,-0.7368,-0.988,0.044,-0.001,33,-3,85,91.23047736365298
325618,23541.0,129600,45,99362,0.6657,0.0469,-0.7387,-0.995,0.096,-0.004,33,-5,83,89.45948803788227
325719,23541.0,129600,44,99361,0.6686,0.0239,-0.7398,-0.993,0.093,-0.015,33,-5,83,89.45948803788227
325817,23541.0,129600,44,99361,0.6708,0.001,-0.7401,-0.992,0.04,-0.023,33,-6,82,88.5945822271317
325918,23541.0,126720,44,99362,0.6723,-0.022,-0.7396,-0.994,0.099,-0.031,33,-8,81,87.82938005018595
326021,23541.0,120960,45,99364,-0.673,0.045,0.7383,-0.995,0.092,-0.039,34,-10,84,91.17017056033184
326118,23541.0,120960,45,99364,-0.673,0.0679,0.7361,-0.994,0.039,-0.043,32,-12,80,86.99425268372619
326219,23541.0,115200,44,99364,-0.6723,0.0907,0.7331,-0.995,0.091,-0.052,32,-14,81,88.20997676000147
326318,23541.0,109440,45,99360,-0.6707,0.1135,0.7294,-0.995,0.081,-0.06,32,-16,80,87.63560920082658
326417,23541.0,103680,45,99360,-0.6685,0.1361,0.7249,-0.994,0.028,-0.065,32,-19,82,90.0499861188218
326522,23531.0,100800,45,99363,-0.6655,0.1586,0.7196,-0.997,0.076,-0.077,33,-20,81,89.7217922246318
326620,23531.0,92160,44,99362,-0.6618,0.1808,0.7135,-0.998,0.065,-0.08,32,-23,82,90.97801932335084
326720,23541.0,86400,44,99364,-0.6574,0.2029,0.7066,-0.999,0.018,-0.082,32,-25,83,92.40129869217208
326822,23541.0,77760,44,99364,-0.6524,0.2248,0.6988,-0.996,0.065,-0.093,32,-27,83,92.9623579735368
326927,23541.0,74880,44,99363,-0.6464,0.2464,0.6904,-0.998,0.047,-0.096,31,-27,83,92.62289133902053
327027,23531.0,66240,44,99365,-0.6398,0.2677,0.6813,-0.998,0.001,-0.099,33,-30,85,95.98958276813168
327119,23531.0,63360,44,99365,-0.6326,0.2888,0.6713,-0.998,0.05,-0.111,32,-32,85,96.29641737884126
327223,23541.0,54720,45,99366,-0.6246,0.3095,0.6607,-1.001,0.036,-0.111,33,-34,87,99.06563480844405
327318,23531.0,51840,44,99362,-0.616,0.3299,0.6493,-0.998,-0.017,-0.108,33,-36,87,99.76973488989536
327417,23531.0,43200,44,99362,-0.6067,0.35,0.6371,-0.998,0.034,-0.121,34,-38,90,103.440804327886
327521,23531.0,40320,44,99365,-0.5968,0.3697,0.6242,-0.999,0.026,-0.126,33,-38,90,103.11643903859364
327627,23531.0,40320,44,99363,-0.5898,0.3881,0.6093,-0.998,0.033,-0.122,33,-40,93,106.48004507887852
327725,23531.0,40320,44,99366,-0.5926,0.404,0.5894,-0.997,-0.007,-0.122,33,-41,95,108.6047881080756
327830,23531.0,40320,44,99366,-0.5967,0.4157,0.5731,-0.998,0.019,-0.123,33,-42,96,109.85900054160332
327921,23531.0,40320,44,99364,-0.6011,0.422,0.5625,-0.999,0.003,-0.123,33,-42,97,110.73391531053169
328023,23531.0,40320,45,99364,-0.6051,0.423,0.5575,-0.998,-0.01,-0.122,33,-42,96,109.85900054160332
328122,23531.0,40320,45,99364,-0.6079,0.4229,0.5544,-1.0,-0.01,-0.122,32,-43,97,110.82418508610834
328224,23531.0,40320,44,99364,-0.6097,0.4229,0.5524,-0.998,-0.01,-0.121,34,-43,97,111.41813137905338
328322,23531.0,40320,44,99363,-0.611,0.4229,0.551,-0.998,-0.011,-0.122,33,-43,97,111.11705539655016
328418,23531.0,40320,44,99363,-0.6119,0.4229,0.5499,-0.998,-0.011,-0.123,34,-41,97,110.66164647247936
328522,23531.0,40320,44,99363,-0.6126,0.4229,0.5492,-0.998,-0.011,-0.12,33,-43,97,111.11705539655016
328628,23531.0,40320,44,99366,-0.6132,0.4229,0.5485,-0.999,-0.01,-0.123,34,-43,97,111.41813137905338
328722,23541.0,40320,45,99366,-0.6137,0.4229,0.548,-0.998,-0.011,-0.12,34,-44,97,111.80787092150534
328823,23541.0,40320,45,99366,-0.6141,0.4229,0.5476,-0.997,-0.011,-0.124,33,-42,97,110.73391531053169
328922,23531.0,40320,44,99363,-0.6144,0.4229,0.5472,-0.998,-0.012,-0.122,33,-43,96,110.2451813005902
329017,23541.0,40320,44,99362,-0.615,0.4224,0.547,-0.922,-0.033,-0.17,33,-43,96,110.2451813005902
329120,23541.0,40320,44,99362,-0.6195,0.4166,0.5493,-0.981,0.0,-0.122,33,-43,98,111.99107107265291
329218,23531.0,40320,44,99362,-0.6265,0.4058,0.5555,-1.002,-0.003,-0.127,34,-42,94,108.4250893474384
329318,23531.0,40320,44,99366,-0.6357,0.3914,0.5645,-0.993,-0.033,-0.131,33,-41,94,107.73114684249862
329426,23531.0,40320,45,99359,-0.6469,0.3724,0.5765,-0.992,-0.047,-0.114,34,-40,92,105.92450141492289
329518,23531.0,40320,45,99359,-0.6581,0.3514,0.5888,-0.999,0.031,-0.137,34,-39,90,103.81233067415452
329617,23531.0,40320,44,99365,-0.6687,0.3304,0.6002,-1.004,-0.029,-0.122,33,-36,88,100.6429331846007
329720,23541.0,46080,44,99366,-0.6784,0.3094,0.6109,-0.987,-0.042,-0.123,34,-34,87,99.40321926376429
329819,23541.0,48960,44,99366,-0.6874,0.2877,0.6209,-0.999,0.026,-0.127,33,-32,85,96.63332758422428
329918,23531.0,54720,44,99362,-0.6955,0.266,0.6302,-1.002,-0.02,-0.127,34,-30,85,96.33794683301072
330018,23531.0,57600,44,99366,-0.7027,0.2446,0.6386,-0.992,-0.036,-0.134,33,-28,83,93.60555539069249
330121,23531.0,60480,44,99366,-0.7093,0.2228,0.6462,-0.995,0.026,-0.126,34,-26,83,93.38629449764028
330219,23531.0,66240,45,99364,-0.715,0.2004,0.6531,-1.0,-0.026,-0.138,34,-24,82,91.9565114605812
330340,23531.0,69120,44,99365,-0.72,0.1782,0.6592,-0.984,-0.046,-0.117,33,-21,82,90.85152722987104
330417,23521.0,74880,45,99365,-0.7242,0.1561,0.6642,-0.998,0.001,-0.125,33,-19,82,90.41017641836564
330518,23521.0,77760,45,99365,-0.7277,0.1337,0.6685,-0.987,0.034,-0.13,33,-17,82,90.01111042532472
330627,23531.0,77760,44,99369,-0.7303,0.1112,0.6721,-1.009,-0.005,-0.128,35,-13,81,89.19080670113932
330718,23521.0,83520,44,99363,-0.7322,0.0889,0.6748,-0.999,0.006,-0.123,34,-13,82,89.71621926942753
330820,23521.0,86400,44,99363,-0.7332,0.0667,0.6767,-0.998,0.039,-0.122,34,-9,81,88.30628516702534
330923,23531.0,89280,45,99364,0.7334,-0.0445,-0.6779,-0.996,0.001,-0.132,35,-9,83,90.52623929005335
331020,23521.0,89280,44,99363,0.7328,-0.0218,-0.6784,-1.005,0.026,-0.112,34,-6,83,89.89438247187641
331123,23531.0,89280,44,99370,0.7313,0.0001,-0.6781,-0.994,0.054,-0.125,36,-2,83,90.49309365912958
331230,23531.0,89280,44,99370,0.729,0.0218,-0.677,-0.993,-0.003,-0.12,35,-1,85,91.92932067626738
331318,23531.0,89280,45,99366,0.726,0.0435,-0.6752,-0.996,0.042,-0.124,36,-1,86,93.23625904121208
331432,23521.0,89280,44,99364,0.7222,0.0653,-0.6726,-0.998,0.083,-0.124,36,2,87,94.17536832951598
331521,23521.0,89280,44,99364,0.7174,0.0867,-0.6694,-1.0,0.023,-0.114,38,5,88,95.98437372822724
331637,23531.0,86400,45,99366,0.7119,0.1076,-0.6655,-0.992,0.062,-0.113,38,6,90,97.87747442593724
331721,23531.0,86400,44,99367,0.7056,0.1289,-0.6609,-1.021,0.106,-0.095,37,8,91,98.55962662266938
331827,23531.0,83520,44,99367,0.6985,0.1497,-0.6556,-0.989,0.027,-0.1,37,9,93,100.4937809021036
331921,23531.0,80640,44,99367,0.6908,0.1701,-0.6495,-0.997,0.063,-0.097,39,11,93,101.44456614328833
332027,23531.0,77760,44,99366,0.6819,0.1901,-0.6431,-0.978,0.1,-0.09,40,12,96,104.6900186264192
332121,23531.0,77760,44,99363,0.6725,0.2103,-0.6359,-1.007,0.056,-0.097,39,14,99,107.32194556566704
332227,23531.0,77760,44,99363,0.6623,0.23,-0.628,-0.997,0.074,-0.068,39,14,100,108.2450922675019
332321,23531.0,77760,45,99365,0.6513,0.2493,-0.6196,-0.99,0.118,-0.085,41,16,102,111.09005356016353
332429,23531.0,77760,45,99366,0.6397,0.2682,-0.6105,-0.984,0.043,-0.063,40,17,104,112.7164584255556
332521,23531.0,77760,45,99366,0.6275,0.2871,-0.6008,-1.006,0.08,-0.063,41,19,107,116.15076409563564
332627,23541.0,80640,44,99369,0.6144,0.3057,-0.5904,-1.002,0.113,-0.045,41,18,109,117.83887304281215
332721,23531.0,86400,44,99372,0.6007,0.3237,-0.5795,-0.991,0.057,-0.051,42,19,112,121.1156472137271
332827,23531.0,86400,44,99372,0.5865,0.3414,-0.5681,-0.994,0.089,-0.042,41,20,113,121.8605760695394
332922,23531.0,89280,44,99366,0.5715,0.359,-0.5561,-0.988,0.137,-0.046,43,20,118,127.17311036535986
333028,23531.0,89280,44,99369,0.5561,0.3759,-0.5434,-0.999,0.057,-0.026,42,19,119,127.61661333854616
333121,23531.0,89280,44,99370,0.5398,0.3925,-0.5303,-0.976,0.076,-0.023,45,20,122,131.56367279762298
333232,23531.0,92160,44,99370,0.5231,0.4087,-0.5168,-0.98,0.068,-0.022,42,20,124,132.43866504914644
333388,23531.0,92160,45,99370,0.5058,0.4247,-0.5027,-1.002,0.112,-0.001,45,20,127,136.2130683891968
333427,23521.0,92160,45,99366,0.4878,0.4402,-0.488,-0.997,0.039,0.001,45,19,131,139.810586151407
333521,23521.0,92160,45,99366,0.4694,0.4551,-0.4731,-0.972,0.083,0.01,45,20,132,140.88647912415158
333627,23531.0,92160,45,99370,0.4507,0.4697,-0.4575,-1.004,0.113,0.016,45,18,134,142.4956139675885
333721,23531.0,92160,44,99368,0.4313,0.4838,-0.4417,-0.984,0.06,0.02,47,16,138,146.6594695203825
333832,23531.0,95040,44,99368,0.4112,0.4976,-0.4252,-0.986,0.046,0.023,47,16,139,147.60081300589098
333921,23531.0,97920,44,99369,0.391,0.5107,-0.4085,-0.989,0.097,0.039,47,13,144,152.0328911781921
334027,23531.0,97920,44,99366,0.37,0.5237,-0.3916,-1.008,0.01,0.044,47,13,146,153.92855485581617
334121,23531.0,97920,44,99374,0.3486,0.5359,-0.3743,-0.979,0.045,0.04,48,12,150,157.9493589730582
334227,23531.0,97920,44,99374,0.3269,0.5477,-0.3566,-0.984,0.069,0.035,48,9,150,157.7498019016189
334321,23531.0,97920,44,99373,0.3048,0.559,-0.3386,-0.991,0.016,0.062,49,7,153,160.80733814101893
334436,23531.0,97920,44,99372,0.2825,0.57,-0.3202,-0.999,0.013,0.063,49,7,156,163.6642905462276
334521,23531.0,97920,44,99372,0.2596,0.5801,-0.3016,-0.989,0.058,0.044,50,4,158,165.7709262808168
334627,23531.0,97920,45,99369,0.2366,0.5899,-0.2825,-0.986,-0.01,0.063,50,0,161,168.5852899869974
334718,23521.0,100800,45,99366,0.2135,0.5993,-0.2632,-0.982,-0.017,0.042,51,-2,163,170.80398121823742
334818,23531.0,100800,45,99373,0.1903,0.6081,-0.2435,-1.003,0.02,0.058,50,-5,163,170.56963387426262
334913,23531.0,97920,45,99373,0.1666,0.6163,-0.2235,-0.981,-0.041,0.048,51,-7,166,173.79873417260552
335019,23531.0,97920,45,99370,0.1429,0.6241,-0.2032,-0.996,-0.051,0.054,51,-9,167,174.845646214025
335117,23531.0,95040,45,99369,0.1194,0.6314,-0.1828,-0.992,0.014,0.046,52,-13,170,178.24982468434575
335219,23531.0,95040,45,99369,0.0954,0.6381,-0.162,-0.993,-0.069,0.05,53,-17,170,178.8798479426903
335324,23521.0,92160,44,99371,0.0716,0.644,-0.1413,-0.979,-0.044,0.043,52,-21,171,179.96110690924303
335423,23521.0,92160,44,99368,0.0475,0.6497,-0.1201,-0.994,-0.027,0.021,53,-24,172,181.5736765062601
335515,23521.0,92160,44,99368,0.0234,0.6549,-0.0989,-1.001,-0.077,0.04,54,-28,172,182.43903091169935
335618,23531.0,89280,44,99374,-0.0006,0.6593,-0.0776,-0.995,-0.094,0.024,52,-31,171,181.40011025354977
335719,23531.0,89280,45,99374,-0.0225,0.6631,-0.0581,-1.002,-0.085,0.015,56,-36,173,185.3672031401456
335818,23531.0,89280,45,99372,-0.039,0.6663,-0.0435,-0.992,-0.075,0.018,54,-38,173,185.17289218457435
335921,23531.0,86400,45,99372,-0.0486,0.6771,-0.0324,-1.001,-0.106,0.006,53,-41,173,185.52358340653083
336018,23521.0,86400,45,99369,-0.054,0.6811,-0.0288,-1.033,-0.115,0.02,52,-42,172,184.53184007102948
336119,23531.0,86400,45,99377,-0.0545,0.6834,-0.0284,-0.978,-0.126,0.004,54,-41,173,185.81173267584583
336228,23531.0,86400,45,99377,-0.0531,0.6846,-0.0273,-0.967,-0.075,-0.005,52,-41,174,186.1746491872618
336318,23531.0,86400,45,99368,-0.049,0.6912,-0.0223,-0.954,-0.064,-0.016,54,-41,173,185.81173267584583
336427,23521.0,86400,45,99368,-0.0434,0.6991,-0.0163,-0.97,-0.059,-0.012,52,-41,175,187.1095935541521
336521,23521.0,83520,45,99368,-0.0381,0.7046,-0.011,-1.037,-0.057,-0.02,52,-42,175,187.33125740249545
336630,23531.0,80640,44,99375,-0.0348,0.7072,-0.0079,-1.029,-0.057,-0.011,51,-42,178,189.86574203894708
336718,23521.0,77760,45,99368,-0.0329,0.7081,-0.006,-1.035,-0.06,-0.021,51,-44,180,192.1900101462092
336818,23521.0,77760,45,99368,-0.0326,0.7078,-0.0057,-1.004,-0.038,-0.097,50,-44,177,189.1163662933486
336918,23521.0,77760,45,99368,-0.032,0.7075,-0.0063,-1.006,-0.05,-0.017,50,-44,176,188.18076416042103
337023,23521.0,77760,45,99368,-0.0316,0.7083,-0.0059,-0.997,-0.044,-0.028,50,-44,178,190.0526242912736
337118,23521.0,77760,44,99371,-0.0313,0.7088,-0.0055,-0.995,-0.04,-0.017,65,-54,169,188.94972876402863
337223,23521.0,77760,44,99371,-0.0311,0.7094,-0.0053,-0.991,-0.039,-0.015,64,-54,168,187.71254619763695
337319,23521.0,77760,45,99371,-0.0308,0.7098,-0.005,-0.995,-0.046,-0.025,63,-55,168,187.66459442313567
337484,23531.0,77760,45,99375,-0.0306,0.7101,-0.0048,-1.001,-0.044,-0.022,60,-55,167,185.77943912069497
337518,23531.0,77760,45,99375,-0.0304,0.7104,-0.0046,-0.997,-0.043,-0.017,58,-57,167,185.7471399510636
337629,23531.0,77760,45,99376,-0.0303,0.7106,-0.0045,-0.997,-0.041,-0.024,56,-58,165,183.6436767220696
337718,23521.0,77760,45,99371,-0.0302,0.7108,-0.0043,-0.997,-0.042,-0.02,54,-58,165,183.04371062672436
337823,23521.0,77760,45,99368,-0.03,0.711,-0.0042,-0.996,-0.044,-0.022,51,-59,165,182.50205478295305
337920,23521.0,77760,45,99368,-0.03,0.7111,-0.0041,-0.999,-0.043,-0.018,51,-59,167,184.31223507949764
338029,23531.0,77760,45,99377,-0.0299,0.7112,-0.004,-0.995,-0.043,-0.021,48,-60,168,184.73765182008785
338139,23521.0,77760,44,99372,-0.0298,0.7114,-0.0039,-0.997,-0.045,-0.02,46,-60,170,186.05375567292373
338218,23521.0,77760,44,99372,-0.0297,0.7115,-0.0038,-0.998,-0.042,-0.02,45,-60,172,187.6406139405859
338319,23521.0,77760,44,99372,-0.0297,0.7115,-0.0038,-1.0,-0.046,-0.018,44,-58,173,187.69389974104112
338421,23521.0,77760,45,99370,-0.0297,0.7115,-0.0038,-0.998,-0.042,-0.02,43,-58,175,189.309270771402
338518,23531.0,77760,44,99375,-0.0297,0.7115,-0.0038,-0.998,-0.043,-0.021,43,-56,178,191.49151417229956
338618,23531.0,77760,44,99375,-0.0297,0.7115,-0.0038,-0.997,-0.044,-0.019,44,-54,178,191.14392483152585
338717,23531.0,77760,45,99376,-0.0297,0.7115,-0.0038,-0.996,-0.039,-0.021,47,-53,178,191.57766049307523
338818,23521.0,77760,45,99371,-0.0297,0.7115,-0.0038,-0.996,-0.044,-0.022,47,-49,178,190.50984226543255
338917,23521.0,77760,45,99371,-0.0297,0.7115,-0.0038,-0.996,-0.043,-0.021,47,-47,180,191.8801709400948
339020,23521.0,77760,45,99365,-0.0297,0.7115,-0.0038,-0.998,-0.044,-0.022,50,-45,180,192.15878850575635
339118,23531.0,77760,45,99375,-0.0297,0.7115,-0.0038,-0.999,-0.043,-0.02,52,-44,179,191.52284459040388
339214,23531.0,77760,45,99375,-0.0297,0.7115,-0.0038,-0.998,-0.045,-0.02,54,-41,177,189.5415521726041
339316,23531.0,77760,45,99375,-0.0297,0.7115,-0.0038,-0.999,-0.043,-0.02,55,-39,177,189.40696924875812
339419,23531.0,77760,45,99376,-0.0297,0.7115,-0.0038,-0.998,-0.044,-0.018,58,-39,175,188.44097219023257
339524,23521.0,77760,45,99373,-0.0297,0.7115,-0.0038,-0.996,-0.044,-0.019,58,-37,174,187.1069213043708
339622,23521.0,77760,45,99373,-0.0297,0.7115,-0.0038,-0.997,-0.042,-0.019,61,-38,173,187.3339264522046
339726,23521.0,77760,45,99373,-0.0297,0.7115,-0.0038,-0.995,-0.045,-0.02,61,-38,171,185.48854412065452
339826,23521.0,77760,45,99371,-0.0297,0.7115,-0.0038,-0.997,-0.042,-0.021,62,-39,170,185.1080765390857
339918,23521.0,77760,45,99371,-0.0297,0.7115,-0.0038,-0.995,-0.043,-0.023,63,-41,171,186.7913274218051
340018,23521.0,77760,45,99374,-0.0297,0.7115,-0.0038,-0.998,-0.045,-0.021,63,-43,170,186.32766836946143
340117,23521.0,77760,45,99369,-0.0297,0.7115,-0.0038,-0.998,-0.043,-0.018,64,-45,170,187.13898578329423
340219,23521.0,77760,45,99369,-0.0297,0.7115,-0.0038,-0.997,-0.044,-0.021,63,-46,170,187.0427758562196
340318,23521.0,77760,45,99365,-0.0297,0.7115,-0.0038,-0.998,-0.043,-0.02,62,-48,171,188.11964278086433
340418,23531.0,77760,45,99375,-0.0297,0.7115,-0.0038,-0.995,-0.04,-0.022,62,-51,173,190.71968959706285
340517,23531.0,77760,45,99374,-0.0297,0.7115,-0.0038,-0.999,-0.044,-0.019,62,-53,173,191.26421515798503
340618,23531.0,77760,45,99374,-0.0297,0.7115,-0.0038,-0.996,-0.045,-0.022,61,-54,175,193.03367581849545
340717,23521.0,77760,45,99371,-0.0297,0.7115,-0.0038,-0.998,-0.041,-0.02,62,-56,176,194.82299658921173
340818,23521.0,77760,45,99372,-0.0297,0.7115,-0.0038,-0.995,-0.043,-0.021,62,-57,177,196.01530552484925
340917,23521.0,77760,45,99372,-0.0297,0.7115,-0.0038,-0.997,-0.04,-0.021,61,-57,176,194.79733057719247
341020,23511.0,77760,45,99368,-0.0297,0.7115,-0.0038,-0.995,-0.043,-0.02,45,-56,172,186.40010729610648
341117,23521.0,77760,44,99370,-0.0297,0.7115,-0.0038,-0.998,-0.042,-0.021,60,-38,175,188.86238376129853
341218,23511.0,77760,45,99370,-0.0297,0.7115,-0.0038,-0.997,-0.042,-0.021,62,-44,172,188.05318396666408
341327,23511.0,77760,45,99370,-0.0286,0.7111,-0.0046,-1.047,-0.07,-0.007,61,-45,172,187.9627622695517
341427,23511.0,77760,44,99369,-0.0255,0.7088,-0.0035,-1.041,-0.053,0.001,64,-45,172,188.95766721676048
341520,23521.0,77760,45,99369,-0.0225,0.7052,0.0023,-1.027,0.002,-0.013,65,-47,171,188.87826767524103
341618,23521.0,80640,45,99369,-0.0163,0.7001,0.0097,-1.049,-0.044,-0.025,62,-45,168,184.64289859076624
341719,23521.0,86400,44,99365,-0.0085,0.6939,0.0123,-1.063,-0.028,0.058,66,-47,166,184.7187050625897
341818,23511.0,86400,45,99369,-0.0033,0.6873,0.0126,-1.038,-0.001,0.012,65,-46,165,183.2102617213348
341917,23511.0,89280,45,99369,-0.0011,0.6806,0.0108,-1.05,-0.026,0.058,67,-47,159,178.82673178247148
342018,23521.0,92160,45,99375,-0.0014,0.674,0.0063,-1.031,-0.001,0.07,66,-44,158,176.79366504487655
342117,23521.0,95040,45,99365,-0.0044,0.6676,-0.0007,-1.036,0.053,0.13,66,-42,153,171.84004189943624
342218,23521.0,97920,45,99366,-0.0102,0.6618,-0.0101,-1.015,0.006,0.117,65,-41,148,166.76330531624757
342323,23521.0,103680,45,99366,-0.0179,0.6572,-0.0215,-0.959,-0.007,0.097,67,-37,147,165.731710906513
342417,23511.0,106560,44,99367,-0.0247,0.6546,-0.0332,-0.922,-0.041,0.103,68,-36,144,163.2666530556684
342519,23501.0,112320,45,99367,-0.0297,0.6546,-0.0446,-0.915,-0.052,0.11,66,-33,143,160.91612722160573
342619,23501.0,115200,45,99367,-0.0326,0.6567,-0.0555,-0.914,-0.042,0.136,64,-30,142,158.61904047118682
342717,23501.0,118080,45,99365,-0.0329,0.6608,-0.0657,-0.918,-0.118,0.08,64,-29,143,159.3298465448329
342818,23511.0,118080,45,99368,-0.0308,0.6664,-0.0753,-0.922,-0.083,0.088,62,-29,141,156.73544589530474
342917,23511.0,118080,45,99368,-0.0264,0.6732,-0.0835,-0.931,-0.112,0.16,64,-28,144,160.04999218994044
343018,23511.0,118080,44,99363,-0.0229,0.6812,-0.0884,-0.907,-0.132,0.047,62,-27,145,159.99374987792493
343120,23501.0,118080,44,99364,-0.0205,0.688,-0.0934,-0.928,-0.145,0.094,59,-25,145,158.52760012060992
343231,23511.0,118080,44,99363,-0.0173,0.6907,-0.0978,-0.924,-0.131,0.063,61,-25,147,161.1055554597668
343349,23511.0,118080,44,99363,-0.0157,0.6903,-0.0986,-0.987,-0.125,0.022,59,-23,147,160.0593639872407
343423,23511.0,118080,45,99367,-0.0156,0.6906,-0.0985,-0.977,-0.149,0.042,58,-25,148,160.91301998284663
343522,23511.0,118080,45,99361,-0.0152,0.6911,-0.0981,-0.993,-0.15,0.019,58,-25,147,159.99374987792493
343618,23511.0,118080,45,99361,-0.0149,0.6917,-0.0977,-0.977,-0.148,0.038,59,-25,146,159.44277970482077
343719,23521.0,118080,45,99363,-0.0146,0.6923,-0.0973,-0.985,-0.148,0.032,59,-25,148,161.27616066858735
343820,23511.0,118080,45,99368,-0.0145,0.6925,-0.0971,-0.986,-0.148,0.03,58,-25,147,159.99374987792493
343926,23511.0,118080,45,99368,-0.0143,0.6928,-0.0969,-0.982,-0.15,0.034,58,-25,146,159.07545379473223
344025,23501.0,118080,45,99362,-0.0141,0.693,-0.0967,-0.988,-0.147,0.029,59,-25,146,159.44277970482077
344127,23511.0,118080,45,99369,-0.014,0.6932,-0.0966,-0.984,-0.15,0.029,59,-24,146,159.2890454488318
344230,23511.0,118080,45,99365,-0.0139,0.6934,-0.0965,-0.982,-0.151,0.031,59,-25,146,159.44277970482077
344322,23511.0,118080,45,99365,-0.0138,0.6935,-0.0964,-0.987,-0.148,0.029,59,-25,147,160.3589723090043
344423,23511.0,118080,45,99363,-0.0138,0.6936,-0.0963,-0.984,-0.15,0.032,58,-24,148,160.76069171286866
344550,23511.0,118080,45,99365,-0.0137,0.6938,-0.0962,-0.983,-0.147,0.029,58,-24,146,158.92136420255144
344618,23511.0,118080,45,99365,-0.0137,0.6938,-0.0962,-0.986,-0.15,0.031,58,-23,147,159.6934563468397
344717,23501.0,118080,45,99361,-0.0137,0.6938,-0.0962,-0.983,-0.149,0.032,59,-25,146,159.44277970482077
344819,23511.0,118080,45,99366,-0.0137,0.6938,-0.0962,-0.986,-0.15,0.029,58,-24,147,159.84054554461454
344917,23511.0,118080,44,99368,-0.0137,0.6938,-0.0962,-0.986,-0.149,0.031,58,-24,146,158.92136420255144
345020,23511.0,118080,44,99368,-0.0137,0.6938,-0.0962,-0.983,-0.149,0.033,59,-23,146,159.14144651849813
345117,23501.0,118080,45,99361,-0.0137,0.6938,-0.0962,-0.985,-0.149,0.028,59,-25,147,160.3589723090043
345218,23511.0,118080,45,99363,-0.0137,0.6938,-0.0962,-0.985,-0.147,0.03,59,-25,146,159.44277970482077
345317,23511.0,118080,45,99363,-0.0137,0.6938,-0.0962,-0.985,-0.147,0.03,59,-25,146,159.44277970482077
345417,23521.0,118080,45,99365,-0.0137,0.6938,-0.0962,-0.985,-0.15,0.031,59,-24,146,159.2890454488318
345517,23511.0,118080,45,99361,-0.0137,0.6938,-0.0962,-0.984,-0.149,0.031,59,-25,147,160.3589723090043
345619,23511.0,118080,45,99361,-0.0137,0.6938,-0.0962,-0.985,-0.151,0.031,59,-25,147,160.3589723090043
345718,23501.0,118080,45,99365,-0.0137,0.6938,-0.0962,-0.986,-0.147,0.028,59,-25,147,160.3589723090043
345818,23511.0,118080,44,99366,-0.0137,0.6938,-0.0962,-0.985,-0.147,0.03,58,-23,146,158.7734234687909
345919,23511.0,118080,45,99365,-0.0137,0.6938,-0.0962,-0.984,-0.148,0.032,59,-24,146,159.2890454488318
346018,23511.0,118080,45,99365,-0.0137,0.6938,-0.0962,-0.983,-0.146,0.029,58,-24,147,159.84054554461454
346117,23511.0,118080,45,99366,-0.0137,0.6938,-0.0962,-0.986,-0.15,0.031,59,-24,146,159.2890454488318
346220,23511.0,118080,45,99367,-0.0137,0.6938,-0.0962,-0.984,-0.148,0.03,58,-25,147,159.99374987792493
346317,23511.0,118080,45,99367,-0.0137,0.6938,-0.0962,-0.985,-0.148,0.03,58,-25,147,159.99374987792493
346420,23511.0,118080,44,99367,-0.0137,0.6938,-0.0962,-0.986,-0.15,0.03,59,-25,147,160.3589723090043
346517,23511.0,118080,45,99367,-0.0137,0.6938,-0.0962,-0.983,-0.147,0.031,59,-25,146,159.44277970482077
346618,23511.0,118080,45,99367,-0.0137,0.6938,-0.0962,-0.985,-0.15,0.03,59,-24,147,160.20611723651504
346723,23501.0,118080,44,99363,-0.0137,0.6938,-0.0962,-0.983,-0.148,0.032,58,-24,146,158.92136420255144
346818,23501.0,118080,45,99363,-0.0137,0.6938,-0.0962,-0.984,-0.149,0.03,59,-25,146,159.44277970482077
346922,23511.0,118080,45,99367,-0.0137,0.6938,-0.0962,-0.985,-0.148,0.031,58,-25,146,159.07545379473223
347019,23511.0,118080,45,99367,-0.0137,0.6938,-0.0962,-0.984,-0.146,0.032,59,-23,147,160.0593639872407
347117,23501.0,118080,44,99363,-0.0137,0.6938,-0.0962,-0.985,-0.149,0.031,59,-25,146,159.44277970482077
347218,23501.0,118080,45,99362,-0.0137,0.6938,-0.0962,-0.984,-0.149,0.03,58,-22,146,158.63164879682742
347317,23501.0,118080,45,99362,-0.0137,0.6938,-0.0962,-0.986,-0.148,0.032,59,-25,146,159.44277970482077
347419,23501.0,118080,45,99360,-0.0137,0.6938,-0.0962,-0.985,-0.149,0.031,58,-24,146,158.92136420255144
347518,23501.0,118080,44,99360,-0.0137,0.6938,-0.0962,-0.984,-0.149,0.031,58,-24,147,159.84054554461454
347619,23501.0,118080,44,99360,-0.0137,0.6938,-0.0962,-0.983,-0.149,0.03,58,-24,146,158.92136420255144
347718,23501.0,118080,45,99363,-0.0137,0.6938,-0.0962,-0.983,-0.15,0.029,58,-24,146,158.92136420255144
347814,23511.0,118080,45,99368,-0.0137,0.6938,-0.0962,-0.986,-0.15,0.032,59,-24,145,158.3729774930054
347917,23511.0,118080,45,99368,-0.0137,0.6938,-0.0962,-0.986,-0.149,0.032,58,-24,146,158.92136420255144
348022,23511.0,118080,45,99368,-0.0137,0.6938,-0.0962,-0.985,-0.149,0.031,59,-25,146,159.44277970482077
348128,23501.0,118080,45,99363,-0.0137,0.6938,-0.0962,-0.986,-0.15,0.03,58,-24,146,158.92136420255144
348225,23501.0,118080,45,99362,-0.0137,0.6938,-0.0962,-0.985,-0.149,0.031,58,-24,148,160.76069171286866
348328,23501.0,118080,45,99362,-0.0137,0.6938,-0.0961,-0.943,-0.135,0.06,58,-24,146,158.92136420255144
348430,23501.0,118080,45,99364,-0.0172,0.6896,-0.0932,-0.911,-0.146,0.075,60,-24,146,159.66214329013624
348518,23511.0,118080,45,99369,-0.0206,0.6827,-0.0887,-0.947,-0.157,0.097,59,-27,144,157.94302770302968
348618,23501.0,118080,45,99365,-0.0233,0.6744,-0.0832,-0.923,-0.122,0.11,61,-25,144,158.3729774930054
348718,23501.0,118080,45,99365,-0.0253,0.6671,-0.0768,-0.925,-0.111,0.16,62,-27,143,158.18343781824947
348818,23501.0,118080,45,99365,-0.0276,0.6614,-0.0667,-0.919,-0.09,0.106,62,-28,142,157.4547554061166
348920,23501.0,118080,45,99367,-0.0279,0.6572,-0.055,-0.942,-0.097,0.119,64,-29,144,160.22796260328596
349018,23501.0,118080,45,99367,-0.0258,0.655,-0.0434,-0.988,-0.053,0.125,65,-33,142,159.6182946908029
349118,23501.0,115200,45,99373,-0.0235,0.6544,-0.0324,-0.975,-0.085,0.094,65,-34,144,161.60754932861275
349221,23491.0,115200,45,99367,-0.0213,0.6554,-0.0229,-1.022,-0.042,0.159,68,-37,146,165.2543494132605
349318,23491.0,109440,45,99367,-0.0194,0.6579,-0.0147,-0.956,0.03,0.129,68,-41,146,166.1956678135745
349417,23501.0,106560,45,99370,-0.0182,0.6619,-0.0078,-0.997,-0.003,0.101,69,-41,152,171.88949938841523
349520,23511.0,103680,45,99372,-0.0177,0.6675,-0.0018,-0.981,-0.019,0.065,69,-43,153,173.2599203508994
349618,23501.0,97920,45,99370,-0.0184,0.6745,0.0024,-1.052,-0.034,0.066,68,-43,156,175.524927004685
349718,23501.0,95040,45,99370,-0.0221,0.6815,0.0043,-1.051,-0.075,0.013,67,-44,160,178.9553016817328
349818,23501.0,92160,45,99364,-0.0276,0.6883,0.0027,-1.049,-0.105,-0.1,66,-43,162,180.13605968822566
349918,23501.0,89280,45,99369,-0.0326,0.6944,-0.0038,-1.049,-0.107,0.01,65,-43,165,182.4801359052541
350018,23501.0,89280,45,99369,-0.0359,0.6982,-0.0111,-1.029,-0.079,0.045,66,-43,167,184.6456065006693
350123,23501.0,86400,45,99369,-0.0392,0.7007,-0.0147,-1.041,-0.087,0.014,66,-43,166,183.74166647769363
350224,23511.0,86400,44,99371,-0.0432,0.7016,-0.0157,-1.022,-0.118,0.013,65,-41,168,184.74306482247175
350319,23511.0,86400,44,99371,-0.0431,0.7014,-0.0161,-0.976,-0.082,0.054,65,-40,168,184.52371121349148
350428,23501.0,86400,45,99373,-0.0427,0.7013,-0.0156,-0.963,-0.065,0.004,65,-40,168,184.52371121349148
350524,23511.0,86400,45,99374,-0.0409,0.703,-0.0133,-0.964,-0.064,-0.023,65,-41,169,185.65290194338465
350631,23511.0,86400,45,99372,-0.0375,0.7067,-0.01,-0.945,-0.05,-0.027,64,-42,169,185.52897347853784
350722,23511.0,83520,45,99372,-0.0332,0.7103,-0.0059,-1.054,-0.065,-0.007,62,-44,171,187.13898578329423
350828,23501.0,80640,44,99373,-0.0306,0.7119,-0.0035,-1.024,-0.047,-0.017,62,-44,171,187.13898578329423
350924,23501.0,77760,45,99371,-0.0295,0.7122,-0.0024,-1.034,-0.057,-0.02,61,-44,173,188.64251906714983
351019,23501.0,77760,45,99371,-0.0294,0.7115,-0.0029,-1.008,-0.005,0.024,61,-44,173,188.64251906714983
351124,23501.0,77760,45,99373,-0.029,0.7113,-0.0032,-0.997,-0.043,-0.016,62,-44,171,187.13898578329423
351223,23501.0,77760,45,99371,-0.029,0.7115,-0.0032,-0.997,-0.044,-0.023,54,-41,176,188.60805921274945
351328,23501.0,77760,45,99371,-0.029,0.7116,-0.0031,-1.002,-0.041,-0.021,52,-41,175,187.1095935541521
351425,23491.0,77760,45,99376,-0.029,0.7118,-0.0032,-0.999,-0.044,-0.018,51,-44,174,186.58242146568895
351522,23501.0,77760,45,99373,-0.029,0.7119,-0.0032,-0.995,-0.044,-0.019,50,-46,172,184.9324200890693
351624,23501.0,77760,45,99372,-0.029,0.7119,-0.0031,-0.996,-0.042,-0.018,48,-49,172,185.17289218457435
351722,23501.0,77760,45,99372,-0.029,0.712,-0.0031,-0.995,-0.043,-0.021,47,-51,170,183.60283222216373
351823,23491.0,77760,45,99369,-0.029,0.712,-0.0031,-0.998,-0.043,-0.018,47,-54,169,183.53746211604863
351919,23491.0,77760,45,99372,-0.029,0.7121,-0.0031,-0.996,-0.044,-0.02,46,-56,169,183.88311504866343
352018,23491.0,77760,45,99372,-0.029,0.7121,-0.0031,-0.999,-0.045,-0.018,45,-58,167,182.42258632088297
352125,23501.0,77760,45,99369,-0.0289,0.7122,-0.0031,-0.998,-0.042,-0.018,46,-59,166,182.07965289949345
352219,23501.0,77760,45,99373,-0.0289,0.7122,-0.003,-1.0,-0.043,-0.02,46,-60,166,182.40614024752568
352320,23501.0,77760,45,99374,-0.0289,0.7122,-0.003,-0.998,-0.045,-0.018,46,-61,166,182.73751667350632
352422,23501.0,77760,45,99374,-0.0289,0.7122,-0.003,-0.997,-0.045,-0.021,46,-61,166,182.73751667350632
352526,23501.0,77760,45,99369,-0.0289,0.7122,-0.003,-0.996,-0.044,-0.02,49,-62,166,183.85048272985307
352628,23501.0,77760,45,99373,-0.0289,0.7122,-0.003,-0.998,-0.043,-0.021,50,-62,169,186.82879863661276
352720,23501.0,77760,45,99373,-0.0289,0.7122,-0.003,-0.997,-0.044,-0.021,51,-61,169,186.76991192373572
352818,23491.0,77760,45,99375,-0.0289,0.7122,-0.003,-0.996,-0.045,-0.02,53,-61,171,189.13222887704785
352918,23491.0,77760,45,99371,-0.0289,0.7122,-0.003,-0.997,-0.041,-0.02,55,-59,171,189.06877055717055
353019,23491.0,77760,45,99371,-0.0289,0.7122,-0.003,-0.997,-0.041,-0.021,56,-58,174,191.7706964058899
353118,23491.0,77760,44,99373,-0.0289,0.7122,-0.003,-0.998,-0.045,-0.018,58,-57,174,192.06509313251067
353218,23501.0,77760,45,99371,-0.0289,0.7122,-0.003,-0.997,-0.044,-0.021,60,-55,176,193.9097728326244
353320,23501.0,77760,45,99371,-0.0289,0.7122,-0.003,-0.999,-0.042,-0.02,60,-55,176,193.9097728326244
353419,23501.0,77760,45,99371,-0.0289,0.7122,-0.003,-0.998,-0.045,-0.02,62,-54,177,195.1640335717624
353518,23491.0,77760,45,99373,-0.0289,0.7122,-0.003,-0.996,-0.045,-0.023,63,-53,177,195.2101431790879
353619,23491.0,77760,45,99374,-0.0289,0.7122,-0.003,-0.999,-0.045,-0.019,64,-53,177,195.5351630781533
353718,23491.0,77760,45,99374,-0.0289,0.7122,-0.003,-0.998,-0.042,-0.02,64,-52,176,194.36048981210143
353818,23501.0,77760,45,99372,-0.0289,0.7122,-0.003,-0.997,-0.043,-0.02,65,-53,177,195.86474925315173
353918,23491.0,77760,45,99373,-0.0289,0.7122,-0.003,-0.996,-0.043,-0.023,64,-53,175,193.72661149155527
354018,23491.0,77760,45,99373,-0.0289,0.7122,-0.003,-0.997,-0.043,-0.021,65,-53,175,194.05926929677955
354118,23491.0,77760,44,99376,-0.0289,0.7122,-0.003,-0.998,-0.045,-0.02,65,-53,174,193.15796644197724
354220,23491.0,77760,45,99371,-0.0289,0.7122,-0.003,-0.997,-0.043,-0.02,65,-54,174,193.43474351832455
354318,23491.0,77760,45,99373,-0.0289,0.7122,-0.003,-0.998,-0.046,-0.019,64,-55,173,192.48376554920156
354418,23491.0,77760,45,99373,-0.0289,0.7122,-0.003,-0.998,-0.042,-0.021,64,-55,173,192.48376554920156
354518,23491.0,77760,45,99374,-0.0289,0.7122,-0.003,-0.996,-0.042,-0.022,65,-57,171,191.6115862885123
354618,23491.0,77760,45,99375,-0.0289,0.7122,-0.003,-0.998,-0.045,-0.02,66,-55,172,192.26284092356485
354719,23491.0,77760,45,99375,-0.0289,0.7122,-0.003,-0.997,-0.045,-0.021,64,-54,174,193.1010098368209
354818,23481.0,77760,45,99374,-0.0289,0.7122,-0.003,-0.995,-0.045,-0.021,63,-55,172,191.25375813301028
354918,23491.0,77760,45,99374,-0.0289,0.7122,-0.003,-0.994,-0.039,-0.02,64,-54,172,191.3008102439715
355021,23491.0,77760,45,99376,-0.0289,0.7122,-0.003,-0.998,-0.043,-0.018,64,-53,172,191.02094126037596
355119,23491.0,77760,45,99376,-0.0289,0.7122,-0.003,-0.997,-0.045,-0.021,64,-52,173,191.64811504421328
355218,23491.0,77760,45,99377,-0.0289,0.7122,-0.003,-0.997,-0.045,-0.021,66,-54,173,192.87560758167425
355320,23491.0,77760,45,99375,-0.0289,0.7122,-0.003,-0.996,-0.043,-0.02,55,-39,178,190.3417978269618
355419,23491.0,77760,45,99375,-0.0289,0.7122,-0.003,-0.998,-0.046,-0.021,45,-55,172,186.10212250267324
355523,23491.0,77760,45,99371,-0.0273,0.7117,-0.0039,-1.041,-0.062,-0.01,49,-47,178,190.50984226543255
355630,23481.0,77760,45,99371,-0.0243,0.7091,-0.0023,-1.042,-0.068,0.014,49,-45,177,189.08992569674356
355718,23481.0,80640,45,99371,-0.0216,0.705,0.0036,-1.02,-0.014,-0.039,52,-44,178,190.58856209122308
355820,23481.0,83520,45,99373,-0.015,0.6998,0.0106,-1.045,-0.038,-0.03,54,-45,175,188.5895012984551
355919,23491.0,86400,45,99375,-0.0073,0.6935,0.0129,-1.033,0.01,0.024,53,-45,173,186.4483842783305
356018,23481.0,86400,45,99367,-0.0025,0.687,0.0129,-1.041,0.007,0.068,54,-47,170,184.45866745696716
356118,23481.0,89280,45,99367,-0.0005,0.6803,0.0107,-1.046,-0.003,0.04,55,-44,167,181.24568960391855
356216,23481.0,92160,45,99367,-0.0012,0.6737,0.006,-1.036,-0.001,0.048,55,-46,164,178.98882646690546
356319,23481.0,95040,44,99367,-0.0044,0.6674,-0.0013,-1.035,-0.013,0.09,57,-44,160,175.45654732725137
356421,23481.0,97920,44,99367,-0.0105,0.6617,-0.0111,-1.004,0.013,0.107,54,-41,157,171.01461925812075
356518,23491.0,103680,45,99368,-0.0184,0.6573,-0.0226,-0.95,-0.041,0.129,55,-39,154,168.11305719663775
356622,23481.0,106560,45,99370,-0.025,0.655,-0.0344,-0.952,-0.077,0.092,55,-36,151,164.68758301705688
356723,23481.0,112320,45,99370,-0.0297,0.6552,-0.0457,-0.924,-0.049,0.126,55,-33,149,162.2189877911954
356827,23491.0,115200,45,99371,-0.0322,0.6576,-0.0565,-0.93,-0.127,0.108,55,-32,149,162.0185174601965
356918,23481.0,118080,45,99370,-0.0322,0.662,-0.0666,-0.935,-0.088,0.151,55,-30,149,161.63539216396885
357023,23481.0,118080,45,99367,-0.0298,0.6678,-0.0761,-0.922,-0.147,0.052,50,-28,147,157.77515647274765
357120,23481.0,118080,45,99367,-0.0253,0.6747,-0.0839,-0.915,-0.062,0.169,51,-27,148,158.8521325006372
357219,23491.0,118080,45,99367,-0.0221,0.6828,-0.0887,-0.917,-0.114,0.065,52,-26,149,159.94061397906412
357319,23481.0,118080,45,99369,-0.0196,0.6892,-0.0936,-0.923,-0.143,0.075,47,-26,148,157.44522857171634
357418,23481.0,118080,45,99369,-0.0165,0.6917,-0.098,-0.926,-0.138,0.07,47,-24,152,160.90059042775448
357518,23481.0,118080,44,99372,-0.0156,0.6917,-0.0986,-1.002,-0.163,0.014,47,-24,153,161.8456054392581
357628,23481.0,118080,45,99365,-0.0134,0.6915,-0.1018,-0.971,-0.168,0.038,47,-25,153,161.99691355084516
357727,23481.0,118080,45,99365,-0.0057,0.6907,-0.1104,-0.994,-0.151,0.026,48,-23,151,160.10621474508727
357831,23481.0,118080,45,99364,0.0071,0.6888,-0.1247,-0.978,-0.157,0.026,47,-23,151,159.80926130859876
357919,23481.0,115200,45,99366,0.025,0.6859,-0.1443,-0.982,-0.15,0.041,47,-21,153,161.42800252744254
358019,23481.0,115200,45,99365,0.047,0.6812,-0.1682,-0.988,-0.133,0.041,45,-19,152,159.65587994182988
358119,23481.0,115200,45,99365,0.0692,0.6758,-0.192,-0.979,-0.128,0.056,47,-16,151,158.9528231897754
358220,23481.0,115200,45,99367,0.0913,0.6698,-0.2155,-0.983,-0.124,0.054,45,-14,151,158.18343781824947
358322,23491.0,115200,45,99366,0.1135,0.6631,-0.2387,-0.982,-0.121,0.061,44,-12,152,158.694675399019
358480,23491.0,112320,45,99366,0.1354,0.6555,-0.2617,-0.983,-0.127,0.078,44,-9,149,155.62133529821674
358521,23481.0,112320,45,99367,0.1572,0.6474,-0.2843,-0.984,-0.106,0.073,45,-6,149,155.76263993653933
358619,23491.0,112320,45,99369,0.177,0.6391,-0.3049,-0.986,-0.097,0.087,43,-5,147,153.24163924991146
358723,23491.0,109440,45,99373,0.1937,0.633,-0.3185,-0.981,-0.094,0.085,43,-3,147,153.18942522250026
358829,23491.0,106560,45,99373,0.2095,0.6301,-0.3233,-0.984,-0.08,0.089,43,0,146,152.2005256232711
358926,23481.0,106560,45,99370,0.2182,0.6288,-0.3249,-0.981,-0.085,0.089,44,1,146,152.4893438899912
359031,23481.0,106560,45,99366,0.2204,0.6293,-0.3247,-0.981,-0.121,0.092,42,0,144,150.0
359123,23481.0,106560,45,99366,0.2249,0.6278,-0.3293,-0.983,-0.122,0.094,44,0,145,151.52887513606112
359228,23481.0,106560,45,99364,0.2342,0.624,-0.3389,-0.981,-0.124,0.096,43,1,144,150.28639326299637
359324,23481.0,106560,45,99365,0.2481,0.617,-0.3534,-0.981,-0.1,0.091,43,2,143,149.33854157584372
359428,23481.0,106560,45,99365,0.2667,0.6071,-0.3728,-0.984,-0.095,0.098,42,3,142,148.11144452742334
359525,23471.0,103680,45,99367,0.2874,0.5959,-0.3934,-0.983,-0.059,0.099,43,6,142,148.48905683584903
359628,23471.0,103680,45,99366,0.3076,0.5838,-0.4137,-0.983,-0.094,0.105,41,7,138,144.13188405068465
359726,23481.0,100800,45,99369,0.3274,0.5708,-0.4337,-0.982,-0.061,0.104,41,9,139,145.19986225888783
359831,23481.0,100800,45,99369,0.3473,0.5576,-0.4527,-0.98,-0.033,0.106,40,10,135,141.15594213493105
359925,23481.0,100800,45,99367,0.3662,0.5436,-0.4718,-0.982,-0.079,0.111,41,11,133,139.61017154921055
360028,23491.0,100800,45,99371,0.3855,0.529,-0.4898,-0.981,-0.05,0.109,39,12,130,136.25344032353826
360123,23491.0,100800,45,99371,0.4037,0.5137,-0.5078,-0.982,-0.02,0.109,40,12,127,133.6899397860587
360228,23481.0,103680,45,99368,0.422,0.498,-0.5247,-0.983,-0.049,0.106,40,13,125,131.88631468048533
360346,23481.0,103680,45,99362,0.4405,0.4819,-0.5406,-0.983,-0.01,0.103,39,15,123,129.9038105676658
360428,23481.0,103680,45,99362,0.4587,0.4654,-0.5556,-0.982,0.009,0.104,38,15,122,128.65846260545786
360524,23481.0,106560,45,99363,0.4755,0.4481,-0.5709,-0.982,-0.037,0.108,39,14,119,126.00793625799923
360617,23481.0,106560,44,99369,0.4915,0.4304,-0.5858,-0.984,-0.001,0.101,37,16,117,123.74974747448982
360721,23481.0,106560,45,99370,0.5084,0.4124,-0.5987,-0.984,0.023,0.099,39,16,115,122.4826518328208
360823,23481.0,106560,45,99370,0.5249,0.394,-0.6109,-0.981,-0.006,0.094,36,16,112,118.72657663724664
360927,23481.0,106560,45,99369,0.5391,0.3749,-0.624,-0.983,0.035,0.087,37,15,112,118.90332207301864
361025,23491.0,106560,45,99374,0.5532,0.3556,-0.6358,-0.986,0.054,0.086,37,15,107,114.20595431062252
361126,23491.0,103680,45,99374,0.5667,0.3359,-0.6469,-0.983,0.009,0.081,37,14,105,112.20516922138658
361234,23481.0,100800,45,99369,0.5791,0.3157,-0.6578,-0.986,0.046,0.074,35,13,102,108.61859877571612
361334,23481.0,106560,45,99368,0.5914,0.2953,-0.6675,-0.99,0.063,0.071,36,13,101,108.00925886237717
361433,23481.0,109440,45,99368,0.6026,0.2744,-0.6769,-0.984,0.024,0.063,35,12,99,105.6882207249228
361523,23481.0,115200,45,99367,0.6132,0.2533,-0.6855,-0.984,0.058,0.055,36,10,98,104.88088481701516
361631,23481.0,118080,45,99367,0.6236,0.232,-0.6928,-0.99,0.078,0.053,33,10,95,101.06433594498112
361723,23481.0,118080,45,99364,0.6334,0.2103,-0.6994,-0.988,0.06,0.041,35,8,94,100.62305898749054
361828,23481.0,120960,45,99364,0.6419,0.1885,-0.7058,-0.987,0.075,0.037,33,8,91,97.12878049270464
361923,23481.0,123840,45,99367,0.6503,0.1665,-0.7108,-0.992,0.091,0.033,34,5,92,98.2089608946149
362028,23481.0,126720,45,99373,0.6579,0.1442,-0.7151,-0.986,0.064,0.02,33,3,87,93.0967238950974
362123,23481.0,129600,45,99373,0.6643,0.1219,-0.7191,-0.986,0.074,0.012,34,2,88,94.3610088966836
362230,23481.0,129600,45,99371,0.6703,0.0994,-0.7219,-0.993,0.102,0.004,33,2,86,92.13576938409967
362322,23491.0,129600,45,99373,0.6754,0.0769,-0.7242,-0.992,0.069,-0.002,34,-1,86,92.4824307639024
362419,23481.0,129600,45,99367,0.679,0.0544,-0.7262,-0.991,0.083,-0.006,32,-2,83,88.97752525216691
362519,23481.0,129600,45,99367,0.6824,0.0318,-0.727,-0.994,0.103,-0.014,34,-6,84,90.81850031794184
362618,23481.0,129600,45,99369,0.6853,0.0092,-0.7268,-0.993,0.064,-0.023,31,-6,82,87.86922100485471
362719,23481.0,126720,45,99369,0.6886,-0.0137,-0.7247,-0.99,0.073,-0.031,33,-8,82,88.75246475450696
362820,23481.0,120960,45,99369,-0.6906,0.0363,0.7223,-0.995,0.105,-0.043,33,-9,81,87.92610533851708
362919,23471.0,118080,45,99367,-0.6905,0.0587,0.7204,-0.993,0.065,-0.049,33,-13,82,89.3420393767682
363019,23481.0,115200,45,99365,-0.6896,0.081,0.7177,-0.997,0.073,-0.053,32,-15,81,88.3742043811428
363119,23481.0,106560,45,99365,-0.688,0.1032,0.7143,-0.997,0.099,-0.061,33,-17,81,89.1010662113535
363220,23481.0,100800,45,99369,-0.6857,0.1253,0.71,-0.995,0.054,-0.066,31,-19,80,87.87491109526086
363319,23481.0,95040,45,99365,-0.6825,0.1473,0.7049,-0.994,0.059,-0.076,32,-21,82,90.49309365912958
363419,23481.0,89280,45,99369,-0.6786,0.1691,0.6992,-0.999,0.088,-0.083,31,-22,81,89.47625383307015
363521,23481.0,80640,45,99369,-0.6741,0.1907,0.6925,-0.996,0.045,-0.087,33,-25,83,92.7523584605804
363631,23481.0,77760,45,99369,-0.6687,0.2121,0.6852,-0.996,0.045,-0.093,32,-25,83,92.40129869217208
363719,23481.0,72000,45,99368,-0.6626,0.2333,0.6771,-0.996,0.076,-0.101,31,-29,83,93.22553298319082
363820,23481.0,63360,45,99368,-0.6558,0.2542,0.6683,-0.996,0.026,-0.101,32,-30,84,94.76286192385707
363924,23491.0,60480,45,99373,-0.6481,0.2748,0.6589,-0.995,0.024,-0.112,32,-32,86,97.18024490605072
364021,23481.0,54720,45,99369,-0.6399,0.2951,0.6486,-0.997,0.051,-0.117,32,-34,87,98.73702446397704
364121,23481.0,46080,45,99369,-0.6311,0.3152,0.6376,-0.996,0.007,-0.115,32,-36,88,100.31948963187564
364219,23481.0,40320,45,99367,-0.6213,0.3348,0.626,-0.997,0.007,-0.123,32,-38,90,102.80077820717118
364320,23491.0,40320,45,99369,-0.6111,0.3541,0.6136,-0.995,-0.021,-0.119,32,-39,91,104.04806581575652
364439,23491.0,40320,45,99369,-0.6018,0.3725,0.6005,-0.999,0.01,-0.123,33,-40,93,106.48004507887852
364524,23491.0,40320,45,99369,-0.6008,0.3909,0.5838,-0.998,0.029,-0.125,32,-41,95,108.30512453249848
364629,23481.0,40320,45,99366,-0.6022,0.4054,0.5698,-0.998,0.009,-0.122,32,-42,96,109.5627673984187
364726,23491.0,40320,45,99374,-0.6043,0.4145,0.561,-0.999,0.008,-0.122,33,-42,96,109.85900054160332
364818,23491.0,40320,45,99374,-0.6073,0.4171,0.5568,-0.997,-0.012,-0.122,33,-43,97,111.11705539655016
364925,23481.0,40320,45,99374,-0.6098,0.418,0.5541,-0.998,-0.009,-0.122,33,-43,96,110.2451813005902
365021,23481.0,40320,45,99365,-0.6114,0.4186,0.5523,-0.997,-0.009,-0.122,33,-42,96,109.85900054160332
365125,23471.0,40320,45,99368,-0.6125,0.4191,0.5511,-0.998,-0.01,-0.123,34,-42,96,110.16351483136329
365227,23471.0,40320,45,99368,-0.6134,0.4194,0.5502,-0.997,-0.01,-0.123,33,-42,97,110.73391531053169
365326,23481.0,40320,45,99369,-0.6141,0.4196,0.5494,-0.998,-0.01,-0.123,33,-43,97,111.11705539655016
365427,23481.0,40320,45,99367,-0.6146,0.4198,0.5488,-0.999,-0.012,-0.122,33,-43,95,109.37549999885717
365530,23481.0,40320,45,99367,-0.615,0.4199,0.5484,-0.998,-0.01,-0.12,33,-42,97,110.73391531053169
365632,23481.0,40320,45,99368,-0.6153,0.42,0.548,-0.997,-0.012,-0.124,33,-44,97,111.50784725749124
365723,23481.0,40320,45,99368,-0.6156,0.4202,0.5477,-0.998,-0.011,-0.121,33,-43,97,111.11705539655016
365820,23481.0,40320,45,99368,-0.616,0.42,0.5475,-0.937,-0.016,-0.165,33,-43,96,110.2451813005902
365919,23481.0,40320,45,99365,-0.6202,0.4149,0.5493,-0.976,-0.021,-0.135,32,-42,97,110.44002897500523
366019,23481.0,40320,45,99365,-0.6267,0.4047,0.5552,-1.009,0.032,-0.125,34,-40,94,107.66615066955816
366120,23471.0,40320,45,99366,-0.6357,0.3907,0.5638,-0.995,-0.01,-0.14,34,-41,93,107.17275773255068
366219,23471.0,40320,45,99366,-0.6469,0.3721,0.5753,-0.992,-0.022,-0.121,33,-39,93,106.10843510296436
366319,23481.0,40320,45,99365,-0.6582,0.3511,0.5877,-0.994,-0.024,-0.124,34,-37,90,103.07764064044152
366419,23491.0,40320,45,99378,-0.6688,0.3302,0.5991,-0.998,-0.006,-0.117,32,-36,89,101.19782606360673
366522,23491.0,46080,45,99378,-0.6787,0.3092,0.6097,-0.985,-0.014,-0.123,34,-34,86,98.5291834940288
366619,23491.0,54720,45,99371,-0.6877,0.2876,0.6198,-0.993,-0.04,-0.123,33,-32,86,97.51410154434076
366719,23471.0,57600,45,99372,-0.6959,0.2657,0.629,-1.008,0.022,-0.122,33,-28,83,93.60555539069249
366820,23471.0,60480,45,99372,-0.7031,0.2445,0.6375,-1.01,-0.014,-0.13,33,-28,83,93.60555539069249
366919,23481.0,63360,45,99367,-0.7098,0.2227,0.6451,-0.986,-0.013,-0.129,34,-25,83,93.11283477587824
367019,23481.0,66240,45,99367,-0.716,0.2001,0.6516,-1.001,0.018,-0.128,34,-24,83,92.84934033152848
367122,23481.0,74880,45,99370,-0.7214,0.1775,0.6572,-0.998,0.038,-0.116,34,-20,82,90.9945053286186
367219,23481.0,77760,45,99370,-0.7257,0.1554,0.6623,-1.003,0.001,-0.135,35,-19,82,91.1592014006266
367317,23481.0,77760,45,99369,-0.7293,0.1332,0.6666,-0.99,-0.029,-0.133,33,-17,80,88.19297024139736
367419,23481.0,83520,45,99369,-0.732,0.1107,0.6702,-0.996,0.038,-0.131,34,-13,81,88.80315309717331
367519,23481.0,86400,45,99369,-0.734,0.0883,0.6728,-1.001,0.005,-0.129,33,-11,79,86.31917515824627
367619,23481.0,86400,45,99372,-0.7351,0.0662,0.6747,-0.997,-0.018,-0.121,36,-9,82,90.00555538409837
367721,23481.0,89280,45,99369,0.7354,-0.0442,-0.6759,-0.998,0.053,-0.125,35,-7,82,89.43153806124549
367819,23481.0,89280,45,99369,0.7349,-0.0215,-0.6763,-1.021,0.036,-0.119,35,-5,84,91.13725912051558
367921,23481.0,92160,44,99368,0.7335,0.0003,-0.676,-0.993,-0.006,-0.108,35,-2,83,90.09994450608724
368019,23481.0,92160,45,99370,0.7314,0.022,-0.6748,-1.0,0.067,-0.134,36,-2,84,91.41115905621152
368122,23481.0,92160,45,99368,0.7284,0.0436,-0.673,-0.988,0.033,-0.127,36,2,87,94.17536832951598
368228,23481.0,89280,45,99368,0.7247,0.0654,-0.6704,-1.005,0.005,-0.116,37,3,88,95.50916186418976
368324,23481.0,89280,45,99369,0.72,0.0867,-0.6672,-0.997,0.079,-0.11,36,5,88,95.2102935611481
368431,23481.0,86400,45,99370,0.7146,0.1076,-0.6633,-0.995,0.063,-0.123,37,6,90,97.49358953285082
368523,23481.0,86400,45,99370,0.7083,0.1287,-0.6587,-0.996,0.029,-0.094,38,9,91,99.02524930541703
368629,23471.0,83520,45,99370,0.7013,0.1495,-0.6534,-0.991,0.081,-0.106,38,9,93,100.86624807139404
368722,23481.0,80640,45,99368,0.6936,0.1698,-0.6474,-1.009,0.055,-0.092,37,13,94,101.85283501208988
368828,23481.0,77760,45,99371,0.6849,0.1897,-0.6409,-0.972,0.039,-0.1,39,13,97,105.35179163165664
368923,23481.0,77760,45,99371,0.6755,0.2097,-0.6338,-1.005,0.111,-0.101,39,14,97,105.47985589675405
369028,23481.0,77760,45,99371,0.6654,0.2295,-0.6259,-0.989,0.073,-0.078,40,15,101,109.66312051004202
369122,23481.0,77760,45,99365,0.6544,0.2488,-0.6175,-0.999,0.067,-0.08,40,16,101,109.80437149767764
369221,23481.0,80640,45,99365,0.6438,0.2685,-0.6077,-0.977,0.108,-0.071,41,16,105,113.85077953180644
369319,23481.0,83520,45,99372,0.6317,0.2873,-0.598,-1.011,0.072,-0.059,40,18,107,115.64168798491312
369428,23461.0,86400,45,99367,0.6186,0.3058,-0.5876,-0.991,0.058,-0.046,42,19,110,119.26860441876563
369626,23481.0,89280,45,99371,0.5909,0.3412,-0.5653,-0.985,0.087,-0.049,42,19,115,123.89511693363868
369719,23471.0,89280,45,99367,0.576,0.3589,-0.5533,-1.013,0.072,-0.027,41,19,116,124.49096352747856
369833,23471.0,92160,45,99372,0.5606,0.3757,-0.5405,-0.988,0.11,-0.043,42,20,121,129.634100452003
369922,23471.0,92160,45,99372,0.5445,0.3922,-0.5274,-0.992,0.112,-0.023,42,20,122,130.5679899515957
370038,23481.0,92160,45,99367,0.5278,0.4082,-0.514,-0.988,0.067,-0.022,44,19,125,133.87307421584072
370119,23481.0,92160,44,99372,0.5106,0.4241,-0.4999,-0.995,0.085,-0.004,44,20,127,135.88598161694236
370228,23481.0,92160,44,99372,0.4926,0.4395,-0.4852,-0.997,0.116,-0.001,45,19,131,139.810586151407
370320,23471.0,95040,45,99372,0.4742,0.4543,-0.4702,-0.981,0.07,0.008,44,19,132,140.4314779527724
370428,23471.0,95040,45,99366,0.4555,0.4689,-0.4547,-0.998,0.07,0.015,45,18,137,145.32033581023683
370520,23471.0,97920,45,99366,0.4361,0.4828,-0.4389,-0.999,0.109,0.024,45,16,138,146.03081866510234
370628,23481.0,97920,45,99368,0.4161,0.4965,-0.4224,-0.99,0.033,0.022,47,15,142,150.32631173550425
370721,23481.0,97920,45,99370,0.3957,0.5096,-0.4058,-0.974,0.062,0.031,47,14,144,152.12166183683374
370831,23471.0,97920,45,99373,0.3749,0.5224,-0.3889,-1.008,0.084,0.039,48,13,147,155.18376203714098
370919,23471.0,97920,45,99373,0.3535,0.5346,-0.3716,-0.991,0.013,0.044,47,11,148,155.6727336433712
371027,23471.0,97920,45,99371,0.3318,0.5462,-0.354,-0.977,0.042,0.035,49,9,152,159.9562440169186
371119,23481.0,100800,45,99372,0.3096,0.5575,-0.3359,-0.985,0.075,0.05,49,6,154,161.7188919081503
371228,23481.0,100800,45,99372,0.2874,0.5684,-0.3177,-0.992,0.004,0.058,50,5,158,165.79806995257815
371321,23481.0,100800,45,99372,0.2644,0.5784,-0.2991,-0.983,0.029,0.047,50,3,159,166.70332930088708
371431,23481.0,100800,45,99366,0.2413,0.5879,-0.2801,-0.986,0.04,0.05,51,0,162,169.83815825661793
371519,23481.0,100800,45,99366,0.2182,0.5973,-0.2608,-0.986,-0.028,0.051,50,-2,163,170.5080643254154
371619,23481.0,100800,45,99373,0.195,0.6061,-0.2413,-1.002,-0.015,0.064,52,-5,165,173.07223925286226
371719,23481.0,97920,45,99370,0.1713,0.6141,-0.2213,-0.987,0.032,0.048,51,-8,166,173.84188218033074
371819,23481.0,97920,45,99371,0.1475,0.6219,-0.201,-0.986,-0.049,0.05,53,-12,168,176.57009939398006
371920,23481.0,95040,45,99371,0.1239,0.6291,-0.1807,-0.997,-0.015,0.052,51,-14,169,177.08190195499935
372019,23471.0,95040,45,99370,0.0998,0.6358,-0.16,-0.997,-0.003,0.039,52,-17,171,179.53829675030337
372122,23481.0,92160,45,99368,0.0759,0.6417,-0.1393,-0.985,-0.062,0.046,52,-21,170,179.0111728356641
372219,23481.0,92160,45,99368,0.0517,0.6473,-0.1182,-0.997,-0.069,0.031,53,-25,172,181.70855786120808
372325,23481.0,92160,45,99368,0.0276,0.6524,-0.097,-1.001,-0.018,0.028,54,-29,171,181.653516343615
372426,23471.0,89280,45,99373,0.0036,0.6568,-0.0759,-0.982,-0.096,0.009,53,-31,173,183.57287381309908
372520,23481.0,89280,45,99372,-0.0191,0.6606,-0.0559,-0.99,-0.114,0.025,54,-38,172,184.23897524682448
372619,23481.0,89280,45,99372,-0.0361,0.6637,-0.0407,-0.992,-0.087,0.015,52,-40,171,183.15294155431957
372719,23481.0,86400,45,99372,-0.0467,0.6788,-0.0291,-1.003,-0.1,0.012,55,-41,173,186.1048091802036
372821,23471.0,86400,45,99375,-0.0526,0.6841,-0.0244,-1.039,-0.111,0.038,53,-41,172,184.59144075498193
372919,23471.0,86400,45,99375,-0.0537,0.6851,-0.0242,-0.976,-0.118,-0.002,54,-41,172,184.8810428356569
373019,23481.0,86400,45,99373,-0.0534,0.6846,-0.0244,-0.972,-0.067,0.016,54,-40,174,186.52613757862463
373119,23471.0,86400,45,99370,-0.0514,0.6871,-0.0217,-0.952,-0.072,-0.015,52,-41,174,186.1746491872618
373219,23471.0,86400,45,99370,-0.0453,0.6969,-0.0151,-0.972,-0.055,0.0,53,-41,173,185.52358340653083
373347,23481.0,83520,45,99372,-0.0398,0.703,-0.0096,-1.03,-0.063,-0.014,52,-42,175,187.33125740249545
373419,23481.0,80640,45,99377,-0.0364,0.7059,-0.0063,-1.025,-0.056,0.0,51,-43,178,190.08945262691455
373522,23471.0,77760,45,99372,-0.0343,0.7071,-0.0043,-1.041,-0.06,-0.019,51,-44,178,190.3181546778972
373620,23471.0,77760,45,99372,-0.034,0.707,-0.0039,-1.02,-0.063,-0.069,50,-44,178,190.0526242912736
373722,23471.0,77760,45,99374,-0.0334,0.7066,-0.0045,-1.006,-0.046,-0.023,50,-45,177,189.3515249476486
373826,23481.0,77760,45,99374,-0.033,0.7075,-0.0041,-0.997,-0.044,-0.037,60,-37,175,188.66372200293304
373926,23481.0,77760,45,99374,-0.0327,0.7082,-0.0037,-0.993,-0.036,-0.013,59,-39,175,188.75115893683935
374034,23471.0,77760,45,99371,-0.0324,0.7089,-0.0035,-0.992,-0.042,-0.02,61,-39,173,187.53932920856897
374121,23481.0,77760,45,99371,-0.0322,0.7094,-0.0031,-0.997,-0.046,-0.026,62,-40,172,187.15768752578663
374227,23481.0,77760,45,99371,-0.032,0.7097,-0.003,-0.999,-0.041,-0.017,62,-41,172,187.3739576355263
374318,23481.0,77760,45,99374,-0.0318,0.71,-0.0028,-0.999,-0.044,-0.016,63,-42,171,187.0133685061044
374424,23481.0,77760,45,99375,-0.0317,0.7103,-0.0026,-0.995,-0.044,-0.023,62,-45,171,187.3766260770003
374519,23471.0,77760,45,99374,-0.0316,0.7105,-0.0025,-0.997,-0.045,-0.02,63,-45,171,187.70988253152788
374625,23471.0,77760,45,99374,-0.0315,0.7108,-0.0024,-0.997,-0.042,-0.02,63,-48,171,188.45158529447292
374721,23471.0,77760,45,99379,-0.0314,0.7109,-0.0023,-0.997,-0.041,-0.021,64,-49,173,190.85596663452785
374827,23481.0,77760,45,99373,-0.0313,0.7111,-0.0022,-0.995,-0.044,-0.02,62,-52,174,191.89580506097573
374919,23481.0,77760,45,99373,-0.0313,0.7112,-0.0022,-0.995,-0.043,-0.02,63,-54,175,193.6749854782491
375019,23471.0,77760,45,99371,-0.0312,0.7113,-0.0021,-0.998,-0.044,-0.018,63,-55,175,193.95618061820045
375118,23471.0,77760,45,99375,-0.0312,0.7113,-0.0021,-0.998,-0.044,-0.02,64,-56,176,195.46866756592985
375219,23471.0,77760,45,99375,-0.0312,0.7113,-0.0021,-0.996,-0.04,-0.019,64,-57,180,199.36148073286373
375318,23481.0,77760,45,99372,-0.0312,0.7113,-0.0021,-0.997,-0.045,-0.02,62,-57,179,197.82315334661916
375419,23481.0,77760,45,99372,-0.0312,0.7113,-0.0021,-0.999,-0.043,-0.017,62,-56,180,198.44394674567425
375519,23481.0,77760,45,99372,-0.0312,0.7113,-0.0021,-0.999,-0.044,-0.019,64,-57,180,199.36148073286373
375621,23481.0,77760,45,99372,-0.0312,0.7113,-0.0021,-0.998,-0.044,-0.02,65,-56,178,197.59807691371896
375719,23481.0,77760,45,99374,-0.0312,0.7113,-0.0021,-0.996,-0.043,-0.021,66,-55,179,198.5497418784522
375819,23471.0,77760,45,99375,-0.0312,0.7113,-0.0021,-0.997,-0.044,-0.023,65,-55,178,197.3170038288642
375919,23471.0,77760,45,99375,-0.0312,0.7113,-0.0021,-0.997,-0.041,-0.02,66,-54,175,194.67151820438448
376019,23481.0,77760,45,99374,-0.0312,0.7113,-0.0021,-0.997,-0.044,-0.021,65,-54,174,193.43474351832455
376119,23481.0,77760,45,99373,-0.0312,0.7113,-0.0021,-0.999,-0.044,-0.018,65,-53,171,190.4599695474091
376223,23471.0,77760,45,99372,-0.0312,0.7113,-0.0021,-0.997,-0.04,-0.021,64,-54,169,188.60805921274945
376319,23471.0,77760,45,99372,-0.0312,0.7113,-0.0021,-0.997,-0.042,-0.019,62,-54,168,187.040102651811
376419,23481.0,77760,45,99375,-0.0312,0.7113,-0.0021,-0.995,-0.044,-0.021,61,-55,167,186.1048091802036
376519,23471.0,77760,45,99373,-0.0312,0.7113,-0.0021,-0.996,-0.043,-0.021,59,-56,165,183.96195258802837
376619,23471.0,77760,45,99373,-0.0312,0.7113,-0.0021,-0.997,-0.042,-0.02,57,-57,164,182.7402528180368
376721,23481.0,77760,45,99372,-0.0312,0.7113,-0.0021,-0.993,-0.041,-0.021,55,-57,165,183.02732036502093
376822,23471.0,77760,45,99372,-0.0312,0.7113,-0.0021,-0.999,-0.044,-0.021,52,-59,164,181.8818297686715
376919,23471.0,77760,45,99372,-0.0312,0.7113,-0.0021,-0.997,-0.047,-0.02,51,-60,164,181.92580905413064
377019,23471.0,77760,45,99371,-0.0312,0.7113,-0.0021,-0.997,-0.043,-0.021,48,-59,165,181.6865432551349
377118,23471.0,77760,45,99374,-0.0312,0.7113,-0.0021,-0.998,-0.043,-0.022,47,-59,168,184.15754125204865
377219,23481.0,77760,45,99375,-0.0312,0.7113,-0.0021,-0.997,-0.043,-0.021,45,-60,169,184.89456454963732
377319,23481.0,77760,45,99375,-0.0312,0.7113,-0.0021,-0.998,-0.041,-0.018,43,-59,172,186.8528833066271
377421,23471.0,77760,45,99373,-0.0312,0.7113,-0.0021,-0.997,-0.045,-0.021,44,-58,174,188.61601204563732
377519,23471.0,77760,45,99377,-0.0312,0.7113,-0.0021,-0.996,-0.042,-0.019,44,-57,176,190.16045856065872
377614,23471.0,77760,45,99377,-0.0312,0.7113,-0.0021,-0.998,-0.042,-0.018,45,-55,175,188.87826767524103
377720,23471.0,77760,45,99370,-0.0312,0.7113,-0.0021,-0.996,-0.042,-0.022,56,-56,166,183.92389730538008
377819,23481.0,77760,45,99369,-0.0312,0.7113,-0.0021,-0.997,-0.043,-0.02,54,-40,179,191.1988493689227
377924,23481.0,77760,45,99369,-0.0312,0.7113,-0.0021,-0.997,-0.042,-0.022,61,-40,173,187.7498335551859
378028,23471.0,77760,45,99377,-0.0312,0.7113,-0.0021,-0.998,-0.042,-0.02,62,-44,172,188.05318396666408
378125,23471.0,77760,45,99373,-0.0312,0.7113,-0.0021,-1.018,-0.092,-0.005,62,-44,171,187.13898578329423
378235,23471.0,77760,45,99373,-0.0291,0.7103,-0.0031,-1.05,-0.068,-0.005,62,-43,171,186.9063936841113
378446,23471.0,80640,45,99373,-0.0264,0.7074,-0.0005,-1.044,-0.067,0.006,62,-44,171,187.13898578329423
378449,23471.0,83520,45,99374,-0.0227,0.7032,0.0063,-1.032,-0.038,0.001,65,-46,170,187.725863961256
378518,23461.0,86400,45,99372,-0.0156,0.6977,0.0126,-1.03,-0.022,-0.058,65,-46,167,185.01351301999537
378619,23461.0,86400,45,99372,-0.0085,0.6915,0.0143,-1.063,-0.034,0.062,65,-46,165,183.2102617213348
378718,23471.0,89280,45,99375,-0.0043,0.6848,0.0139,-1.022,0.044,0.068,65,-45,162,180.26092199919535
378819,23471.0,92160,45,99376,-0.0027,0.6781,0.0112,-1.037,0.049,0.052,66,-45,158,177.04519197086375
378919,23471.0,95040,45,99377,-0.0039,0.6717,0.0061,-1.036,0.037,0.119,69,-45,156,176.41428513586987
379019,23471.0,97920,45,99377,-0.0077,0.6653,-0.0016,-1.028,-0.016,0.043,67,-42,151,170.45233937966356
379123,23471.0,103680,45,99370,-0.0144,0.6598,-0.012,-0.982,-0.034,0.095,66,-38,148,166.44518617250546
379220,23481.0,109440,45,99372,-0.0221,0.6557,-0.0237,-0.943,-0.048,0.102,67,-35,147,165.2967029314257
379320,23481.0,115200,45,99372,-0.0285,0.654,-0.0353,-0.933,-0.035,0.143,65,-34,143,160.7171428317465
379419,23471.0,115200,45,99370,-0.0326,0.6546,-0.0465,-0.942,-0.115,0.104,66,-32,143,160.71403174583108
379519,23481.0,118080,45,99372,-0.0347,0.6573,-0.0572,-0.933,-0.102,0.122,65,-29,142,158.8395416764982
379619,23481.0,118080,45,99372,-0.0343,0.662,-0.0673,-0.954,-0.153,0.118,62,-27,141,156.377747777617
379720,23471.0,118080,45,99372,-0.0314,0.6681,-0.0767,-0.945,-0.126,0.103,61,-26,143,157.62613996415695
379823,23471.0,118080,45,99366,-0.0268,0.6752,-0.0838,-0.93,-0.127,0.108,62,-26,144,158.92136420255144
379920,23471.0,118080,45,99366,-0.024,0.6834,-0.0885,-0.931,-0.162,0.098,58,-26,144,157.40393895960798
380021,23471.0,118080,45,99366,-0.0213,0.6892,-0.0933,-0.923,-0.146,0.064,59,-24,147,160.20611723651504
380119,23471.0,118080,45,99364,-0.0182,0.6909,-0.0971,-0.928,-0.133,0.074,59,-24,147,160.20611723651504
380219,23471.0,118080,45,99367,-0.0177,0.6906,-0.0972,-0.995,-0.138,0.026,58,-23,146,158.7734234687909
380323,23471.0,118080,45,99367,-0.0175,0.6911,-0.0968,-0.979,-0.153,0.04,58,-23,146,158.7734234687909
380428,23481.0,118080,45,99371,-0.017,0.6918,-0.0962,-0.99,-0.149,0.028,59,-23,147,160.0593639872407
380524,23471.0,118080,45,99369,-0.0168,0.6921,-0.096,-0.987,-0.146,0.029,58,-24,146,158.92136420255144
380625,23471.0,118080,45,99369,-0.0164,0.6926,-0.0956,-0.98,-0.151,0.034,58,-24,147,159.84054554461454
380724,23471.0,118080,45,99366,-0.0162,0.6929,-0.0954,-0.99,-0.146,0.032,59,-24,148,161.1241757155021
380825,23471.0,118080,45,99372,-0.0161,0.6931,-0.0952,-0.984,-0.148,0.032,58,-23,147,159.6934563468397
380924,23471.0,118080,45,99371,-0.0159,0.6933,-0.095,-0.984,-0.149,0.033,59,-24,146,159.2890454488318
381028,23471.0,118080,45,99371,-0.0158,0.6935,-0.0949,-0.987,-0.147,0.027,58,-24,146,158.92136420255144
381124,23471.0,118080,45,99368,-0.0157,0.6936,-0.0947,-0.984,-0.15,0.031,58,-23,147,159.6934563468397
381226,23471.0,118080,45,99364,-0.0156,0.6938,-0.0946,-0.984,-0.149,0.031,59,-24,147,160.20611723651504
381323,23471.0,118080,45,99364,-0.0155,0.6939,-0.0945,-0.986,-0.147,0.032,58,-23,147,159.6934563468397
381419,23461.0,118080,45,99364,-0.0154,0.694,-0.0944,-0.983,-0.149,0.031,58,-23,147,159.6934563468397
381519,23461.0,118080,45,99366,-0.0154,0.694,-0.0944,-0.987,-0.147,0.03,59,-23,146,159.14144651849813
381621,23461.0,118080,45,99366,-0.0154,0.694,-0.0944,-0.985,-0.149,0.03,59,-23,147,160.0593639872407
381717,23471.0,118080,45,99370,-0.0154,0.694,-0.0944,-0.983,-0.148,0.031,59,-23,147,160.0593639872407
381819,23471.0,118080,45,99368,-0.0154,0.694,-0.0944,-0.987,-0.149,0.029,59,-23,147,160.0593639872407
381919,23471.0,118080,45,99370,-0.0154,0.694,-0.0944,-0.984,-0.148,0.033,58,-24,146,158.92136420255144
382019,23471.0,118080,45,99370,-0.0154,0.694,-0.0944,-0.983,-0.148,0.032,58,-23,147,159.6934563468397
382121,23471.0,118080,45,99367,-0.0154,0.694,-0.0944,-0.987,-0.15,0.03,59,-24,147,160.20611723651504
382223,23471.0,118080,45,99367,-0.0154,0.694,-0.0944,-0.984,-0.147,0.03,59,-24,146,159.2890454488318
382324,23471.0,118080,45,99367,-0.0154,0.694,-0.0944,-0.984,-0.148,0.032,59,-23,147,160.0593639872407
382427,23461.0,118080,45,99362,-0.0154,0.694,-0.0944,-0.987,-0.147,0.03,59,-23,147,160.0593639872407
382520,23471.0,118080,45,99366,-0.0154,0.694,-0.0944,-0.984,-0.149,0.031,58,-25,145,158.15814869933195
382619,23471.0,118080,45,99369,-0.0154,0.694,-0.0944,-0.987,-0.148,0.031,59,-24,147,160.20611723651504
382719,23471.0,118080,45,99369,-0.0154,0.694,-0.0944,-0.985,-0.149,0.03,59,-23,146,159.14144651849813
382820,23461.0,118080,45,99364,-0.0154,0.694,-0.0944,-0.983,-0.148,0.029,59,-23,146,159.14144651849813
382921,23471.0,118080,45,99367,-0.0154,0.694,-0.0944,-0.984,-0.149,0.031,59,-24,146,159.2890454488318
383023,23471.0,118080,45,99367,-0.0154,0.694,-0.0944,-0.984,-0.147,0.029,58,-25,146,159.07545379473223
383120,23461.0,118080,45,99366,-0.0154,0.694,-0.0944,-0.984,-0.148,0.029,57,-25,147,159.6339562875017
383222,23471.0,118080,45,99370,-0.0154,0.694,-0.0944,-0.987,-0.149,0.029,59,-23,147,160.0593639872407
383320,23471.0,118080,45,99370,-0.0154,0.694,-0.0944,-0.983,-0.147,0.032,60,-24,145,158.74822833657075
383420,23461.0,118080,45,99366,-0.0154,0.694,-0.0944,-0.987,-0.149,0.032,58,-24,145,158.00316452527144
383520,23471.0,118080,45,99370,-0.0154,0.694,-0.0944,-0.986,-0.15,0.031,58,-24,145,158.00316452527144
383621,23471.0,118080,45,99371,-0.0154,0.694,-0.0944,-0.984,-0.147,0.03,59,-23,146,159.14144651849813
383719,23471.0,118080,45,99371,-0.0154,0.694,-0.0944,-0.985,-0.149,0.029,58,-24,147,159.84054554461454
383819,23471.0,118080,45,99370,-0.0154,0.694,-0.0944,-0.986,-0.15,0.034,58,-24,146,158.92136420255144
383921,23461.0,118080,45,99366,-0.0154,0.694,-0.0944,-0.985,-0.149,0.03,59,-24,146,159.2890454488318
384020,23461.0,118080,45,99366,-0.0154,0.694,-0.0944,-0.987,-0.149,0.031,59,-24,147,160.20611723651504
384120,23461.0,118080,45,99369,-0.0154,0.694,-0.0944,-0.985,-0.148,0.031,59,-24,147,160.20611723651504
384220,23461.0,118080,45,99370,-0.0154,0.694,-0.0944,-0.986,-0.15,0.032,59,-24,146,159.2890454488318
384320,23461.0,118080,45,99370,-0.0154,0.694,-0.0944,-0.986,-0.146,0.031,58,-24,147,159.84054554461454
384421,23471.0,118080,45,99369,-0.0154,0.694,-0.0944,-0.986,-0.148,0.03,59,-23,147,160.0593639872407
384523,23471.0,118080,45,99366,-0.0154,0.694,-0.0944,-0.986,-0.148,0.031,57,-25,147,159.6339562875017
384620,23471.0,118080,45,99365,-0.0154,0.694,-0.0944,-0.983,-0.147,0.032,59,-23,147,160.0593639872407
384720,23471.0,118080,45,99365,-0.0154,0.694,-0.0944,-0.986,-0.149,0.032,59,-24,147,160.20611723651504
384820,23471.0,118080,45,99368,-0.0154,0.694,-0.0944,-0.983,-0.148,0.028,58,-24,146,158.92136420255144
384919,23481.0,118080,45,99367,-0.0154,0.694,-0.0944,-0.986,-0.149,0.031,59,-24,147,160.20611723651504
385019,23481.0,118080,45,99367,-0.0154,0.694,-0.0944,-0.984,-0.148,0.031,58,-23,147,159.6934563468397
385119,23461.0,118080,45,99368,-0.0154,0.694,-0.0944,-0.984,-0.148,0.031,57,-23,146,158.41085821369697
385229,23471.0,118080,45,99366,-0.0162,0.6934,-0.0938,-0.925,-0.157,0.075,58,-24,147,159.84054554461454
385322,23471.0,118080,45,99366,-0.02,0.6879,-0.0899,-0.919,-0.163,0.074,61,-25,147,161.1055554597668
385420,23471.0,118080,45,99370,-0.0229,0.6808,-0.0848,-0.899,-0.105,0.088,59,-24,146,159.2890454488318
385522,23471.0,118080,45,99370,-0.0254,0.6726,-0.0792,-0.906,-0.079,0.113,61,-26,144,158.5339080449353
385620,23461.0,118080,45,99367,-0.0273,0.6657,-0.0718,-0.925,-0.103,0.154,63,-27,143,158.5780564895408
385720,23461.0,118080,45,99367,-0.0293,0.6604,-0.0608,-0.924,-0.129,0.036,63,-28,141,156.95222202950808
385820,23471.0,118080,45,99374,-0.0286,0.657,-0.049,-0.948,-0.109,0.072,64,-29,143,159.3298465448329
385920,23471.0,118080,45,99376,-0.0262,0.6554,-0.0374,-1.003,-0.101,0.128,64,-30,143,159.51488958714793
386015,23471.0,115200,45,99376,-0.0239,0.6553,-0.0271,-0.976,-0.031,0.112,64,-33,144,161.0
386121,23461.0,112320,44,99372,-0.0219,0.6567,-0.018,-0.967,-0.045,0.108,66,-34,145,162.9018109168833
386223,23471.0,106560,45,99375,-0.0202,0.6598,-0.0102,-1.007,-0.031,0.123,67,-38,147,165.95782596792475
386318,23471.0,106560,45,99375,-0.0191,0.6643,-0.0034,-0.971,-0.019,0.069,67,-39,151,169.73803345155144
386420,23471.0,100800,45,99375,-0.0189,0.6704,0.0018,-1.036,-0.033,0.101,67,-41,153,171.985464502091
386524,23461.0,97920,45,99371,-0.0206,0.6776,0.0054,-1.016,0.015,0.054,66,-42,154,172.73100474437123
386625,23461.0,95040,45,99368,-0.0251,0.6845,0.0064,-1.033,-0.059,-0.015,67,-43,159,177.81732199085667
386728,23461.0,92160,45,99368,-0.0307,0.6914,0.003,-1.037,-0.082,0.004,69,-44,162,181.49655644116223
386820,23461.0,89280,45,99371,-0.0351,0.6967,-0.0045,-1.06,-0.102,0.018,66,-44,164,182.17573932881405
386919,23461.0,89280,45,99372,-0.0385,0.6999,-0.0106,-1.03,-0.104,0.0,66,-42,167,184.4152922075607
387034,23461.0,86400,45,99372,-0.042,0.702,-0.0133,-1.043,-0.111,0.011,65,-43,168,185.1971922033377
387119,23461.0,86400,45,99373,-0.0452,0.7023,-0.0145,-0.983,-0.09,-0.027,64,-40,168,184.1738309315414
387222,23471.0,86400,45,99376,-0.045,0.7019,-0.0147,-0.956,-0.068,-0.022,64,-40,168,184.1738309315414
387328,23461.0,86400,45,99374,-0.044,0.7025,-0.0135,-0.951,-0.072,-0.028,64,-40,168,184.1738309315414
387432,23461.0,86400,45,99374,-0.0416,0.7055,-0.0109,-0.964,-0.061,-0.019,64,-41,168,184.39360075664231
387519,23461.0,86400,45,99373,-0.0378,0.7087,-0.0073,-0.98,-0.058,-0.012,65,-42,170,186.78597377747613
387629,23461.0,83520,45,99375,-0.0341,0.7116,-0.0038,-1.022,-0.065,-0.001,62,-42,171,186.67886864881092
387724,23461.0,80640,45,99375,-0.032,0.7126,-0.0018,-1.033,-0.064,-0.01,62,-43,173,188.73791352030997
387829,23481.0,77760,45,99375,-0.0314,0.7124,-0.0013,-1.016,-0.053,-0.012,62,-44,173,188.9682513016406
387919,23461.0,77760,45,99372,-0.0308,0.7117,-0.0018,-1.012,-0.011,-0.005,62,-44,172,188.05318396666408
388025,23461.0,77760,45,99372,-0.0308,0.7117,-0.0018,-0.995,-0.04,-0.022,62,-44,171,187.13898578329423
388124,23471.0,77760,45,99372,-0.0308,0.712,-0.0018,-0.993,-0.045,-0.01,62,-43,171,186.9063936841113
388225,23461.0,77760,45,99373,-0.0308,0.712,-0.0018,-0.999,-0.05,-0.03,65,-56,173,193.10618840420415
388324,23481.0,77760,45,99371,-0.0307,0.7121,-0.0018,-1.002,-0.045,-0.022,64,-58,173,193.3623541437164
388419,23481.0,77760,45,99371,-0.0307,0.7122,-0.0018,-1.001,-0.044,-0.017,64,-57,171,191.27467161127217
388524,23471.0,77760,45,99375,-0.0307,0.7122,-0.0017,-0.996,-0.045,-0.021,64,-56,172,191.8749592833833
388625,23461.0,77760,45,99370,-0.0307,0.7123,-0.0017,-0.996,-0.042,-0.022,64,-55,170,189.7919914011126
388724,23461.0,77760,45,99370,-0.0307,0.7123,-0.0017,-0.996,-0.04,-0.019,62,-54,171,189.73929482318627
388825,23471.0,77760,45,99375,-0.0307,0.7124,-0.0016,-0.998,-0.044,-0.021,63,-54,172,190.9685838037241
388920,23481.0,77760,45,99371,-0.0307,0.7124,-0.0016,-0.996,-0.045,-0.02,64,-51,171,189.5732048576486
389020,23481.0,77760,45,99371,-0.0307,0.7124,-0.0016,-0.995,-0.042,-0.02,63,-50,172,189.87627550591992
389120,23481.0,77760,45,99376,-0.0307,0.7124,-0.0016,-0.997,-0.043,-0.019,62,-48,173,189.93946404052
389220,23471.0,77760,45,99371,-0.0307,0.7124,-0.0016,-1.0,-0.045,-0.018,62,-46,175,191.27205755154097
389320,23471.0,77760,45,99373,-0.0307,0.7124,-0.0016,-0.997,-0.044,-0.021,63,-43,175,190.90049764209627
389421,23471.0,77760,45,99373,-0.0307,0.7124,-0.0016,-0.997,-0.042,-0.019,61,-41,177,191.65333286953296
389522,23471.0,77760,45,99373,-0.0307,0.7124,-0.0016,-0.999,-0.043,-0.018,61,-41,177,191.65333286953296
389621,23461.0,77760,45,99372,-0.0307,0.7124,-0.0016,-0.997,-0.043,-0.02,61,-39,178,192.16139050287913
389720,23461.0,77760,45,99372,-0.0307,0.7124,-0.0016,-0.997,-0.041,-0.019,59,-37,178,191.1386931000628
389820,23461.0,77760,45,99373,-0.0307,0.7124,-0.0016,-0.996,-0.042,-0.02,58,-38,179,191.96093352554837
389922,23461.0,77760,45,99375,-0.0307,0.7124,-0.0016,-0.997,-0.042,-0.02,57,-38,178,190.7275543805876
390020,23461.0,77760,45,99371,-0.0307,0.7124,-0.0016,-0.997,-0.044,-0.02,56,-38,178,190.43108989868225
390120,23461.0,77760,45,99371,-0.0307,0.7124,-0.0016,-0.996,-0.045,-0.019,55,-39,177,189.40696924875812
390221,23471.0,77760,45,99376,-0.0307,0.7124,-0.0016,-0.996,-0.045,-0.02,53,-40,176,188.10901094843916
390348,23471.0,77760,44,99372,-0.0307,0.7124,-0.0016,-0.995,-0.044,-0.018,51,-42,175,187.0561413052242
390420,23471.0,77760,44,99372,-0.0307,0.7124,-0.0016,-0.996,-0.045,-0.021,50,-45,173,185.61788706910764
390518,23471.0,77760,45,99376,-0.0307,0.7124,-0.0016,-0.999,-0.044,-0.018,50,-46,172,184.9324200890693
390620,23471.0,77760,45,99375,-0.0307,0.7124,-0.0016,-0.996,-0.043,-0.023,48,-48,172,184.91078930121952
390721,23471.0,77760,45,99375,-0.0307,0.7124,-0.0016,-0.996,-0.044,-0.018,48,-51,170,183.86136081297775
390824,23471.0,77760,45,99373,-0.0307,0.7124,-0.0016,-0.995,-0.042,-0.022,46,-54,169,183.28393273825176
390926,23471.0,77760,45,99376,-0.0307,0.7124,-0.0016,-0.998,-0.042,-0.02,45,-57,168,183.0245885120357
391028,23471.0,77760,45,99374,-0.0307,0.7124,-0.0016,-0.998,-0.042,-0.018,46,-58,169,184.50203250912983
391123,23471.0,77760,45,99374,-0.0307,0.7124,-0.0016,-0.996,-0.043,-0.02,45,-58,167,182.42258632088297
391220,23461.0,77760,45,99374,-0.0307,0.7124,-0.0016,-0.998,-0.043,-0.023,45,-59,166,181.82959055115313
391320,23461.0,77760,45,99372,-0.0307,0.7124,-0.0016,-0.998,-0.044,-0.02,47,-61,168,184.808008484481
391420,23461.0,77760,45,99372,-0.0307,0.7124,-0.0016,-0.998,-0.043,-0.02,47,-62,167,184.23354743368537
391520,23471.0,77760,45,99376,-0.0307,0.7124,-0.0016,-0.998,-0.044,-0.019,48,-61,169,185.9731163367437
391620,23471.0,77760,45,99373,-0.0307,0.7124,-0.0016,-0.998,-0.042,-0.019,50,-62,170,187.7338541659442
391720,23471.0,77760,45,99373,-0.0307,0.7124,-0.0016,-0.997,-0.044,-0.021,52,-61,170,187.94946129212505
391820,23471.0,77760,45,99374,-0.0307,0.7124,-0.0016,-0.998,-0.044,-0.018,54,-60,171,189.0952141118331
391921,23471.0,77760,45,99376,-0.0307,0.7124,-0.0016,-0.997,-0.044,-0.02,55,-59,173,190.87954316793616
392023,23471.0,77760,45,99377,-0.0307,0.7124,-0.0016,-0.997,-0.044,-0.021,55,-59,172,189.97368238785077
392120,23471.0,77760,45,99377,-0.0307,0.7124,-0.0016,-0.998,-0.045,-0.021,60,-40,176,190.19989484749985
392220,23461.0,77760,45,99373,-0.0307,0.7124,-0.0016,-0.998,-0.043,-0.022,47,-50,173,186.1128689800896
392319,23471.0,77760,45,99375,-0.0307,0.7124,-0.0016,-0.998,-0.041,-0.02,45,-56,172,186.40010729610648
392420,23471.0,77760,45,99375,-0.0307,0.7124,-0.0016,-0.996,-0.045,-0.019,51,-44,176,188.4489320744482
392524,23471.0,77760,45,99374,-0.0288,0.7116,-0.0026,-1.048,-0.07,-0.002,50,-44,176,188.18076416042103
392630,23461.0,80640,45,99375,-0.0262,0.7087,-0.0009,-1.044,-0.065,0.018,53,-46,177,190.40483187146276
392723,23461.0,83520,45,99375,-0.0231,0.7047,0.0054,-1.022,-0.024,-0.033,54,-46,176,189.75774029008673
392820,23461.0,86400,45,99375,-0.0162,0.6994,0.0122,-1.043,-0.055,-0.065,52,-46,173,186.41083659487185
392920,23471.0,86400,45,99373,-0.0088,0.6932,0.0142,-1.031,0.037,0.054,53,-45,173,186.4483842783305
393020,23461.0,89280,45,99373,-0.0044,0.6865,0.014,-1.027,0.022,0.036,53,-45,168,181.81859090863068
393120,23461.0,92160,45,99373,-0.0026,0.6799,0.0115,-1.037,0.054,0.088,55,-46,164,178.98882646690546
393220,23451.0,95040,44,99374,-0.0036,0.6733,0.0066,-1.045,-0.013,0.063,57,-47,163,178.96088958205365
393320,23461.0,97920,45,99372,-0.007,0.667,-0.0009,-1.029,-0.011,0.051,55,-42,161,175.24268886318768
393419,23461.0,103680,45,99372,-0.0135,0.6614,-0.011,-0.983,0.0,0.082,54,-41,154,168.2646724657318
393520,23461.0,106560,45,99371,-0.0213,0.6571,-0.0226,-0.935,-0.031,0.121,55,-37,153,166.74231616479364
393622,23461.0,112320,45,99370,-0.0279,0.6551,-0.0343,-0.924,-0.024,0.117,55,-34,151,164.26198586404584
393720,23461.0,115200,45,99368,-0.0323,0.6555,-0.0456,-0.959,-0.124,0.107,55,-34,148,161.5085137074823
393820,23461.0,118080,45,99368,-0.0345,0.6581,-0.0563,-0.931,-0.126,0.13,54,-32,148,160.76069171286866
393920,23451.0,118080,45,99368,-0.0344,0.6626,-0.0665,-0.96,-0.142,0.118,51,-29,147,158.27507700203466
394020,23461.0,120960,45,99367,-0.0318,0.6685,-0.0759,-0.937,-0.13,0.11,50,-29,148,158.88675212238434
394123,23461.0,120960,45,99367,-0.0272,0.6755,-0.0837,-0.915,-0.072,0.139,50,-27,150,160.40261843249317
394220,23461.0,120960,45,99368,-0.0243,0.6836,-0.0884,-0.893,-0.13,0.069,49,-26,150,159.928108848945
394321,23451.0,118080,45,99366,-0.0216,0.6897,-0.0932,-0.929,-0.157,0.065,48,-25,151,160.40573555830227
394444,23451.0,118080,45,99366,-0.0184,0.6915,-0.0973,-0.929,-0.133,0.073,49,-25,152,161.6477652180815
394520,23461.0,118080,45,99369,-0.0177,0.6914,-0.0976,-1.004,-0.168,0.018,46,-24,152,160.61133210331082
394621,23461.0,118080,45,99370,-0.0149,0.6912,-0.1014,-0.975,-0.163,0.04,46,-24,151,159.66527487215245
394716,23461.0,118080,45,99369,-0.0067,0.6904,-0.1104,-0.992,-0.185,0.031,47,-23,152,160.75447116643443
394830,23461.0,118080,45,99369,0.0066,0.6884,-0.1252,-0.982,-0.177,0.031,46,-22,151,159.37691175323985
394946,23461.0,118080,45,99368,0.0253,0.6857,-0.1452,-0.98,-0.142,0.037,46,-19,153,160.89126763127948
395030,23461.0,115200,45,99368,0.0474,0.681,-0.1691,-0.989,-0.182,0.047,45,-19,153,160.60821896777264
395128,23461.0,115200,45,99368,0.0695,0.6755,-0.193,-0.98,-0.152,0.058,45,-15,151,158.27507700203466
395232,23461.0,115200,45,99370,0.0918,0.6696,-0.2163,-0.982,-0.105,0.052,45,-13,151,158.09807082946963
395330,23451.0,115200,45,99370,0.1138,0.6627,-0.2396,-0.986,-0.16,0.065,46,-10,151,158.16763259276533
395420,23451.0,115200,45,99370,0.1358,0.6552,-0.2627,-0.981,-0.123,0.074,43,-7,150,156.19859154294574
395537,23451.0,112320,45,99366,0.1579,0.6472,-0.2851,-0.984,-0.106,0.074,44,-4,148,154.45387661046257
395637,23461.0,112320,45,99368,0.1773,0.6389,-0.3056,-0.98,-0.112,0.085,42,-4,147,152.93462655657808
395725,23451.0,109440,45,99369,0.1946,0.6332,-0.3178,-0.983,-0.075,0.087,42,-3,146,151.95064988344078
395830,23451.0,109440,45,99369,0.2094,0.6305,-0.3226,-0.983,-0.092,0.088,43,-1,146,152.20381072758985
395924,23461.0,106560,45,99368,0.2177,0.6293,-0.3236,-0.977,-0.086,0.091,43,1,144,150.28639326299637
396032,23471.0,106560,45,99368,0.2197,0.6293,-0.3238,-0.981,-0.113,0.089,42,-1,144,150.00333329629711
396127,23471.0,106560,45,99368,0.2247,0.6277,-0.3288,-0.983,-0.119,0.096,43,0,146,152.2005256232711
396230,23471.0,106560,45,99372,0.2344,0.6238,-0.3388,-0.98,-0.12,0.094,43,0,144,150.28306624500314
396324,23451.0,106560,45,99368,0.2488,0.6166,-0.3539,-0.985,-0.099,0.096,42,2,143,149.05368160498418
396430,23461.0,106560,45,99364,0.2678,0.6066,-0.3735,-0.984,-0.081,0.091,41,5,142,147.88509052639486
396525,23461.0,103680,45,99364,0.2881,0.5949,-0.3946,-0.983,-0.086,0.101,42,6,140,146.28738838327794
396629,23461.0,103680,45,99368,0.3086,0.5829,-0.4146,-0.98,-0.072,0.097,41,7,137,143.17471843869643
396727,23471.0,100800,45,99370,0.3284,0.57,-0.4345,-0.98,-0.063,0.1,41,8,136,142.2708684165525
396832,23471.0,100800,45,99370,0.3479,0.5565,-0.454,-0.986,-0.068,0.111,40,10,134,140.19985734657507
396924,23471.0,103680,45,99373,0.3668,0.5424,-0.4729,-0.982,-0.047,0.104,41,11,132,138.6578522839583
397029,23461.0,103680,45,99370,0.3858,0.5278,-0.4911,-0.98,-0.036,0.101,40,12,129,135.5912976558599
397124,23461.0,103680,45,99370,0.4044,0.5125,-0.5088,-0.983,-0.038,0.107,40,13,129,135.68345514468592
397229,23461.0,103680,45,99368,0.4226,0.4967,-0.5258,-0.985,-0.026,0.105,39,14,124,130.74020039758238
397324,23471.0,106560,45,99371,0.4411,0.4807,-0.5416,-0.981,-0.015,0.1,39,15,122,128.9573572930215
397429,23471.0,106560,45,99373,0.4585,0.4639,-0.5574,-0.984,-0.018,0.106,38,15,120,126.763559432512
397524,23471.0,106560,45,99373,0.4754,0.4466,-0.5724,-0.984,-0.002,0.101,38,14,117,123.81033882515628
397630,23471.0,106560,45,99370,0.4915,0.4288,-0.5872,-0.982,0.007,0.093,38,15,116,122.98373876248844
397728,23451.0,106560,45,99368,0.5087,0.4109,-0.5998,-0.983,0.007,0.093,37,14,114,120.66896867049124
397832,23451.0,106560,45,99368,0.524,0.3924,-0.6129,-0.989,0.021,0.095,38,15,111,118.27933040053956
397925,23461.0,106560,45,99369,0.5396,0.3735,-0.6247,-0.983,0.022,0.085,37,14,109,115.95688854052612
398029,23461.0,106560,45,99367,0.5538,0.3541,-0.6364,-0.983,0.024,0.083,36,13,106,112.69871339105872
398125,23461.0,106560,45,99367,0.5684,0.3345,-0.6466,-0.989,0.044,0.08,37,13,104,111.14854924829204
398230,23461.0,103680,45,99362,0.5816,0.3144,-0.6567,-0.985,0.046,0.079,36,12,101,107.89346597454362
398326,23461.0,106560,45,99367,0.5939,0.2939,-0.6664,-0.987,0.066,0.073,37,12,99,106.36728820459794
398434,23461.0,109440,45,99368,0.6068,0.2732,-0.6742,-0.986,0.024,0.063,36,10,98,104.88088481701516
398525,23461.0,115200,45,99368,0.6172,0.2522,-0.6829,-0.987,0.068,0.055,35,10,95,101.73494974687902
398629,23461.0,118080,45,99364,0.6274,0.2309,-0.6904,-0.989,0.089,0.052,35,8,95,101.55786527886454
398724,23471.0,120960,45,99372,0.6369,0.2094,-0.6971,-0.986,0.036,0.045,36,8,93,100.04498987955368
398821,23471.0,120960,45,99372,0.6453,0.1876,-0.7035,-0.989,0.068,0.038,36,6,92,98.97474425326898
398924,23461.0,126720,45,99370,0.6535,0.1656,-0.7086,-0.992,0.088,0.035,35,5,89,95.7653381970742
399031,23461.0,126720,45,99368,0.6609,0.1435,-0.713,-0.988,0.043,0.024,34,3,88,94.38749917229504
399127,23461.0,129600,45,99368,0.6671,0.1212,-0.717,-0.989,0.086,0.012,35,1,87,93.78166132032425
399222,23471.0,129600,45,99368,0.673,0.0988,-0.7199,-0.993,0.106,0.008,32,0,85,90.82400563727631
399324,23461.0,129600,45,99368,0.6777,0.0764,-0.7223,-0.988,0.048,0.0,33,-4,85,91.26883367283708
399425,23461.0,129600,45,99368,0.6813,0.0539,-0.7244,-0.99,0.085,-0.008,34,-4,83,89.78307190111062
399527,23461.0,129600,45,99368,0.6846,0.0314,-0.7252,-0.995,0.097,-0.014,33,-6,83,89.52094726934027
399622,23461.0,129600,45,99366,0.6873,0.0087,-0.7251,-0.987,0.052,-0.024,33,-8,82,88.75246475450696
399721,23461.0,126720,45,99368,0.6898,-0.0139,-0.7236,-0.992,0.094,-0.031,32,-10,82,88.58893836140041
399820,23461.0,120960,45,99368,-0.6904,0.0363,0.7225,-0.996,0.103,-0.038,31,-12,80,86.63140308225418
399921,23461.0,120960,45,99369,-0.6902,0.0587,0.7206,-0.987,0.05,-0.048,32,-15,81,88.3742043811428
400020,23451.0,115200,45,99366,-0.6893,0.081,0.7179,-0.992,0.078,-0.053,32,-15,81,88.3742043811428
400120,23471.0,109440,45,99372,-0.6875,0.1032,0.7144,-0.997,0.083,-0.062,32,-17,80,87.82368700982668
400221,23471.0,103680,45,99372,-0.6851,0.1253,0.7101,-0.988,0.042,-0.07,32,-20,82,90.26627277117406
400320,23461.0,97920,45,99369,-0.6818,0.1473,0.7051,-0.995,0.076,-0.075,32,-23,82,90.97801932335084
400421,23461.0,92160,45,99368,-0.6778,0.1691,0.6994,-0.998,0.073,-0.085,33,-24,82,91.59148432032316
400520,23461.0,83520,45,99368,-0.6731,0.1907,0.6928,-0.989,0.027,-0.087,32,-27,82,92.07062506576132
400620,23461.0,77760,45,99373,-0.6677,0.2122,0.6854,-0.995,0.055,-0.091,32,-28,83,93.25770745627408
400722,23451.0,74880,45,99370,-0.6614,0.2333,0.6775,-1.001,0.054,-0.101,32,-29,84,94.451045520947
400820,23451.0,66240,45,99370,-0.6546,0.2543,0.6686,-0.993,0.012,-0.102,32,-32,85,96.29641737884126
400920,23461.0,60480,45,99369,-0.647,0.275,0.659,-0.996,0.048,-0.109,32,-33,86,97.51410154434076
401020,23461.0,54720,45,99370,-0.6386,0.2952,0.6488,-1.001,0.047,-0.119,31,-35,88,99.6493853468249
401120,23471.0,48960,45,99373,-0.6296,0.3152,0.6377,-0.996,0.007,-0.117,32,-38,88,101.05444077327824
401220,23471.0,43200,45,99373,-0.6199,0.3349,0.626,-0.998,0.008,-0.123,32,-37,89,101.55786527886454
401322,23451.0,40320,45,99372,-0.6096,0.3543,0.6136,-0.996,0.033,-0.122,33,-39,92,105.23307464861035
401420,23451.0,40320,45,99372,-0.6005,0.3723,0.6007,-0.997,0.029,-0.126,33,-40,93,106.48004507887852
401525,23451.0,40320,45,99372,-0.6013,0.3921,0.5828,-0.999,-0.008,-0.12,32,-41,94,107.4290463515338
401630,23451.0,40320,45,99368,-0.6046,0.4079,0.5673,-0.999,0.023,-0.124,33,-43,94,108.5080642164443
401725,23461.0,40320,45,99369,-0.6059,0.4154,0.5599,-0.997,0.003,-0.124,34,-43,96,110.5486318323298
401826,23461.0,40320,45,99369,-0.6086,0.4174,0.5563,-0.998,-0.011,-0.124,32,-43,96,109.9499886311954
401924,23461.0,40320,45,99370,-0.6108,0.4181,0.5539,-0.997,-0.009,-0.121,32,-43,96,109.9499886311954
402029,23451.0,40320,45,99371,-0.6122,0.4185,0.5523,-0.997,-0.012,-0.122,34,-42,96,110.16351483136329
402125,23461.0,40320,45,99368,-0.6132,0.4188,0.5512,-0.997,-0.011,-0.123,34,-43,95,109.6813566655701
402227,23461.0,40320,45,99368,-0.614,0.4191,0.5503,-0.999,-0.011,-0.122,33,-43,96,110.2451813005902
402325,23451.0,40320,45,99370,-0.6146,0.4193,0.5497,-0.998,-0.011,-0.12,33,-43,97,111.11705539655016
402431,23451.0,40320,45,99372,-0.6151,0.4194,0.5491,-0.998,-0.01,-0.121,33,-42,96,109.85900054160332
402524,23451.0,40320,45,99372,-0.6155,0.4195,0.5487,-0.997,-0.01,-0.123,33,-43,96,110.2451813005902
402626,23461.0,40320,45,99373,-0.6158,0.4196,0.5483,-0.998,-0.009,-0.121,33,-43,97,111.11705539655016
402720,23451.0,40320,45,99371,-0.6161,0.4197,0.548,-0.997,-0.009,-0.125,33,-43,96,110.2451813005902
402821,23451.0,40320,45,99371,-0.6166,0.4194,0.5479,-0.927,-0.031,-0.165,34,-43,95,109.6813566655701
402922,23451.0,40320,45,99372,-0.6211,0.4138,0.55,-0.978,-0.006,-0.126,34,-43,96,110.5486318323298
403024,23451.0,40320,45,99368,-0.6279,0.4031,0.5562,-1.009,-0.012,-0.119,35,-41,95,109.2291169972549
403121,23461.0,40320,44,99369,-0.6371,0.3888,0.565,-0.99,-0.036,-0.134,32,-41,93,106.55515003977987
403229,23461.0,40320,44,99369,-0.6483,0.3698,0.5768,-0.996,-0.072,-0.115,34,-40,92,105.92450141492289
403351,23451.0,40320,45,99369,-0.6595,0.3488,0.5891,-0.997,0.021,-0.131,31,-37,90,102.12737145349428
403418,23451.0,40320,45,99368,-0.67,0.3279,0.6003,-1.007,-0.014,-0.121,33,-34,87,99.06563480844405
403522,23451.0,46080,45,99368,-0.6797,0.3068,0.6109,-0.993,-0.072,-0.118,33,-31,86,97.19053451854248
403623,23461.0,54720,45,99368,-0.6887,0.2852,0.6208,-0.996,0.023,-0.123,34,-31,85,96.65402216152208
403730,23451.0,54720,45,99371,-0.6968,0.2634,0.63,-1.006,-0.002,-0.123,34,-29,83,94.26558226627574
403829,23461.0,60480,45,99370,-0.704,0.242,0.6384,-0.995,-0.063,-0.133,32,-26,83,92.67685795278128
403921,23461.0,63360,45,99370,-0.7106,0.2203,0.6458,-0.989,-0.017,-0.127,33,-25,82,91.85858696931932
404021,23451.0,66240,45,99370,-0.7164,0.1978,0.6526,-1.004,0.019,-0.121,34,-22,81,90.55937278934744
404123,23451.0,72000,45,99370,-0.7213,0.1757,0.6585,-0.997,0.007,-0.118,34,-19,81,89.87769467448528
404221,23451.0,77760,45,99370,-0.7256,0.1536,0.6634,-1.001,-0.016,-0.123,34,-18,81,89.67162315916892
404323,23451.0,77760,45,99373,-0.729,0.1313,0.6677,-0.989,0.019,-0.13,36,-15,80,89.0
404432,23461.0,80640,45,99372,-0.7319,0.1084,0.6709,-1.008,0.01,-0.126,35,-13,80,88.28363381737297
404520,23461.0,86400,45,99372,-0.7338,0.0862,0.6735,-1.0,0.0,-0.121,35,-11,81,88.92131353055915
404620,23461.0,86400,45,99372,-0.7348,0.064,0.6753,-1.001,0.026,-0.119,35,-8,82,89.51536181013849
404723,23451.0,89280,45,99369,0.735,-0.0418,-0.6763,-0.994,0.019,-0.122,36,-6,83,90.6697303403953
404821,23461.0,89280,45,99370,0.7344,-0.0192,-0.6767,-1.006,0.004,-0.112,36,-4,83,90.55937278934744
404920,23461.0,92160,45,99370,0.7329,0.0026,-0.6763,-0.997,0.047,-0.12,35,-3,84,91.0494371207203
405030,23451.0,92160,45,99370,0.7306,0.0243,-0.6751,-0.991,0.021,-0.123,37,0,85,92.70382947861432
405123,23451.0,92160,45,99373,0.7276,0.0459,-0.6732,-0.993,0.033,-0.126,36,0,87,94.15412895885127
405232,23451.0,92160,45,99373,0.7238,0.0676,-0.6705,-1.004,0.069,-0.118,36,4,87,94.23905772024676
405321,23461.0,89280,45,99370,0.719,0.0888,-0.6672,-0.996,0.046,-0.112,37,5,89,96.51424765287248
405429,23461.0,89280,45,99370,0.7135,0.1098,-0.6633,-0.993,0.049,-0.112,36,7,90,97.18538984847466
405521,23461.0,86400,45,99370,0.7071,0.1309,-0.6587,-1.017,0.098,-0.093,37,9,92,99.56907150315304
405630,23461.0,86400,45,99372,0.7,0.1516,-0.6533,-0.988,0.056,-0.102,38,11,93,101.06433594498112
405722,23461.0,83520,45,99371,0.6923,0.172,-0.6471,-1.001,0.057,-0.099,39,10,95,103.17945531936094
405832,23451.0,80640,45,99373,0.6835,0.192,-0.6406,-0.976,0.086,-0.093,39,13,97,105.35179163165664
405921,23451.0,77760,45,99373,0.674,0.212,-0.6334,-1.006,0.079,-0.098,38,14,99,106.96261028976434
406031,23451.0,77760,45,99370,0.6639,0.2317,-0.6254,-0.994,0.057,-0.066,40,15,101,109.66312051004202
406121,23461.0,77760,45,99370,0.6528,0.2509,-0.6169,-0.988,0.112,-0.085,40,16,104,112.5699782357623
406231,23461.0,80640,45,99370,0.6412,0.2697,-0.6078,-0.987,0.068,-0.063,41,18,107,115.9913789899922
406321,23461.0,83520,45,99375,0.6289,0.2884,-0.5981,-1.006,0.085,-0.063,41,17,108,116.76472069936192
406430,23461.0,86400,45,99373,0.6158,0.3069,-0.5877,-0.991,0.099,-0.052,41,18,111,119.69126952288542
406522,23461.0,89280,45,99373,0.6021,0.3249,-0.5768,-0.996,0.079,-0.047,41,18,113,121.54834429147937
406633,23461.0,89280,45,99368,0.5879,0.3424,-0.5653,-0.989,0.077,-0.043,43,19,115,124.23767544509194
406721,23451.0,92160,45,99370,0.5729,0.36,-0.5532,-1.009,0.064,-0.025,42,19,119,127.61661333854616
406830,23461.0,92160,45,99374,0.5574,0.3768,-0.5405,-0.991,0.11,-0.036,43,20,121,129.96153277027784
406921,23461.0,92160,45,99374,0.5412,0.3933,-0.5273,-0.988,0.066,-0.02,44,20,124,133.086438076913
407031,23461.0,92160,45,99372,0.5244,0.4094,-0.5138,-0.989,0.051,-0.012,44,20,126,134.9518432626987
407120,23471.0,92160,45,99375,0.5071,0.4253,-0.4997,-0.997,0.115,0.0,44,19,129,137.6154061142865
407229,23471.0,95040,45,99375,0.489,0.4407,-0.485,-0.996,0.064,0.001,44,18,131,139.35924798878617
407321,23461.0,95040,45,99373,0.4705,0.4555,-0.4701,-0.978,0.061,0.014,45,18,135,143.43639705458304
407429,23451.0,97920,45,99371,0.4518,0.47,-0.4546,-0.996,0.114,0.007,47,17,136,144.89306401619092
407520,23451.0,97920,45,99372,0.4324,0.484,-0.4387,-0.988,0.069,0.025,47,16,141,149.48578527739687
407633,23451.0,97920,45,99372,0.4122,0.4977,-0.4222,-0.99,0.03,0.028,47,14,142,150.22982393652734
407721,23461.0,97920,45,99372,0.3919,0.5107,-0.4056,-0.986,0.099,0.034,47,14,145,153.0686120666154
407829,23451.0,100800,45,99370,0.371,0.5236,-0.3886,-1.005,0.039,0.041,47,12,146,153.8473269186046
407924,23451.0,100800,45,99370,0.3495,0.5358,-0.3713,-0.985,0.026,0.047,49,11,151,159.1320206620905
408029,23451.0,100800,45,99372,0.3277,0.5474,-0.3537,-0.982,0.073,0.032,50,8,153,161.1614097729354
408120,23451.0,100800,45,99373,0.3056,0.5587,-0.3356,-0.988,0.02,0.053,50,8,153,161.1614097729354
408231,23451.0,103680,45,99373,0.2833,0.5696,-0.3172,-0.999,0.001,0.065,49,7,156,163.6642905462276
408322,23441.0,103680,45,99365,0.2604,0.5796,-0.2986,-0.987,0.065,0.045,49,3,157,164.49620056402517
408440,23451.0,103680,45,99372,0.2373,0.5893,-0.2796,-0.986,0.0,0.061,51,1,161,168.88753654429328
408521,23451.0,103680,45,99373,0.2142,0.5986,-0.2602,-0.983,-0.016,0.05,49,-1,163,170.2086954300514
408620,23451.0,103680,45,99373,0.191,0.6074,-0.2406,-1.002,0.021,0.056,50,-4,164,171.4992711354774
408723,23451.0,100800,45,99370,0.1672,0.6155,-0.2206,-0.98,-0.034,0.045,51,-7,166,173.79873417260552
408820,23451.0,97920,45,99372,0.1435,0.6233,-0.2003,-0.996,-0.051,0.054,52,-9,168,176.0937250443638
408920,23451.0,97920,45,99372,0.1204,0.6319,-0.1795,-0.994,0.016,0.044,52,-13,167,175.3909917869216
409022,23451.0,95040,45,99372,0.0964,0.6385,-0.1587,-0.994,-0.056,0.048,53,-16,170,178.7875834614921
409165,23441.0,95040,45,99368,0.0725,0.6443,-0.138,-0.983,-0.046,0.045,52,-21,170,179.0111728356641
409221,23441.0,92160,45,99368,0.0484,0.6499,-0.1168,-0.99,-0.029,0.019,52,-22,171,180.08053753806934
409320,23461.0,92160,45,99375,0.0244,0.655,-0.0956,-0.997,-0.08,0.034,53,-27,172,181.99450541156455
409420,23451.0,92160,45,99375,0.0003,0.6593,-0.0743,-0.991,-0.1,0.023,54,-30,173,183.698121928342
409520,23461.0,89280,45,99374,-0.0218,0.6631,-0.0546,-0.996,-0.111,0.028,54,-33,173,184.2118345818205
409621,23461.0,89280,45,99374,-0.0384,0.6671,-0.0394,-0.99,-0.088,0.011,53,-38,171,183.01366069231008
409731,23451.0,89280,45,99370,-0.048,0.6826,-0.0273,-0.999,-0.097,0.011,54,-39,173,185.38068939347485
409830,23451.0,86400,45,99376,-0.0537,0.6868,-0.0232,-1.032,-0.115,0.02,54,-43,172,185.33483212823216
409922,23451.0,86400,45,99376,-0.0544,0.6875,-0.0231,-0.976,-0.122,0.008,53,-40,173,185.30515373297095
410021,23441.0,86400,45,99366,-0.0541,0.687,-0.0232,-0.968,-0.078,-0.001,53,-41,173,185.52358340653083
410120,23451.0,86400,45,99374,-0.0515,0.6901,-0.0201,-0.952,-0.054,-0.014,54,-41,174,186.7431390975315
410230,23451.0,86400,45,99374,-0.0467,0.697,-0.015,-0.971,-0.055,-0.012,53,-41,173,185.52358340653083
410321,23441.0,86400,45,99372,-0.0412,0.703,-0.0095,-1.033,-0.054,-0.022,53,-43,175,187.83769589728257
410431,23451.0,83520,45,99374,-0.0379,0.7057,-0.0063,-1.029,-0.058,-0.006,51,-42,176,187.99202110728
410526,23451.0,80640,45,99374,-0.0358,0.7069,-0.0042,-1.038,-0.066,-0.022,51,-45,177,189.6180371167258
410620,23451.0,77760,45,99374,-0.0355,0.7068,-0.0039,-1.006,-0.039,-0.095,51,-45,178,190.55183021949696
410722,23451.0,77760,45,99376,-0.0349,0.7064,-0.0045,-1.002,-0.055,-0.019,51,-44,178,190.3181546778972
410826,23441.0,77760,45,99367,-0.0344,0.7075,-0.004,-0.997,-0.044,-0.031,51,-45,177,189.6180371167258
410926,23441.0,77760,45,99367,-0.034,0.7081,-0.0036,-0.994,-0.038,-0.015,60,-39,174,188.14090464330184
411027,23451.0,77760,45,99374,-0.0337,0.7088,-0.0032,-0.993,-0.04,-0.016,61,-38,173,187.3339264522046
411126,23451.0,77760,45,99373,-0.0334,0.7093,-0.0029,-0.995,-0.045,-0.027,61,-38,172,186.41083659487185
411226,23451.0,77760,45,99372,-0.0332,0.7097,-0.0027,-0.999,-0.042,-0.018,63,-40,171,186.5743819499344
411325,23451.0,77760,45,99372,-0.033,0.71,-0.0024,-0.996,-0.041,-0.02,63,-41,172,187.70721882761995
411426,23451.0,77760,45,99374,-0.0328,0.7103,-0.0022,-0.997,-0.046,-0.02,62,-43,171,186.9063936841113
411526,23451.0,80640,45,99376,-0.0327,0.7105,-0.0021,-0.997,-0.044,-0.022,64,-44,171,187.81107528577755
411633,23451.0,77760,45,99376,-0.0325,0.7108,-0.0019,-0.998,-0.046,-0.019,64,-47,170,187.6299549645525
411725,23451.0,77760,45,99374,-0.0324,0.711,-0.0018,-0.997,-0.042,-0.02,65,-48,172,190.0342074469752
411818,23451.0,77760,45,99374,-0.0323,0.7111,-0.0017,-0.998,-0.046,-0.021,63,-51,173,191.04711460788937
411925,23451.0,77760,45,99374,-0.0322,0.7113,-0.0016,-0.998,-0.043,-0.018,62,-52,173,190.98952850876407
412022,23451.0,77760,45,99372,-0.0322,0.7114,-0.0015,-0.996,-0.041,-0.021,61,-52,175,192.48376554920156
412132,23451.0,77760,45,99370,-0.0321,0.7115,-0.0014,-0.997,-0.044,-0.021,62,-54,176,194.25756098540927
412226,23451.0,77760,45,99368,-0.0321,0.7115,-0.0014,-0.996,-0.045,-0.019,62,-56,178,196.63163529808728
412328,23451.0,77760,45,99368,-0.0321,0.7115,-0.0014,-0.997,-0.045,-0.017,63,-57,179,198.13884021059576
412420,23461.0,77760,45,99376,-0.0321,0.7115,-0.0014,-0.997,-0.045,-0.02,63,-56,180,198.75864761061345
412524,23451.0,77760,45,99374,-0.0321,0.7115,-0.0014,-0.996,-0.043,-0.022,64,-57,180,199.36148073286373
412620,23451.0,80640,45,99374,-0.0321,0.7115,-0.0014,-0.998,-0.042,-0.021,64,-57,181,200.26482466973576
412720,23451.0,80640,45,99374,-0.0321,0.7115,-0.0014,-0.997,-0.043,-0.019,65,-56,179,198.4993702760792
412820,23451.0,80640,45,99374,-0.0321,0.7115,-0.0014,-0.996,-0.044,-0.021,64,-55,179,197.89391097252084
412922,23451.0,80640,45,99374,-0.0321,0.7115,-0.0014,-0.998,-0.042,-0.02,64,-55,178,196.9898474541264
413024,23451.0,80640,45,99375,-0.0321,0.7115,-0.0014,-0.997,-0.043,-0.02,66,-54,176,195.57095898931416
413120,23451.0,80640,45,99376,-0.0321,0.7115,-0.0014,-0.999,-0.043,-0.019,65,-54,174,193.43474351832455
413220,23451.0,80640,45,99374,-0.0321,0.7115,-0.0014,-0.998,-0.044,-0.019,65,-53,172,191.35830266805775
413321,23451.0,80640,45,99374,-0.0321,0.7115,-0.0014,-0.998,-0.042,-0.023,64,-54,169,188.60805921274945
413417,23451.0,80640,45,99374,-0.0321,0.7115,-0.0014,-0.996,-0.041,-0.02,63,-53,169,187.9867016573247
413621,23451.0,80640,45,99374,-0.0321,0.7115,-0.0014,-0.999,-0.043,-0.02,59,-55,165,183.66001197865583
413720,23451.0,80640,45,99372,-0.0321,0.7115,-0.0014,-0.998,-0.045,-0.022,58,-56,164,182.74572498419764
413821,23451.0,80640,45,99374,-0.0321,0.7115,-0.0014,-0.996,-0.043,-0.023,55,-58,164,182.44177153272767
413920,23451.0,77760,45,99371,-0.0321,0.7115,-0.0014,-0.996,-0.044,-0.019,52,-59,163,180.9806619503863
414021,23451.0,77760,45,99371,-0.0321,0.7115,-0.0014,-0.997,-0.043,-0.02,50,-59,164,181.3201588351389
414120,23451.0,77760,45,99375,-0.0321,0.7115,-0.0014,-0.995,-0.043,-0.019,49,-60,166,183.18569813170456
414221,23451.0,77760,45,99372,-0.0321,0.7115,-0.0014,-0.997,-0.043,-0.022,47,-60,169,185.39147768977944
414320,23451.0,77760,45,99372,-0.0321,0.7115,-0.0014,-0.996,-0.044,-0.019,44,-60,169,184.65372999211257
414421,23451.0,77760,45,99374,-0.0321,0.7115,-0.0014,-0.998,-0.044,-0.017,44,-61,171,186.81006396872735
414520,23451.0,77760,45,99373,-0.0321,0.7115,-0.0014,-0.996,-0.042,-0.02,44,-59,173,188.00531907369003
414622,23451.0,77760,45,99373,-0.0321,0.7115,-0.0014,-0.997,-0.042,-0.023,44,-58,175,189.53891421024863
414720,23451.0,77760,45,99374,-0.0321,0.7115,-0.0014,-0.997,-0.042,-0.02,44,-56,177,190.7904609774818
414821,23451.0,77760,45,99375,-0.0321,0.7115,-0.0014,-0.996,-0.042,-0.021,56,-57,166,184.23083346714796
414920,23451.0,77760,45,99374,-0.0321,0.7115,-0.0014,-0.998,-0.044,-0.021,54,-41,179,191.41055352304895
415020,23451.0,77760,45,99374,-0.0321,0.7115,-0.0014,-0.999,-0.044,-0.022,61,-41,173,187.9654223520911
415122,23451.0,77760,45,99373,-0.0321,0.7115,-0.0014,-0.998,-0.042,-0.019,63,-46,172,188.86238376129853
415222,23451.0,77760,45,99373,-0.0319,0.7115,-0.0016,-1.032,-0.076,0.0,62,-46,171,187.61929538296428
415327,23451.0,80640,45,99373,-0.0293,0.7099,-0.0024,-1.046,-0.059,0.001,60,-45,171,186.72439583514523
415421,23451.0,80640,45,99373,-0.0264,0.7067,0.0019,-1.028,-0.033,-0.022,62,-45,171,187.3766260770003
415525,23441.0,83520,45,99370,-0.0215,0.702,0.0093,-1.028,-0.066,-0.096,63,-45,171,187.70988253152788
415621,23441.0,86400,45,99370,-0.014,0.6963,0.0139,-1.037,0.021,0.051,64,-47,166,184.0135864549137
415720,23451.0,89280,45,99371,-0.0078,0.6899,0.0148,-1.031,0.046,0.029,67,-48,165,184.43969204051496
415820,23451.0,89280,45,99374,-0.0044,0.6832,0.0138,-1.053,0.006,0.069,65,-46,164,182.31017525086196
415920,23451.0,92160,45,99373,-0.0036,0.6766,0.0103,-1.021,0.024,0.035,64,-45,158,176.30938715791623
416124,23451.0,97920,45,99376,-0.0106,0.6642,-0.0042,-1.043,-0.017,0.123,66,-42,152,170.95028517086482
416220,23451.0,106560,45,99370,-0.0178,0.6588,-0.0153,-0.984,0.005,0.151,68,-40,149,168.59715300087365
416326,23451.0,109440,45,99370,-0.0251,0.6554,-0.0271,-0.95,-0.065,0.106,67,-37,147,165.731710906513
416429,23451.0,115200,45,99369,-0.0307,0.6546,-0.0385,-0.963,-0.084,0.11,66,-34,144,162.01234520862909
416527,23441.0,115200,45,99365,-0.0343,0.6559,-0.0496,-0.94,-0.115,0.126,65,-32,143,160.3059574688352
416628,23441.0,118080,45,99365,-0.0357,0.6592,-0.0603,-0.946,-0.113,0.1,64,-30,142,158.61904047118682
416721,23441.0,118080,45,99364,-0.0347,0.6643,-0.0701,-0.929,-0.099,0.099,65,-30,141,158.1328555360966
416821,23441.0,120960,45,99365,-0.0309,0.6707,-0.0792,-0.948,-0.124,0.142,63,-28,142,157.851195750935
416921,23441.0,118080,45,99362,-0.0264,0.6782,-0.085,-0.95,-0.124,0.105,62,-26,144,158.92136420255144
417021,23441.0,118080,45,99362,-0.0242,0.6859,-0.0901,-0.907,-0.177,0.05,59,-26,144,157.77515647274765
417125,23441.0,118080,45,99365,-0.0211,0.69,-0.0948,-0.937,-0.156,0.077,59,-25,146,159.44277970482077
417221,23451.0,118080,45,99373,-0.0181,0.6898,-0.0969,-0.988,-0.21,0.022,59,-24,148,161.1241757155021
417325,23451.0,118080,45,99373,-0.018,0.6901,-0.0967,-0.985,-0.155,0.031,59,-25,146,159.44277970482077
417426,23441.0,118080,45,99363,-0.0178,0.6906,-0.0965,-0.985,-0.148,0.031,58,-25,146,159.07545379473223
417526,23441.0,118080,45,99362,-0.0172,0.6915,-0.0958,-0.98,-0.148,0.037,58,-25,145,158.15814869933195
417627,23431.0,118080,45,99364,-0.017,0.692,-0.0955,-0.992,-0.147,0.025,60,-25,147,160.72958657322553
417725,23431.0,118080,45,99364,-0.0167,0.6923,-0.0952,-0.982,-0.151,0.029,59,-25,147,160.3589723090043
417833,23451.0,118080,45,99370,-0.0165,0.6927,-0.0949,-0.986,-0.148,0.031,58,-25,146,159.07545379473223
417925,23441.0,118080,45,99365,-0.0163,0.6929,-0.0947,-0.987,-0.15,0.027,58,-25,146,159.07545379473223
418026,23441.0,118080,45,99365,-0.0162,0.6931,-0.0945,-0.983,-0.149,0.034,59,-25,147,160.3589723090043
418125,23431.0,118080,45,99367,-0.0161,0.6933,-0.0944,-0.987,-0.148,0.029,59,-25,146,159.44277970482077
418226,23441.0,118080,45,99365,-0.0159,0.6935,-0.0943,-0.985,-0.148,0.03,59,-25,146,159.44277970482077
418325,23441.0,118080,45,99365,-0.0158,0.6936,-0.0942,-0.983,-0.149,0.031,58,-24,146,158.92136420255144
418426,23441.0,118080,45,99364,-0.0157,0.6938,-0.094,-0.985,-0.147,0.029,59,-25,146,159.44277970482077
418521,23451.0,118080,45,99368,-0.0157,0.6938,-0.094,-0.985,-0.15,0.031,58,-25,146,159.07545379473223
418624,23441.0,118080,45,99366,-0.0157,0.6938,-0.094,-0.986,-0.148,0.03,58,-24,146,158.92136420255144
418721,23441.0,115200,45,99366,-0.0157,0.6938,-0.094,-0.985,-0.147,0.032,58,-25,147,159.99374987792493
418821,23441.0,115200,45,99365,-0.0157,0.6938,-0.094,-0.984,-0.148,0.031,58,-25,146,159.07545379473223
418921,23441.0,115200,45,99365,-0.0157,0.6938,-0.094,-0.983,-0.148,0.029,58,-24,147,159.84054554461454
419021,23441.0,115200,45,99365,-0.0157,0.6938,-0.094,-0.986,-0.148,0.03,59,-25,146,159.44277970482077
419121,23451.0,115200,45,99368,-0.0157,0.6938,-0.094,-0.983,-0.147,0.03,59,-25,145,158.52760012060992
419221,23451.0,115200,45,99369,-0.0157,0.6938,-0.094,-0.984,-0.151,0.028,59,-23,145,158.22452401571636
419323,23451.0,112320,45,99369,-0.0157,0.6938,-0.094,-0.986,-0.149,0.032,59,-24,147,160.20611723651504
419424,23441.0,112320,45,99366,-0.0157,0.6938,-0.094,-0.984,-0.15,0.031,58,-25,146,159.07545379473223
419523,23431.0,112320,45,99363,-0.0157,0.6938,-0.094,-0.983,-0.149,0.031,58,-25,146,159.07545379473223
419621,23431.0,109440,45,99361,-0.0157,0.6938,-0.094,-0.987,-0.147,0.031,59,-25,145,158.52760012060992
419721,23431.0,109440,45,99361,-0.0157,0.6938,-0.094,-0.984,-0.149,0.031,59,-25,146,159.44277970482077
419822,23431.0,109440,45,99367,-0.0157,0.6938,-0.094,-0.986,-0.148,0.03,59,-25,147,160.3589723090043
419928,23441.0,106560,45,99363,-0.0157,0.6938,-0.094,-0.985,-0.149,0.03,59,-25,146,159.44277970482077
420021,23441.0,106560,45,99363,-0.0157,0.6938,-0.094,-0.984,-0.149,0.03,58,-24,147,159.84054554461454
420121,23441.0,103680,45,99366,-0.0157,0.6938,-0.094,-0.986,-0.147,0.029,58,-25,147,159.99374987792493
420221,23441.0,97920,45,99363,-0.0157,0.6938,-0.094,-0.983,-0.149,0.031,59,-25,146,159.44277970482077
420324,23441.0,97920,45,99363,-0.0157,0.6938,-0.094,-0.984,-0.148,0.029,58,-25,146,159.07545379473223
420419,23441.0,95040,45,99359,-0.0157,0.6938,-0.094,-0.986,-0.148,0.03,59,-25,147,160.3589723090043
420522,23441.0,92160,45,99362,-0.0157,0.6938,-0.094,-0.985,-0.149,0.032,58,-25,147,159.99374987792493
420626,23431.0,89280,45,99363,-0.0157,0.6938,-0.094,-0.986,-0.149,0.029,58,-24,147,159.84054554461454
420727,23431.0,86400,45,99363,-0.0157,0.6938,-0.094,-0.984,-0.149,0.031,58,-25,147,159.99374987792493
420829,23441.0,83520,45,99363,-0.0157,0.6938,-0.094,-0.984,-0.149,0.034,59,-24,146,159.2890454488318
420931,23431.0,80640,45,99363,-0.0157,0.6938,-0.094,-0.985,-0.148,0.031,59,-24,146,159.2890454488318
421021,23431.0,77760,45,99363,-0.0157,0.6938,-0.094,-0.985,-0.149,0.032,58,-24,146,158.92136420255144
421121,23441.0,74880,45,99365,-0.0157,0.6938,-0.094,-0.986,-0.149,0.03,58,-24,146,158.92136420255144
421221,23441.0,74880,45,99363,-0.0157,0.6938,-0.094,-0.986,-0.149,0.028,59,-24,146,159.2890454488318
421321,23441.0,74880,45,99366,-0.0157,0.6938,-0.094,-0.983,-0.149,0.03,58,-24,146,158.92136420255144
421421,23441.0,74880,45,99366,-0.0157,0.6938,-0.094,-0.986,-0.148,0.03,59,-25,147,160.3589723090043
421521,23441.0,74880,45,99366,-0.0157,0.6938,-0.094,-0.984,-0.148,0.029,58,-24,146,158.92136420255144
421621,23441.0,74880,45,99365,-0.0157,0.6938,-0.094,-0.984,-0.148,0.031,58,-25,146,159.07545379473223
421723,23441.0,74880,45,99365,-0.0157,0.6938,-0.094,-0.987,-0.149,0.03,59,-24,146,159.2890454488318
421821,23441.0,74880,45,99366,-0.0157,0.6938,-0.094,-0.984,-0.149,0.03,59,-24,147,160.20611723651504
421923,23431.0,74880,45,99366,-0.0157,0.6938,-0.094,-0.985,-0.149,0.03,59,-25,147,160.3589723090043
422021,23431.0,74880,45,99366,-0.0157,0.6938,-0.094,-0.983,-0.148,0.029,59,-25,147,160.3589723090043
422121,23441.0,74880,45,99364,-0.0157,0.6938,-0.094,-0.984,-0.149,0.031,59,-26,146,159.6026315572522
422221,23451.0,74880,45,99369,-0.0157,0.6938,-0.094,-0.984,-0.148,0.03,59,-25,146,159.44277970482077
422321,23441.0,74880,45,99364,-0.0175,0.6929,-0.0923,-0.908,-0.167,0.072,60,-25,147,160.72958657322553
422421,23441.0,74880,45,99364,-0.0211,0.6871,-0.0881,-0.925,-0.136,0.078,59,-24,146,159.2890454488318
422523,23441.0,77760,45,99363,-0.0237,0.6793,-0.0827,-0.917,-0.161,0.095,60,-26,143,157.24185193516388
422621,23451.0,77760,45,99368,-0.0261,0.6717,-0.0768,-0.955,-0.135,0.106,62,-26,143,158.01582199260935
422721,23451.0,83520,45,99368,-0.0282,0.6651,-0.0683,-0.933,-0.119,0.085,63,-28,143,158.75137794677562
422822,23441.0,86400,45,99364,-0.0294,0.6603,-0.0569,-0.96,-0.088,0.148,64,-29,142,158.43295111813072
422921,23441.0,89280,45,99365,-0.0279,0.6575,-0.0451,-0.951,-0.054,0.124,66,-32,144,161.60445538412608
423021,23441.0,92160,45,99365,-0.0255,0.6565,-0.0338,-1.001,-0.052,0.147,67,-35,142,160.86640419926096
423124,23441.0,95040,45,99364,-0.0234,0.6567,-0.0239,-0.958,-0.045,0.129,67,-36,144,162.85269417482783
423228,23441.0,95040,45,99368,-0.0212,0.6585,-0.0152,-1.0,-0.038,0.096,67,-39,146,165.30577727351212
423321,23451.0,95040,45,99373,-0.0196,0.6621,-0.0076,-0.982,-0.057,0.037,66,-39,146,164.90300179196254
423420,23451.0,92160,45,99373,-0.019,0.6671,-0.0014,-0.987,0.02,0.057,68,-41,152,171.49052451957806
423522,23441.0,92160,45,99369,-0.0193,0.6736,0.0036,-1.03,-0.017,0.062,68,-43,154,173.7498201437918
423621,23441.0,89280,45,99367,-0.0214,0.6807,0.0063,-1.052,-0.036,0.081,68,-42,158,177.0649598311309
423722,23441.0,89280,45,99367,-0.0269,0.6877,0.0066,-1.057,-0.082,-0.018,67,-43,161,179.60790628477355
423821,23431.0,86400,45,99367,-0.0322,0.6942,0.0019,-1.007,-0.058,-0.009,66,-44,161,179.47980387776224
423922,23441.0,86400,45,99369,-0.0362,0.699,-0.0058,-1.06,-0.08,0.055,66,-43,164,181.93680221439533
424021,23441.0,83520,45,99369,-0.0396,0.7019,-0.011,-1.034,-0.094,0.003,66,-41,166,183.28393273825176
424127,23441.0,80640,45,99371,-0.0437,0.7034,-0.0132,-1.028,-0.113,0.012,64,-42,167,183.7090090333079
424223,23441.0,77760,45,99372,-0.0454,0.7034,-0.014,-0.979,-0.119,0.003,65,-41,168,184.74306482247175
424333,23431.0,77760,45,99369,-0.0451,0.7029,-0.0141,-0.967,-0.08,0.002,65,-42,168,184.967564724197
424447,23431.0,80640,45,99369,-0.0439,0.7034,-0.0126,-0.953,-0.069,-0.011,66,-41,167,184.1901191703833
424523,23441.0,80640,45,99370,-0.041,0.7063,-0.0097,-0.971,-0.053,-0.012,66,-43,169,186.45642922677672
424619,23441.0,80640,45,99372,-0.0367,0.7101,-0.0056,-1.034,-0.055,-0.02,63,-43,169,185.41574906139985
424721,23441.0,80640,45,99372,-0.0337,0.7123,-0.0027,-1.026,-0.058,-0.004,63,-43,171,187.24048707477772
424823,23431.0,77760,45,99373,-0.0318,0.7129,-0.001,-1.036,-0.062,-0.021,62,-44,171,187.13898578329423
424927,23441.0,77760,45,99371,-0.0317,0.7123,-0.0009,-1.007,-0.045,-0.093,62,-44,171,187.13898578329423
425033,23441.0,77760,45,99372,-0.0311,0.7119,-0.0015,-1.004,-0.053,-0.019,61,-45,171,187.04812215042415
425128,23441.0,77760,45,99372,-0.0311,0.7121,-0.0015,-0.997,-0.043,-0.031,62,-44,171,187.13898578329423
425231,23431.0,77760,45,99372,-0.0311,0.7122,-0.0015,-0.993,-0.037,-0.017,62,-44,171,187.13898578329423
425334,23441.0,77760,45,99370,-0.031,0.7123,-0.0015,-0.993,-0.04,-0.017,66,-57,171,191.9531192765567
425426,23441.0,77760,45,99370,-0.031,0.7123,-0.0015,-0.994,-0.044,-0.026,64,-57,172,192.16919628285905
425525,23441.0,77760,45,99370,-0.031,0.7123,-0.0014,-1.0,-0.045,-0.02,63,-56,171,190.646269305224
425626,23451.0,77760,45,99378,-0.031,0.7124,-0.0014,-0.996,-0.043,-0.019,63,-54,171,190.0684087374859
425725,23451.0,80640,45,99378,-0.031,0.7124,-0.0014,-0.997,-0.043,-0.022,64,-53,172,191.02094126037596
425821,23441.0,80640,45,99371,-0.031,0.7124,-0.0014,-0.997,-0.044,-0.022,62,-52,171,189.17980864775183
425921,23431.0,80640,45,99370,-0.031,0.7124,-0.0014,-0.998,-0.036,-0.021,63,-51,173,191.04711460788937
426021,23441.0,80640,45,99374,-0.031,0.7124,-0.0014,-0.998,-0.044,-0.021,62,-48,173,189.93946404052
426123,23441.0,80640,45,99374,-0.031,0.7124,-0.0014,-0.996,-0.043,-0.021,62,-45,174,190.1183841715472
426222,23451.0,80640,45,99377,-0.031,0.7124,-0.0014,-0.998,-0.045,-0.02,64,-45,175,191.69246203228755
426322,23441.0,80640,45,99372,-0.031,0.7124,-0.0014,-0.997,-0.042,-0.018,63,-43,176,191.81762171396036
426421,23441.0,80640,45,99372,-0.031,0.7124,-0.0014,-0.998,-0.045,-0.02,62,-42,176,191.2694434560837
426522,23441.0,80640,45,99369,-0.031,0.7124,-0.0014,-0.995,-0.044,-0.021,62,-39,178,192.4811679100062
426621,23441.0,80640,45,99368,-0.031,0.7124,-0.0014,-0.997,-0.044,-0.021,61,-37,178,191.76548177396265
426721,23441.0,80640,45,99368,-0.031,0.7124,-0.0014,-0.997,-0.043,-0.023,59,-37,180,193.00259065618783
426822,23441.0,80640,45,99370,-0.031,0.7124,-0.0014,-0.997,-0.041,-0.021,58,-37,179,191.76548177396265
426922,23441.0,80640,45,99367,-0.031,0.7124,-0.0014,-0.997,-0.042,-0.02,57,-39,178,190.9293062890032
427021,23441.0,80640,45,99373,-0.031,0.7124,-0.0014,-0.997,-0.043,-0.023,55,-39,178,190.3417978269618
427222,23441.0,80640,45,99369,-0.031,0.7124,-0.0014,-0.998,-0.044,-0.018,52,-42,176,188.26576959181932
427321,23451.0,80640,45,99376,-0.031,0.7124,-0.0014,-0.997,-0.042,-0.018,52,-42,174,186.3974248749161
427421,23451.0,80640,45,99376,-0.031,0.7124,-0.0014,-0.997,-0.042,-0.019,49,-45,173,185.35101834087664
427521,23451.0,80640,45,99374,-0.031,0.7124,-0.0014,-0.995,-0.043,-0.02,48,-48,173,185.84133017173548
427623,23441.0,80640,45,99372,-0.031,0.7124,-0.0014,-0.998,-0.044,-0.019,47,-50,169,182.40065789355037
427721,23441.0,80640,45,99372,-0.031,0.7124,-0.0014,-0.996,-0.044,-0.022,47,-51,170,183.60283222216373
427821,23441.0,80640,45,99371,-0.031,0.7124,-0.0014,-0.997,-0.046,-0.021,45,-54,170,183.95923461462868
427922,23451.0,80640,45,99376,-0.031,0.7124,-0.0014,-0.996,-0.046,-0.019,45,-57,169,183.9429259308441
428022,23431.0,80640,45,99367,-0.031,0.7124,-0.0014,-0.994,-0.044,-0.023,45,-58,168,183.33848477611025
428121,23431.0,80640,45,99367,-0.031,0.7124,-0.0014,-1.0,-0.044,-0.018,44,-59,168,183.41483037093812
428224,23431.0,80640,45,99371,-0.031,0.7124,-0.0014,-0.999,-0.044,-0.02,46,-60,167,183.316665909022
428323,23441.0,80640,45,99369,-0.031,0.7124,-0.0014,-0.998,-0.045,-0.018,47,-61,168,184.808008484481
428421,23441.0,80640,45,99369,-0.031,0.7124,-0.0014,-0.996,-0.043,-0.019,48,-61,169,185.9731163367437
428522,23441.0,80640,45,99369,-0.031,0.7124,-0.0014,-0.997,-0.045,-0.018,50,-62,169,186.82879863661276
428623,23441.0,80640,45,99369,-0.031,0.7124,-0.0014,-0.997,-0.043,-0.019,51,-62,170,188.0026595556563
428721,23441.0,80640,45,99371,-0.031,0.7124,-0.0014,-0.998,-0.041,-0.019,52,-61,170,187.94946129212505
428816,23441.0,80640,45,99371,-0.031,0.7124,-0.0014,-0.994,-0.044,-0.02,54,-60,172,190.0
428918,23451.0,80640,45,99374,-0.031,0.7124,-0.0014,-0.996,-0.042,-0.018,56,-59,174,192.0755059865781
429024,23451.0,80640,45,99374,-0.031,0.7124,-0.0014,-0.998,-0.044,-0.021,57,-58,175,192.9715004864708
429122,23451.0,80640,45,99374,-0.031,0.7124,-0.0014,-0.997,-0.044,-0.018,56,-57,173,190.56232576246543
429229,23441.0,80640,45,99364,-0.031,0.7124,-0.0014,-0.999,-0.044,-0.02,60,-39,177,190.91883092036784
429326,23441.0,80640,45,99368,-0.031,0.7124,-0.0014,-0.998,-0.044,-0.02,47,-51,174,187.3125729896421
429429,23441.0,80640,45,99368,-0.031,0.7124,-0.0014,-0.996,-0.043,-0.02,43,-55,173,186.555621732501
429521,23441.0,80640,45,99368,-0.0304,0.7123,-0.0019,-1.033,-0.06,-0.008,51,-44,176,188.4489320744482
429634,23441.0,80640,45,99370,-0.0277,0.7101,-0.0019,-1.053,-0.053,0.014,52,-46,177,190.12890364171355
429724,23451.0,80640,45,99374,-0.0252,0.7062,0.0027,-1.053,-0.073,-0.005,52,-47,176,189.44392310127023
429821,23451.0,83520,45,99374,-0.0196,0.7013,0.0103,-1.062,-0.083,-0.062,52,-45,173,186.16659206205608
429923,23451.0,86400,45,99373,-0.0119,0.6953,0.0136,-1.041,0.011,-0.006,54,-46,171,185.129684275645
430023,23441.0,89280,45,99368,-0.0062,0.6888,0.0142,-1.048,-0.013,0.026,54,-47,169,183.53746211604863
430122,23441.0,92160,45,99368,-0.0037,0.6822,0.0127,-1.006,0.068,0.038,55,-45,165,179.65244223221683
430221,23441.0,95040,45,99368,-0.0035,0.6756,0.0085,-1.027,0.041,0.081,56,-45,162,177.21455922130102
430323,23441.0,97920,45,99365,-0.0062,0.6692,0.0019,-1.016,0.052,0.113,55,-43,160,174.56803831171388
430421,23441.0,100800,45,99365,-0.0118,0.6633,-0.0072,-1.013,-0.003,0.061,53,-40,154,167.70509831248424
430522,23441.0,106560,45,99370,-0.0193,0.6584,-0.0184,-0.964,-0.02,0.104,55,-37,152,165.82520918123396
430622,23451.0,109440,45,99369,-0.0264,0.6555,-0.0303,-0.911,-0.027,0.107,55,-36,151,164.68758301705688
430721,23441.0,115200,45,99365,-0.0315,0.6551,-0.0416,-0.921,-0.045,0.152,55,-34,148,161.5085137074823
430821,23441.0,118080,45,99365,-0.0348,0.6569,-0.0526,-0.944,-0.09,0.095,54,-31,149,161.4868415692127
430921,23451.0,118080,45,99374,-0.0357,0.6605,-0.0631,-0.929,-0.113,0.105,52,-30,147,158.78601953572613
431021,23451.0,118080,45,99372,-0.0338,0.6659,-0.0726,-0.949,-0.144,0.103,51,-27,147,157.92086625902226
431124,23451.0,118080,45,99372,-0.0296,0.6726,-0.0812,-0.93,-0.118,0.157,50,-26,151,161.17381921391575
431221,23441.0,118080,45,99362,-0.0256,0.6804,-0.0865,-0.952,-0.141,0.088,50,-27,149,159.4678651014053
431321,23451.0,120960,45,99371,-0.0235,0.6876,-0.0916,-0.912,-0.132,0.099,47,-25,151,160.10933764150047
431431,23451.0,118080,45,99371,-0.0202,0.6908,-0.0961,-0.921,-0.155,0.061,49,-26,152,161.8054387219416
431521,23441.0,118080,45,99364,-0.0179,0.6903,-0.0972,-0.988,-0.11,0.05,47,-24,151,159.9562440169186
431634,23451.0,118080,45,99370,-0.0167,0.6904,-0.099,-0.973,-0.173,0.035,47,-23,152,160.75447116643443
431725,23451.0,118080,45,99368,-0.0103,0.6898,-0.1063,-0.992,-0.166,0.029,48,-23,153,161.99382704288456
431831,23451.0,118080,45,99368,0.0012,0.6886,-0.1191,-0.974,-0.162,0.044,46,-24,153,161.5580391066938
431930,23441.0,118080,45,99368,0.0181,0.6865,-0.137,-0.988,-0.141,0.038,46,-20,152,160.0624877977348
432021,23441.0,118080,45,99363,0.0395,0.6823,-0.1603,-0.982,-0.133,0.047,46,-18,153,160.77624202599088
432124,23441.0,118080,45,99363,0.0616,0.6771,-0.1842,-0.982,-0.168,0.053,45,-16,153,160.28100324118265
432221,23441.0,115200,45,99362,0.0837,0.6712,-0.208,-0.984,-0.146,0.056,45,-14,150,157.22913216067818
432323,23441.0,115200,45,99366,0.1055,0.6645,-0.2315,-0.981,-0.107,0.059,45,-11,151,157.94619336976754
432435,23441.0,115200,45,99364,0.1274,0.6571,-0.2547,-0.984,-0.148,0.069,43,-8,150,156.24659996300718
432521,23441.0,115200,45,99364,0.1492,0.6489,-0.2777,-0.984,-0.13,0.072,45,-5,150,156.68439615992398
432622,23441.0,115200,45,99363,0.1701,0.6405,-0.2994,-0.979,-0.078,0.08,42,-3,147,152.9117392484959
432726,23441.0,112320,45,99363,0.1912,0.6352,-0.3116,-0.983,-0.08,0.083,43,-2,145,151.25475199146638
432831,23441.0,112320,45,99363,0.2072,0.6317,-0.3188,-0.984,-0.099,0.087,43,-1,145,151.24483462254173
432930,23451.0,109440,45,99368,0.2167,0.6298,-0.3221,-0.981,-0.081,0.09,43,-1,144,150.28639326299637
433020,23451.0,109440,45,99370,0.2197,0.6296,-0.3221,-0.981,-0.121,0.091,41,0,144,149.7230777134908
433119,23451.0,109440,45,99370,0.2229,0.6288,-0.3253,-0.981,-0.123,0.092,44,0,146,152.48606493709516
433233,23441.0,109440,45,99365,0.2309,0.6257,-0.3338,-0.981,-0.116,0.093,43,1,144,150.28639326299637
433357,23441.0,109440,45,99362,0.2436,0.6199,-0.3471,-0.979,-0.107,0.088,43,2,142,148.38126566382968
433423,23441.0,106560,45,99365,0.261,0.6109,-0.3654,-0.983,-0.086,0.091,42,5,140,146.24978632463024
433526,23441.0,106560,45,99365,0.2813,0.5995,-0.3865,-0.979,-0.09,0.096,41,6,140,146.00342461736986
433628,23441.0,106560,45,99367,0.3013,0.5873,-0.4073,-0.984,-0.092,0.104,42,8,138,144.4714504668656
433731,23441.0,103680,45,99364,0.3209,0.5746,-0.4276,-0.983,-0.046,0.097,41,9,136,142.33060106667153
433832,23441.0,103680,45,99364,0.3402,0.5612,-0.4475,-0.98,-0.08,0.106,41,10,133,139.53494186045302
433939,23441.0,103680,45,99362,0.3592,0.5472,-0.4669,-0.985,-0.069,0.108,41,10,132,138.58210562695314
434037,23451.0,106560,45,99370,0.3776,0.5325,-0.4858,-0.982,-0.025,0.101,41,12,130,136.83932183404008
434126,23451.0,106560,45,99370,0.3958,0.5173,-0.5042,-0.98,-0.047,0.102,40,13,127,133.78340704287658
434230,23441.0,106560,45,99362,0.4135,0.5015,-0.522,-0.986,-0.038,0.109,40,13,124,130.93891705677115
434326,23441.0,106560,45,99363,0.4307,0.4853,-0.5392,-0.982,-0.003,0.103,39,14,122,128.84486796143648
434431,23441.0,106560,45,99365,0.4475,0.4684,-0.5558,-0.981,-0.034,0.102,39,15,120,127.06691150728422
434529,23441.0,106560,45,99365,0.4643,0.4512,-0.5714,-0.987,-0.021,0.106,39,14,117,124.12090879461044
434633,23451.0,109440,45,99369,0.4807,0.4336,-0.5863,-0.987,0.015,0.096,39,14,115,122.23747379588634
434726,23451.0,109440,45,99367,0.4976,0.4153,-0.5997,-0.98,-0.006,0.094,38,15,113,120.15822901491184
434830,23451.0,109440,45,99367,0.5128,0.3968,-0.6133,-0.986,0.006,0.094,38,15,111,118.27933040053956
434926,23441.0,109440,45,99362,0.5274,0.3779,-0.6262,-0.986,0.037,0.087,37,14,109,115.95688854052612
435030,23451.0,109440,45,99367,0.5424,0.3587,-0.6378,-0.99,0.05,0.084,37,14,107,114.07892005098928
435127,23451.0,109440,45,99367,0.556,0.3389,-0.6493,-0.982,0.043,0.082,37,14,104,111.26994203287786
435234,23441.0,106560,45,99364,0.5682,0.3186,-0.6607,-0.985,0.015,0.083,36,14,103,110.00454536063498
435333,23441.0,106560,45,99357,0.5799,0.298,-0.6714,-0.988,0.068,0.069,36,10,100,106.75204916066016
435419,23441.0,106560,45,99363,0.5918,0.2772,-0.6806,-0.983,0.064,0.061,36,10,100,106.75204916066016
435525,23441.0,112320,45,99363,0.6022,0.2561,-0.6897,-0.984,0.037,0.062,35,10,99,105.47985589675405
435630,23441.0,115200,45,99357,0.612,0.2346,-0.6981,-0.991,0.079,0.052,37,10,97,104.29765098025938
435726,23441.0,118080,45,99362,0.621,0.2128,-0.7058,-0.985,0.075,0.041,35,8,94,100.62305898749054
435835,23441.0,120960,45,99362,0.6294,0.1908,-0.7127,-0.989,0.044,0.046,35,6,93,99.54898291795854
435925,23451.0,123840,45,99364,0.6371,0.1686,-0.7188,-0.995,0.09,0.031,34,5,91,97.27281223445738
436031,23451.0,126720,45,99370,0.644,0.1463,-0.7242,-0.986,0.087,0.02,35,5,89,95.7653381970742
436125,23441.0,129600,45,99364,0.6503,0.1238,-0.7287,-0.986,0.066,0.018,34,4,88,94.42457307290302
436230,23441.0,129600,45,99364,0.6558,0.1011,-0.7324,-0.996,0.098,0.006,34,2,86,92.49864863877742
436321,23441.0,129600,45,99365,0.6606,0.0783,-0.7354,-0.99,0.09,-0.001,33,-1,85,91.18662182579196
436421,23441.0,129600,45,99361,0.6647,0.0555,-0.7375,-0.989,0.065,-0.002,34,-2,84,90.64215354899729
436522,23441.0,132480,45,99361,0.668,0.0325,-0.7389,-0.998,0.103,-0.014,33,-5,83,89.45948803788227
436624,23451.0,129600,45,99366,0.6718,0.0095,-0.7384,-0.988,0.09,-0.024,33,-6,82,88.5945822271317
436722,23451.0,129600,45,99368,0.6736,-0.0134,-0.7381,-0.989,0.079,-0.033,33,-9,81,87.92610533851708
436822,23451.0,126720,45,99368,0.6772,-0.0366,-0.7348,-0.996,0.094,-0.04,32,-10,81,87.66413177577246
436922,23451.0,120960,45,99368,-0.6788,0.0595,0.7318,-0.994,0.082,-0.042,31,-12,82,88.48163651289458
437023,23451.0,118080,45,99366,-0.6785,0.0822,0.729,-0.99,0.063,-0.049,33,-14,80,87.66413177577246
437124,23451.0,115200,45,99368,-0.6774,0.1049,0.7255,-0.999,0.091,-0.059,31,-15,81,88.01704380402695
437225,23451.0,109440,45,99368,-0.6755,0.1273,0.7213,-0.994,0.074,-0.068,32,-18,81,88.9325587172662
437320,23451.0,100800,45,99364,-0.6741,0.1498,0.7151,-0.991,0.064,-0.074,32,-20,82,90.26627277117406
437421,23451.0,95040,45,99368,-0.6732,0.1724,0.7068,-0.999,0.08,-0.08,31,-21,82,90.1443287178955
437521,23451.0,89280,45,99368,-0.6715,0.1946,0.6979,-0.997,0.063,-0.087,32,-24,81,90.33825324855468
437622,23441.0,83520,45,99362,-0.6667,0.2162,0.6905,-0.991,0.049,-0.088,32,-26,81,90.89004345911604
437725,23441.0,77760,45,99360,-0.6634,0.238,0.6801,-0.997,0.062,-0.101,31,-29,85,95.01052573267869
437826,23441.0,72000,45,99360,-0.6592,0.2595,0.669,-1.0,0.061,-0.101,32,-30,85,95.65040512198576
437933,23441.0,66240,45,99361,-0.6533,0.2804,0.6583,-0.992,0.012,-0.108,32,-31,86,96.85556256612212
438022,23451.0,60480,45,99369,-0.6476,0.3013,0.6459,-0.998,0.008,-0.111,32,-32,86,97.18024490605072
438134,23441.0,54720,45,99363,-0.641,0.3217,0.633,-0.999,0.042,-0.118,33,-36,88,100.6429331846007
438223,23441.0,46080,45,99363,-0.6328,0.3415,0.6202,-0.996,-0.004,-0.118,32,-37,89,101.55786527886454
438322,23441.0,40320,45,99365,-0.6239,0.3609,0.6068,-0.998,-0.002,-0.123,32,-39,90,103.1746092796091
438422,23441.0,40320,45,99362,-0.6145,0.3791,0.5934,-0.998,0.036,-0.129,33,-40,92,105.60776486603623
438525,23441.0,40320,45,99362,-0.607,0.3937,0.5819,-0.999,0.017,-0.126,34,-41,92,106.30616162763096
438636,23441.0,40320,45,99362,-0.6076,0.4085,0.5672,-0.999,0.02,-0.125,33,-40,94,107.35455276791944
438722,23451.0,40320,45,99363,-0.6074,0.4164,0.5593,-0.999,0.005,-0.124,33,-43,96,110.2451813005902
438826,23451.0,40320,45,99363,-0.6086,0.4192,0.5559,-0.997,-0.01,-0.12,33,-43,97,111.11705539655016
438922,23451.0,40320,45,99368,-0.6107,0.4196,0.5536,-0.997,-0.009,-0.122,33,-42,97,110.73391531053169
439027,23441.0,40320,45,99363,-0.612,0.4199,0.5521,-0.997,-0.009,-0.124,34,-43,97,111.41813137905338
439124,23451.0,40320,45,99368,-0.613,0.42,0.551,-0.999,-0.009,-0.121,33,-42,96,109.85900054160332
439230,23451.0,40320,45,99368,-0.6138,0.4202,0.5502,-0.998,-0.012,-0.123,33,-44,97,111.50784725749124
439323,23451.0,40320,45,99368,-0.6143,0.4203,0.5495,-0.998,-0.009,-0.123,34,-43,97,111.41813137905338
439427,23441.0,40320,45,99361,-0.6149,0.4204,0.5489,-0.999,-0.011,-0.123,34,-43,97,111.41813137905338
439522,23441.0,40320,45,99361,-0.6153,0.4205,0.5485,-0.997,-0.011,-0.122,34,-43,97,111.41813137905338
439627,23451.0,40320,45,99368,-0.6156,0.4205,0.5481,-0.998,-0.011,-0.121,33,-43,97,111.11705539655016
439722,23441.0,40320,45,99362,-0.6159,0.4206,0.5478,-0.998,-0.012,-0.122,33,-43,96,110.2451813005902
439822,23441.0,40320,45,99360,-0.6161,0.4206,0.5475,-0.928,-0.031,-0.141,33,-43,96,110.2451813005902
439924,23441.0,40320,45,99360,-0.6193,0.4172,0.5483,-0.954,0.014,-0.11,33,-43,97,111.11705539655016
440034,23441.0,40320,45,99362,-0.6251,0.408,0.5535,-1.003,-0.016,-0.13,33,-42,94,108.1156787889712
440122,23441.0,40320,45,99359,-0.6336,0.395,0.5613,-0.991,-0.021,-0.138,35,-41,94,108.36050941187015
440222,23441.0,40320,45,99359,-0.6442,0.3775,0.5722,-0.995,-0.027,-0.116,32,-41,93,106.55515003977987
440333,23441.0,40320,45,99362,-0.6556,0.3567,0.5848,-1.01,-0.013,-0.126,33,-39,91,104.3599540053559
440422,23451.0,40320,45,99369,-0.6664,0.3359,0.5963,-1.0,0.003,-0.126,32,-38,90,102.80077820717118
440522,23451.0,43200,45,99369,-0.6764,0.3147,0.6072,-0.994,-0.062,-0.125,33,-35,88,100.28958071504736
440630,23451.0,48960,45,99368,-0.6855,0.2934,0.6175,-0.996,-0.041,-0.116,33,-33,87,98.726896031426
440723,23451.0,54720,45,99362,-0.694,0.2714,0.6269,-1.003,0.001,-0.12,33,-31,85,96.30680142129113
440823,23451.0,57600,45,99363,-0.7014,0.25,0.6356,-1.004,0.013,-0.135,34,-29,85,96.031244915392
440924,23451.0,60480,45,99363,-0.7082,0.2284,0.6434,-0.99,-0.039,-0.12,33,-28,83,93.60555539069249
441022,23451.0,66240,45,99367,-0.7143,0.2063,0.6503,-0.995,0.01,-0.122,34,-24,81,91.0659101969557
441122,23441.0,69120,45,99362,-0.7195,0.1839,0.6567,-0.993,0.031,-0.135,33,-22,82,91.08786966440702
441222,23441.0,74880,45,99362,-0.724,0.1618,0.662,-0.995,-0.038,-0.131,34,-20,81,90.09439494219384
441322,23451.0,77760,45,99366,-0.7277,0.1396,0.6664,-0.999,0.022,-0.128,35,-18,83,91.85858696931932
441422,23451.0,77760,45,99368,-0.7305,0.117,0.6703,-1.011,0.049,-0.127,34,-16,80,88.38551917593742
441521,23451.0,83520,45,99368,-0.7326,0.0946,0.6732,-0.991,-0.013,-0.131,33,-12,82,89.20201791439474
441622,23451.0,86400,45,99367,-0.7344,0.0721,0.6748,-0.999,0.041,-0.123,34,-11,81,88.53247991556545
441728,23441.0,89280,45,99363,0.7348,-0.05,-0.6762,-0.986,0.063,-0.132,34,-9,81,88.30628516702534
441836,23451.0,89280,45,99369,0.7345,-0.0274,-0.6769,-1.006,-0.013,-0.121,34,-7,83,89.96666049153987
441926,23451.0,92160,45,99369,0.7333,-0.0054,-0.6767,-0.986,0.042,-0.125,35,-4,82,89.2468486838611
442024,23451.0,92160,45,99369,0.7313,0.0164,-0.6758,-1.009,0.075,-0.129,34,-2,84,90.64215354899729
442137,23441.0,92160,45,99366,0.7285,0.038,-0.6742,-0.983,-0.007,-0.111,36,0,85,92.30926280715278
442231,23441.0,92160,45,99366,0.7251,0.0599,-0.6717,-1.011,0.079,-0.128,36,2,85,92.33092656309694
442321,23451.0,92160,45,99369,0.7205,0.0813,-0.6687,-1.01,0.097,-0.097,36,4,88,95.16301802696256
442436,23441.0,89280,45,99362,0.7152,0.1024,-0.665,-0.999,0.026,-0.115,36,5,88,95.2102935611481
442523,23441.0,89280,45,99362,0.7099,0.1242,-0.66,-0.986,0.068,-0.108,37,7,91,98.48350115628506
442642,23451.0,86400,45,99368,0.7031,0.1453,-0.6548,-1.004,0.103,-0.108,38,9,93,100.86624807139404
442721,23441.0,86400,45,99357,0.6963,0.1666,-0.6484,-0.996,0.038,-0.102,37,9,93,100.4937809021036
442831,23451.0,83520,45,99368,0.6878,0.1866,-0.642,-0.987,0.087,-0.1,38,12,96,103.94229168149026
442921,23451.0,80640,45,99368,0.6785,0.2066,-0.6351,-0.999,0.122,-0.102,38,14,97,105.11422358558332
443031,23451.0,80640,45,99368,0.6687,0.2265,-0.6273,-0.988,0.028,-0.081,37,14,98,105.68348972285122
443121,23451.0,80640,45,99372,0.658,0.2459,-0.6189,-1.004,0.093,-0.076,39,15,102,110.227038425243
443232,23451.0,80640,45,99372,0.6466,0.2647,-0.61,-0.967,0.113,-0.084,40,16,103,111.64676439557036
443324,23451.0,83520,45,99369,0.6347,0.2835,-0.6004,-1.01,0.056,-0.063,41,17,105,113.99561395071304
443434,23451.0,86400,45,99370,0.622,0.302,-0.5902,-0.979,0.118,-0.073,40,17,109,117.34564329364768
443526,23451.0,89280,45,99370,0.6085,0.3202,-0.5793,-1.005,0.086,-0.043,41,19,110,118.92014127135909
443631,23451.0,89280,45,99370,0.5946,0.3377,-0.568,-0.97,0.109,-0.06,41,19,112,120.77251342917394
443726,23441.0,92160,45,99366,0.5798,0.3554,-0.5561,-1.001,0.061,-0.032,42,20,115,124.05240827972668
443831,23451.0,92160,45,99370,0.5645,0.3724,-0.5436,-0.998,0.098,-0.02,43,19,118,127.0196835140129
443926,23451.0,92160,45,99370,0.5487,0.389,-0.5305,-0.998,0.09,-0.017,43,19,120,128.87978895078933
444035,23451.0,92160,45,99366,0.5321,0.405,-0.5172,-0.971,0.058,-0.022,44,20,124,133.086438076913
444126,23441.0,95040,45,99364,0.515,0.4211,-0.5033,-1.003,0.109,-0.013,43,19,126,134.484199815443
444234,23441.0,95040,45,99364,0.4972,0.4366,-0.4887,-0.982,0.091,-0.013,44,18,129,137.48090776540573
444325,23441.0,97920,45,99364,0.4789,0.4515,-0.4738,-0.983,0.056,0.0,44,18,132,140.29967925836468
444431,23441.0,97920,45,99365,0.4603,0.4661,-0.4584,-0.995,0.089,0.014,46,18,136,144.69277798148738
444526,23441.0,97920,45,99369,0.4412,0.4803,-0.4426,-1.002,0.083,0.025,46,17,137,145.5128860273206
444632,23441.0,97920,45,99369,0.4213,0.494,-0.4263,-0.978,0.035,0.017,46,16,140,148.22955170950223
444726,23441.0,100800,45,99363,0.4009,0.5073,-0.4096,-0.988,0.057,0.03,45,14,143,150.56560032092324
444834,23451.0,100800,45,99369,0.3803,0.5202,-0.3928,-0.994,0.078,0.031,46,13,146,153.62616964566942
444928,23451.0,103680,45,99369,0.359,0.5325,-0.3756,-0.994,0.031,0.052,47,12,147,154.7966407904254
445032,23451.0,103680,45,99374,0.3375,0.5442,-0.3581,-0.988,0.07,0.039,49,10,151,159.06602402776025
445126,23441.0,103680,45,99367,0.3154,0.5556,-0.3401,-0.986,0.027,0.046,48,9,152,159.6527481755325
445231,23441.0,103680,45,99367,0.2932,0.5666,-0.3219,-0.993,0.017,0.056,49,5,155,162.6376340211576
445326,23441.0,103680,45,99362,0.2711,0.5782,-0.3028,-0.981,0.019,0.043,50,3,158,165.74981146293953
445431,23441.0,103680,45,99366,0.2481,0.5878,-0.2839,-0.981,0.025,0.047,51,1,161,168.88753654429328
445521,23441.0,106560,45,99362,0.2257,0.5987,-0.2641,-0.988,-0.026,0.062,50,-2,162,169.55235179731363
445622,23441.0,106560,45,99362,0.2026,0.6075,-0.2445,-1.002,0.011,0.063,50,-3,164,171.4788616710526
445721,23441.0,103680,45,99363,0.1792,0.6157,-0.2246,-0.987,0.001,0.059,51,-7,165,172.84386017443606
445822,23431.0,100800,45,99362,0.1554,0.6235,-0.2043,-0.988,-0.053,0.057,52,-10,168,176.14766532656628
445918,23431.0,97920,45,99362,0.1318,0.6307,-0.1839,-0.993,-0.003,0.059,52,-15,168,176.50212463310464
446024,23441.0,97920,45,99365,0.108,0.6375,-0.1631,-0.992,-0.03,0.041,52,-15,171,179.3599732381782
446121,23441.0,95040,45,99366,0.0841,0.6434,-0.1423,-0.983,-0.068,0.04,52,-21,171,179.96110690924303
446225,23441.0,95040,45,99366,0.06,0.649,-0.1212,-1.0,-0.053,0.034,52,-22,172,181.030384190058
446331,23441.0,92160,45,99369,0.036,0.6542,-0.1,-0.999,-0.015,0.029,53,-27,171,181.04971692880383
446428,23431.0,92160,45,99361,0.0124,0.66,-0.0783,-0.993,-0.021,0.023,52,-29,173,182.9590118031905
446521,23441.0,92160,45,99365,-0.0112,0.6638,-0.0572,-0.989,-0.111,0.013,54,-34,171,182.51849221380283
446622,23441.0,89280,45,99365,-0.0299,0.667,-0.0405,-0.999,-0.066,0.022,53,-39,173,185.09186908127543
446735,23441.0,89280,45,99367,-0.0432,0.6774,-0.0285,-1.0,-0.097,-0.003,53,-39,173,185.09186908127543
446822,23451.0,89280,45,99372,-0.0506,0.685,-0.0219,-1.027,-0.151,-0.083,55,-42,174,187.25650856512303
446923,23451.0,86400,45,99372,-0.053,0.6872,-0.0214,-0.992,-0.084,-0.023,52,-41,173,185.2403843658288
447022,23441.0,86400,45,99366,-0.0527,0.6867,-0.0217,-0.954,-0.062,-0.023,54,-41,173,185.81173267584583
447122,23441.0,86400,45,99367,-0.051,0.6889,-0.0194,-0.954,-0.07,-0.03,53,-41,174,186.45642922677672
447231,23441.0,86400,45,99368,-0.0467,0.6965,-0.0147,-0.967,-0.062,-0.02,52,-41,174,186.1746491872618
447326,23441.0,86400,45,99368,-0.0413,0.7028,-0.0092,-0.963,-0.043,-0.02,52,-42,174,186.3974248749161
447431,23441.0,86400,45,99371,-0.0375,0.7061,-0.0055,-1.023,-0.06,-0.007,51,-43,177,189.15337691936668
447526,23441.0,83520,45,99367,-0.0352,0.7076,-0.0032,-1.032,-0.052,-0.012,51,-43,177,189.15337691936668
447634,23441.0,80640,45,99367,-0.0345,0.7078,-0.0025,-1.019,-0.055,-0.013,50,-44,178,190.0526242912736
447721,23431.0,80640,45,99367,-0.034,0.7073,-0.0032,-1.008,-0.016,-0.017,50,-44,178,190.0526242912736
447827,23451.0,80640,45,99371,-0.0338,0.7076,-0.0031,-0.995,-0.04,-0.024,50,-45,176,188.41709051994195
447926,23451.0,80640,45,99371,-0.0335,0.7086,-0.0027,-0.995,-0.048,-0.016,65,-54,172,191.637678967368
448023,23441.0,80640,45,99366,-0.0333,0.7091,-0.0024,-0.999,-0.047,-0.03,64,-54,170,189.50461735799473
448126,23451.0,80640,45,99372,-0.0331,0.7095,-0.0022,-1.003,-0.044,-0.02,63,-54,167,186.47788072583836
448228,23451.0,80640,45,99372,-0.0329,0.7098,-0.002,-0.998,-0.041,-0.019,61,-57,167,186.70565069113468
448326,23451.0,80640,45,99372,-0.0327,0.7102,-0.0018,-0.998,-0.045,-0.022,58,-57,166,184.84858668650944
448422,23451.0,80640,45,99374,-0.0326,0.7104,-0.0017,-0.997,-0.044,-0.019,56,-58,166,184.54267799075637
448526,23441.0,80640,45,99364,-0.0325,0.7106,-0.0016,-0.996,-0.043,-0.02,54,-58,166,183.94564414522023
448635,23441.0,80640,45,99364,-0.0324,0.7109,-0.0015,-0.997,-0.045,-0.02,53,-59,166,183.97282408007985
448726,23431.0,80640,45,99369,-0.0323,0.711,-0.0014,-0.997,-0.045,-0.02,50,-59,166,183.13110058097723
448831,23441.0,80640,45,99367,-0.0323,0.7111,-0.0013,-0.996,-0.042,-0.022,48,-60,166,182.9207478663916
448926,23441.0,80640,45,99367,-0.0322,0.7113,-0.0013,-0.998,-0.044,-0.02,46,-60,168,184.22811946062956
449031,23441.0,80640,45,99367,-0.0321,0.7114,-0.0012,-0.997,-0.042,-0.021,45,-59,170,185.48854412065452
449122,23441.0,80640,45,99368,-0.0321,0.7114,-0.0012,-0.996,-0.044,-0.019,44,-59,172,187.0855419320264
449222,23441.0,80640,45,99368,-0.0321,0.7114,-0.0012,-0.996,-0.044,-0.02,43,-58,175,189.309270771402
449322,23441.0,80640,45,99368,-0.0321,0.7114,-0.0012,-0.997,-0.046,-0.02,44,-55,176,189.57056733575496
449422,23441.0,80640,45,99370,-0.0321,0.7114,-0.0012,-0.997,-0.042,-0.019,44,-54,177,190.21303845951255
449523,23451.0,80640,45,99375,-0.0321,0.7114,-0.0012,-0.996,-0.044,-0.023,45,-51,179,191.4862919375693
449622,23451.0,80640,45,99375,-0.0321,0.7114,-0.0012,-0.997,-0.041,-0.022,48,-48,179,191.4392854144624
449722,23441.0,80640,45,99369,-0.0321,0.7114,-0.0012,-1.0,-0.045,-0.021,48,-48,180,192.3746345025768
449822,23441.0,80640,45,99369,-0.0321,0.7114,-0.0012,-0.997,-0.042,-0.02,50,-45,180,192.15878850575635
449922,23431.0,80640,45,99369,-0.0321,0.7114,-0.0012,-0.998,-0.042,-0.02,51,-43,178,190.08945262691455
450025,23431.0,80640,45,99369,-0.0321,0.7114,-0.0012,-1.0,-0.044,-0.019,55,-41,177,189.8288703016483
450122,23441.0,80640,45,99370,-0.0321,0.7114,-0.0012,-0.998,-0.044,-0.018,55,-39,178,190.3417978269618
450223,23451.0,80640,45,99376,-0.0321,0.7114,-0.0012,-0.998,-0.043,-0.02,57,-38,175,187.9308383421944
450358,23451.0,80640,45,99376,-0.0321,0.7114,-0.0012,-0.997,-0.043,-0.019,60,-38,175,188.86238376129853
450428,23441.0,80640,45,99369,-0.0321,0.7114,-0.0012,-0.996,-0.044,-0.02,60,-38,173,187.0106948813356
450524,23451.0,80640,45,99376,-0.0321,0.7114,-0.0012,-0.998,-0.045,-0.021,61,-38,173,187.3339264522046
450627,23451.0,80640,45,99376,-0.0321,0.7114,-0.0012,-0.997,-0.043,-0.02,63,-39,171,186.36254988596824
450731,23451.0,80640,45,99374,-0.0321,0.7114,-0.0012,-0.996,-0.046,-0.022,62,-40,170,185.321342537766
450822,23441.0,80640,45,99374,-0.0321,0.7114,-0.0012,-0.997,-0.043,-0.022,62,-43,170,185.9919353090343
450922,23441.0,80640,45,99368,-0.0321,0.7114,-0.0012,-0.997,-0.044,-0.02,62,-44,170,186.22566955175648
451022,23441.0,80640,45,99368,-0.0321,0.7114,-0.0012,-0.997,-0.044,-0.021,64,-46,170,187.38196284594736
451123,23441.0,80640,45,99369,-0.0321,0.7114,-0.0012,-0.998,-0.043,-0.019,62,-50,171,188.63986853260897
451222,23451.0,80640,45,99378,-0.0321,0.7114,-0.0012,-0.997,-0.044,-0.023,62,-50,172,189.54682798717576
451323,23451.0,80640,45,99378,-0.0321,0.7114,-0.0012,-0.998,-0.043,-0.02,62,-52,173,190.98952850876407
451422,23441.0,80640,45,99366,-0.0321,0.7114,-0.0012,-0.999,-0.044,-0.019,61,-55,175,193.315803803
451522,23441.0,80640,45,99376,-0.0321,0.7114,-0.0012,-0.995,-0.044,-0.021,62,-57,177,196.01530552484925
451622,23441.0,80640,45,99376,-0.0321,0.7114,-0.0012,-0.997,-0.042,-0.021,61,-57,178,196.60620539545545
451723,23441.0,80640,45,99370,-0.0321,0.7114,-0.0012,-0.995,-0.044,-0.023,62,-57,176,195.1127878945919
451823,23451.0,80640,45,99374,-0.0321,0.7114,-0.0012,-0.996,-0.044,-0.021,45,-55,173,187.02673605663975
451922,23451.0,80640,45,99376,-0.0321,0.7114,-0.0012,-0.997,-0.044,-0.022,59,-38,176,189.47559209565753
452022,23451.0,80640,45,99376,-0.0321,0.7114,-0.0012,-0.997,-0.042,-0.02,62,-44,172,188.05318396666408
452122,23451.0,80640,45,99376,-0.0321,0.7114,-0.0012,-0.997,-0.044,-0.02,62,-44,172,188.05318396666408
452232,23451.0,80640,45,99372,-0.0304,0.7109,-0.0019,-1.045,-0.067,-0.009,62,-44,171,187.13898578329423
452322,23451.0,80640,45,99372,-0.0273,0.7082,0.0,-1.043,-0.072,0.011,64,-45,172,188.95766721676048
452423,23451.0,83520,45,99378,-0.0241,0.7044,0.0064,-1.021,-0.02,-0.041,64,-45,171,188.04786624686813
452522,23441.0,86400,45,99369,-0.0173,0.6991,0.0133,-1.047,-0.052,-0.052,65,-48,168,186.42156527612357
452622,23441.0,86400,45,99369,-0.0098,0.6929,0.0153,-1.03,0.049,0.06,66,-45,166,184.2199772011711
452722,23451.0,89280,44,99374,-0.0053,0.6862,0.0152,-1.029,0.007,0.036,65,-44,162,180.01388835309348
452822,23451.0,92160,45,99375,-0.0034,0.6796,0.0128,-1.036,0.054,0.079,65,-45,159,177.5697046232831
452926,23441.0,95040,45,99370,-0.0043,0.673,0.008,-1.045,-0.011,0.052,67,-43,157,176.0312472261672
453022,23441.0,97920,45,99370,-0.0077,0.6667,0.0005,-1.031,-0.013,0.065,69,-43,153,173.2599203508994
453122,23451.0,100800,45,99376,-0.014,0.6611,-0.0095,-0.986,0.006,0.09,67,-40,149,168.1963138716185
453222,23441.0,106560,45,99366,-0.0218,0.6568,-0.021,-0.936,-0.025,0.127,66,-37,147,165.32997308413258
453323,23441.0,112320,45,99366,-0.0283,0.6547,-0.0327,-0.93,-0.044,0.102,66,-34,144,162.01234520862909
453422,23441.0,115200,45,99366,-0.0328,0.6551,-0.044,-0.959,-0.11,0.124,66,-30,142,159.43650773897426
453524,23451.0,118080,45,99368,-0.0352,0.6576,-0.0547,-0.927,-0.117,0.118,66,-32,143,160.71403174583108
453622,23451.0,118080,45,99372,-0.0352,0.6619,-0.0649,-0.953,-0.117,0.128,65,-28,142,158.66001386612822
453731,23451.0,120960,45,99372,-0.0328,0.6677,-0.0744,-0.929,-0.125,0.091,63,-26,143,158.41085821369697
453822,23451.0,120960,45,99371,-0.0282,0.6746,-0.0822,-0.912,-0.065,0.147,61,-25,144,158.3729774930054
453922,23441.0,120960,45,99364,-0.0252,0.6828,-0.087,-0.886,-0.119,0.061,60,-25,144,157.99050604387594
454022,23441.0,120960,45,99364,-0.0226,0.689,-0.0919,-0.93,-0.15,0.067,58,-24,146,158.92136420255144
454127,23441.0,118080,45,99364,-0.0191,0.6907,-0.0958,-0.931,-0.135,0.073,61,-25,146,160.19363283226957
454222,23441.0,120960,45,99364,-0.0182,0.6903,-0.0961,-1.007,-0.151,0.021,59,-24,147,160.20611723651504
454329,23441.0,120960,45,99364,-0.018,0.6909,-0.0957,-0.973,-0.148,0.035,58,-23,146,158.7734234687909
454451,23441.0,120960,45,99366,-0.0176,0.6916,-0.0952,-0.995,-0.145,0.029,58,-25,147,159.99374987792493
454523,23441.0,120960,45,99364,-0.0174,0.6919,-0.095,-0.984,-0.15,0.026,58,-23,148,160.61444517850816
454622,23441.0,120960,45,99366,-0.0171,0.6924,-0.0946,-0.98,-0.149,0.034,58,-23,147,159.6934563468397
454723,23441.0,120960,45,99366,-0.0169,0.6927,-0.0944,-0.99,-0.148,0.027,59,-24,146,159.2890454488318
454829,23441.0,120960,45,99365,-0.0167,0.6929,-0.0942,-0.982,-0.148,0.034,58,-24,147,159.84054554461454
454931,23431.0,120960,45,99369,-0.0166,0.6932,-0.094,-0.987,-0.15,0.029,59,-23,147,160.0593639872407
455029,23431.0,120960,45,99369,-0.0165,0.6933,-0.0939,-0.987,-0.149,0.03,58,-24,147,159.84054554461454
455132,23451.0,120960,45,99370,-0.0164,0.6935,-0.0938,-0.983,-0.15,0.035,58,-24,146,158.92136420255144
455237,23431.0,120960,45,99361,-0.0163,0.6937,-0.0937,-0.985,-0.146,0.029,58,-24,146,158.92136420255144
455326,23431.0,120960,45,99361,-0.0162,0.6938,-0.0936,-0.985,-0.148,0.032,59,-23,147,160.0593639872407
455422,23431.0,120960,45,99364,-0.0161,0.6939,-0.0935,-0.983,-0.149,0.032,59,-23,146,159.14144651849813
455522,23441.0,120960,45,99369,-0.0161,0.6939,-0.0935,-0.986,-0.147,0.029,57,-23,146,158.41085821369697
455622,23441.0,120960,45,99365,-0.0161,0.6939,-0.0935,-0.984,-0.148,0.031,59,-24,146,159.2890454488318
455723,23441.0,120960,45,99365,-0.0161,0.6939,-0.0935,-0.984,-0.148,0.031,58,-22,147,159.55249919697278
455823,23441.0,120960,45,99367,-0.0161,0.6939,-0.0935,-0.985,-0.148,0.03,58,-24,147,159.84054554461454
455922,23441.0,120960,45,99370,-0.0161,0.6939,-0.0935,-0.985,-0.148,0.029,59,-23,147,160.0593639872407
456022,23441.0,120960,45,99370,-0.0161,0.6939,-0.0935,-0.986,-0.147,0.032,59,-23,147,160.0593639872407
456122,23431.0,120960,45,99365,-0.0161,0.6939,-0.0935,-0.985,-0.148,0.029,58,-23,146,158.7734234687909
456223,23441.0,120960,45,99366,-0.0161,0.6939,-0.0935,-0.983,-0.148,0.031,59,-23,146,159.14144651849813
456322,23441.0,120960,45,99366,-0.0161,0.6939,-0.0935,-0.985,-0.148,0.031,59,-24,147,160.20611723651504
456523,23441.0,120960,45,99365,-0.0161,0.6939,-0.0935,-0.986,-0.147,0.034,58,-24,147,159.84054554461454
456623,23451.0,118080,45,99370,-0.0161,0.6939,-0.0935,-0.986,-0.15,0.03,58,-23,147,159.6934563468397
456722,23451.0,120960,45,99370,-0.0161,0.6939,-0.0935,-0.985,-0.149,0.03,59,-23,146,159.14144651849813
456823,23441.0,120960,45,99368,-0.0161,0.6939,-0.0935,-0.984,-0.149,0.031,59,-24,146,159.2890454488318
456922,23441.0,120960,45,99366,-0.0161,0.6939,-0.0935,-0.986,-0.149,0.029,59,-24,146,159.2890454488318
457024,23441.0,120960,45,99366,-0.0161,0.6939,-0.0935,-0.985,-0.15,0.029,59,-24,146,159.2890454488318
457122,23431.0,120960,45,99366,-0.0161,0.6939,-0.0935,-0.985,-0.15,0.029,58,-23,146,158.7734234687909
457222,23431.0,120960,45,99360,-0.0161,0.6939,-0.0935,-0.984,-0.149,0.029,59,-25,147,160.3589723090043
457322,23441.0,120960,45,99368,-0.0161,0.6939,-0.0935,-0.985,-0.148,0.03,59,-23,149,161.8981161101018
457423,23441.0,118080,45,99368,-0.0161,0.6939,-0.0935,-0.984,-0.149,0.031,59,-23,148,160.97825940169685
457524,23431.0,120960,45,99362,-0.0161,0.6939,-0.0935,-0.986,-0.147,0.029,58,-24,147,159.84054554461454
457623,23441.0,120960,45,99365,-0.0161,0.6939,-0.0935,-0.986,-0.148,0.03,59,-23,147,160.0593639872407
457750,23441.0,120960,45,99365,-0.0161,0.6939,-0.0935,-0.984,-0.149,0.031,59,-24,147,160.20611723651504
457824,23441.0,120960,45,99365,-0.0161,0.6939,-0.0935,-0.985,-0.15,0.028,59,-23,146,159.14144651849813
457923,23431.0,120960,45,99366,-0.0161,0.6939,-0.0935,-0.986,-0.149,0.032,58,-23,147,159.6934563468397
458022,23431.0,118080,45,99366,-0.0161,0.6939,-0.0935,-0.984,-0.149,0.029,58,-23,146,158.7734234687909
458123,23441.0,120960,45,99367,-0.0161,0.6939,-0.0935,-0.986,-0.15,0.032,58,-23,147,159.6934563468397
458224,23431.0,118080,45,99365,-0.0161,0.6939,-0.0935,-0.983,-0.149,0.03,59,-22,146,159.0
458323,23441.0,118080,45,99367,-0.0161,0.6939,-0.0935,-0.986,-0.149,0.03,58,-23,147,159.6934563468397
458422,23441.0,120960,45,99367,-0.0161,0.6939,-0.0935,-0.984,-0.15,0.032,59,-23,146,159.14144651849813
458522,23441.0,120960,45,99368,-0.0161,0.6939,-0.0935,-0.985,-0.148,0.03,59,-23,146,159.14144651849813
458623,23431.0,118080,45,99367,-0.0161,0.6939,-0.0935,-0.985,-0.148,0.031,59,-23,147,160.0593639872407
458722,23431.0,120960,45,99367,-0.0161,0.6939,-0.0935,-0.985,-0.149,0.031,58,-22,146,158.63164879682742
458823,23431.0,120960,45,99367,-0.0161,0.6939,-0.0935,-0.985,-0.148,0.03,58,-22,146,158.63164879682742
458922,23441.0,118080,45,99368,-0.0161,0.6939,-0.0935,-0.985,-0.149,0.03,59,-22,148,160.83842824399895
459026,23441.0,118080,45,99368,-0.0161,0.6939,-0.0935,-0.985,-0.149,0.031,58,-24,146,158.92136420255144
459127,23441.0,120960,45,99368,-0.0161,0.6939,-0.0935,-0.984,-0.147,0.031,58,-23,147,159.6934563468397
459230,23431.0,118080,45,99366,-0.0163,0.6938,-0.0932,-0.941,-0.154,0.075,58,-23,147,159.6934563468397
459334,23431.0,118080,45,99365,-0.0201,0.6892,-0.0899,-0.918,-0.157,0.077,59,-22,146,159.0
459422,23431.0,120960,45,99365,-0.0231,0.6826,-0.0849,-0.943,-0.133,0.117,59,-25,144,157.61345120261785
459525,23431.0,120960,45,99366,-0.0257,0.6742,-0.0793,-0.94,-0.139,0.078,64,-26,143,158.81120867243595
459622,23441.0,120960,45,99370,-0.0276,0.6671,-0.0724,-0.911,-0.044,0.2,64,-27,142,158.07909412695912
459723,23441.0,120960,45,99370,-0.0297,0.6617,-0.0617,-0.936,-0.109,0.129,66,-29,142,159.2513736204495
459822,23441.0,120960,45,99370,-0.0293,0.6578,-0.05,-0.954,-0.063,0.137,64,-30,144,160.4119696282045
459922,23441.0,118080,45,99367,-0.027,0.6561,-0.0383,-0.988,-0.089,0.1,66,-32,142,159.82490419205638
460022,23441.0,118080,45,99367,-0.0247,0.6556,-0.0278,-0.999,-0.057,0.125,65,-35,145,162.7114009527298
460123,23441.0,115200,45,99369,-0.0227,0.657,-0.0184,-0.955,-0.031,0.054,67,-36,147,165.51132891738862
460224,23441.0,115200,45,99368,-0.0209,0.6597,-0.0105,-0.997,-0.038,0.09,65,-38,147,165.1605279720309
460322,23451.0,109440,45,99372,-0.0197,0.6641,-0.0037,-1.005,-0.034,0.106,67,-38,151,169.51106158596258
460423,23451.0,106560,45,99372,-0.0193,0.6699,0.0019,-1.008,-0.006,0.12,68,-41,156,175.04570831642803
460523,23441.0,100800,45,99369,-0.0206,0.6771,0.0058,-1.063,-0.033,0.068,67,-41,158,176.44829270922403
460622,23441.0,97920,45,99368,-0.0246,0.684,0.0073,-1.044,-0.023,0.036,68,-42,161,179.7470444819608
460724,23441.0,95040,45,99368,-0.0302,0.6908,0.005,-1.059,-0.083,-0.023,67,-44,162,180.74567767999324
460823,23441.0,92160,45,99370,-0.0349,0.6965,-0.0021,-1.052,-0.062,0.032,67,-44,166,184.3393609623295
460922,23441.0,89280,45,99369,-0.0383,0.7001,-0.0089,-1.024,-0.086,0.024,65,-41,168,184.74306482247175
461032,23441.0,89280,45,99371,-0.0418,0.7024,-0.0122,-1.048,-0.115,0.015,64,-41,168,184.39360075664231
461126,23441.0,86400,45,99371,-0.0457,0.7027,-0.0136,-1.009,-0.092,0.007,65,-40,169,185.4346245985361
461225,23441.0,86400,45,99370,-0.0454,0.7023,-0.0139,-0.951,-0.044,0.005,65,-39,167,183.39847327608808
461326,23431.0,86400,45,99369,-0.0447,0.7025,-0.013,-0.959,-0.061,-0.008,64,-41,169,185.30515373297095
461432,23431.0,86400,45,99369,-0.0426,0.7047,-0.0106,-0.967,-0.085,-0.022,63,-41,169,184.96215829190575
461529,23441.0,86400,45,99374,-0.039,0.7082,-0.0071,-0.953,-0.043,-0.008,64,-42,171,187.35260873550703
461622,23431.0,86400,45,99369,-0.0349,0.7114,-0.0033,-1.027,-0.077,-0.016,63,-42,172,187.9281777701258
461726,23431.0,83520,45,99369,-0.0325,0.7127,-0.001,-1.029,-0.049,-0.001,62,-44,172,188.05318396666408
461832,23441.0,80640,45,99370,-0.0319,0.7127,-0.0003,-1.021,-0.056,-0.02,62,-43,173,188.73791352030997
461922,23431.0,80640,45,99371,-0.0314,0.7119,-0.0009,-1.003,-0.016,-0.023,62,-44,172,188.05318396666408
462027,23441.0,80640,45,99371,-0.0312,0.7118,-0.001,-0.995,-0.043,-0.02,61,-43,171,186.57706182701023
462127,23441.0,80640,45,99371,-0.0312,0.7121,-0.001,-0.995,-0.05,-0.031,49,-61,169,186.2337241210625
462231,23441.0,80640,45,99372,-0.0312,0.7121,-0.001,-1.002,-0.047,-0.028,50,-59,169,185.85478202080247
462328,23441.0,80640,45,99373,-0.0312,0.7122,-0.001,-1.003,-0.042,-0.018,53,-58,170,187.27786842016332
462437,23441.0,80640,45,99373,-0.0312,0.7123,-0.001,-1.0,-0.047,-0.021,54,-58,173,190.2866259094422
462527,23441.0,80640,45,99370,-0.0312,0.7123,-0.001,-0.995,-0.042,-0.02,57,-56,174,191.47062437878037
462627,23441.0,80640,45,99369,-0.0312,0.7123,-0.001,-0.996,-0.043,-0.02,58,-55,174,191.48106956041372
462723,23441.0,80640,45,99369,-0.0312,0.7124,-0.001,-0.996,-0.043,-0.022,59,-54,176,193.32097661661032
462823,23441.0,80640,45,99372,-0.0312,0.7124,-0.001,-0.998,-0.044,-0.021,60,-53,176,193.3520105920805
462920,23441.0,80640,45,99373,-0.0312,0.7124,-0.001,-0.999,-0.044,-0.02,60,-53,176,193.3520105920805
463022,23441.0,80640,45,99372,-0.0312,0.7124,-0.001,-0.996,-0.042,-0.02,62,-53,177,194.88971240165552
463223,23451.0,80640,45,99376,-0.0312,0.7124,-0.001,-0.999,-0.043,-0.02,65,-52,178,196.50190838767952
463327,23431.0,80640,45,99375,-0.0312,0.7124,-0.001,-0.999,-0.043,-0.017,65,-52,178,196.50190838767952
463431,23431.0,80640,45,99375,-0.0312,0.7124,-0.001,-0.998,-0.044,-0.021,65,-54,178,197.0406049523803
463530,23441.0,80640,45,99372,-0.0312,0.7124,-0.001,-0.996,-0.045,-0.024,65,-54,176,195.23575492209412
463622,23431.0,80640,45,99374,-0.0312,0.7124,-0.001,-1.0,-0.044,-0.021,65,-54,176,195.23575492209412
463723,23431.0,80640,45,99374,-0.0312,0.7124,-0.001,-0.995,-0.044,-0.023,64,-55,174,193.38303958723992
463823,23441.0,80640,45,99372,-0.0312,0.7124,-0.001,-0.997,-0.043,-0.024,64,-55,174,193.38303958723992
463923,23441.0,80640,45,99370,-0.0312,0.7124,-0.001,-0.997,-0.044,-0.019,64,-55,172,191.58549005600608
464022,23441.0,80640,45,99374,-0.0312,0.7124,-0.001,-0.998,-0.043,-0.019,64,-55,172,191.58549005600608
464122,23441.0,80640,45,99374,-0.0312,0.7124,-0.001,-0.998,-0.046,-0.019,64,-55,173,192.48376554920156
464224,23441.0,80640,45,99374,-0.0312,0.7124,-0.001,-0.996,-0.044,-0.02,65,-55,172,191.92185909895724
464330,23441.0,80640,45,99370,-0.0312,0.7124,-0.001,-0.996,-0.044,-0.019,63,-54,172,190.9685838037241
464422,23441.0,80640,45,99370,-0.0312,0.7124,-0.001,-0.998,-0.043,-0.021,65,-54,171,190.7406616324899
464524,23431.0,80640,45,99369,-0.0312,0.7124,-0.001,-0.997,-0.043,-0.019,64,-53,172,191.02094126037596
464623,23441.0,80640,45,99373,-0.0312,0.7124,-0.001,-0.996,-0.043,-0.022,63,-50,173,190.78259878720596
464722,23451.0,80640,45,99376,-0.0312,0.7124,-0.001,-0.997,-0.044,-0.022,64,-49,173,190.85596663452785
464823,23451.0,80640,45,99376,-0.0312,0.7124,-0.001,-0.996,-0.044,-0.02,62,-48,175,191.7628744048232
464922,23451.0,80640,45,99378,-0.0312,0.7124,-0.001,-0.999,-0.042,-0.022,63,-45,176,192.27584351654787
465024,23441.0,80640,45,99370,-0.0312,0.7124,-0.001,-0.994,-0.043,-0.021,62,-44,176,191.7185437040455
465122,23441.0,80640,45,99370,-0.0312,0.7124,-0.001,-0.997,-0.042,-0.022,62,-43,178,193.33132182861627
465222,23441.0,80640,45,99368,-0.0312,0.7124,-0.001,-0.997,-0.043,-0.02,61,-41,177,191.65333286953296
465323,23451.0,80640,45,99376,-0.0312,0.7124,-0.001,-0.998,-0.042,-0.019,61,-40,178,192.36683705878204
465422,23451.0,80640,45,99376,-0.0312,0.7124,-0.001,-0.998,-0.044,-0.02,60,-39,179,192.77447963877376
465523,23441.0,80640,45,99371,-0.0312,0.7124,-0.001,-0.997,-0.046,-0.02,58,-38,177,190.0973434848578
465625,23451.0,80640,45,99378,-0.0312,0.7124,-0.001,-0.997,-0.043,-0.021,58,-40,178,191.4366736025258
465724,23441.0,80640,45,99371,-0.0312,0.7124,-0.001,-0.998,-0.046,-0.019,56,-39,178,190.63315556324403
465823,23441.0,80640,45,99371,-0.0312,0.7124,-0.001,-0.997,-0.041,-0.021,55,-40,176,188.68227261722285
465923,23441.0,80640,45,99369,-0.0312,0.7124,-0.001,-0.998,-0.043,-0.021,54,-40,175,187.4593289223025
466023,23431.0,80640,45,99369,-0.0312,0.7124,-0.001,-0.999,-0.044,-0.019,51,-42,174,186.1209284309532
466123,23431.0,80640,45,99369,-0.0312,0.7124,-0.001,-0.998,-0.044,-0.018,63,-51,173,191.04711460788937
466223,23441.0,80640,45,99371,-0.0312,0.7124,-0.001,-0.998,-0.043,-0.022,49,-45,176,188.15419208723463
466323,23441.0,80640,45,99367,-0.0312,0.7124,-0.001,-0.997,-0.045,-0.02,45,-55,171,185.17829246431668
466424,23441.0,80640,45,99367,-0.0312,0.7124,-0.001,-1.01,-0.067,-0.013,50,-44,177,189.1163662933486
466530,23441.0,80640,45,99371,-0.0292,0.7114,-0.0021,-1.053,-0.074,-0.004,50,-44,178,190.0526242912736
466622,23441.0,83520,45,99369,-0.0262,0.7084,0.0009,-1.033,-0.059,-0.003,52,-45,177,189.88944151795275
466722,23441.0,86400,45,99370,-0.0224,0.7042,0.0078,-1.027,-0.034,0.003,53,-46,177,190.40483187146276
466823,23441.0,86400,45,99370,-0.0152,0.6987,0.0138,-1.045,-0.024,-0.036,52,-46,173,186.41083659487185
466923,23441.0,89280,45,99370,-0.0082,0.6924,0.0154,-1.058,-0.023,0.042,54,-47,172,186.30351580150065
467022,23431.0,92160,45,99370,-0.0042,0.6857,0.0147,-1.032,0.045,0.067,55,-46,170,184.50203250912983
467122,23431.0,95040,45,99370,-0.0027,0.6791,0.012,-1.042,0.026,0.069,54,-47,165,179.8610574860495
467222,23441.0,97920,45,99368,-0.004,0.6726,0.0067,-1.044,0.04,0.128,54,-43,164,177.93538152936307
467326,23441.0,103680,45,99366,-0.008,0.6664,-0.0011,-1.015,0.008,0.062,55,-42,160,174.3244102241565
467427,23441.0,106560,45,99366,-0.0149,0.6609,-0.0116,-0.991,-0.045,0.086,55,-41,154,168.5882558187254
467523,23441.0,112320,45,99369,-0.0226,0.6568,-0.0234,-0.925,-0.024,0.095,56,-37,154,167.99107119129874
467625,23441.0,115200,45,99367,-0.0288,0.6552,-0.035,-0.954,-0.077,0.13,57,-36,151,165.36626016210198
467727,23441.0,118080,45,99368,-0.0329,0.6559,-0.0461,-0.939,-0.092,0.128,54,-33,148,160.96272860510285
467829,23441.0,120960,45,99368,-0.035,0.6587,-0.0568,-0.938,-0.128,0.098,52,-30,148,159.71224123403942
467923,23431.0,120960,45,99365,-0.0347,0.6634,-0.0669,-0.937,-0.129,0.105,52,-28,149,160.27788368954714
468023,23451.0,120960,45,99372,-0.0317,0.6694,-0.0763,-0.93,-0.106,0.08,51,-27,148,158.8521325006372
468124,23451.0,120960,45,99372,-0.0271,0.6766,-0.0833,-0.949,-0.172,0.101,52,-28,150,161.20794025109308
468223,23431.0,118080,45,99367,-0.0245,0.6847,-0.0881,-0.938,-0.186,0.101,50,-26,149,159.30160074525304
468323,23431.0,120960,45,99363,-0.0218,0.6903,-0.0929,-0.927,-0.154,0.064,48,-26,150,159.62455951387932
468428,23431.0,120960,45,99363,-0.0182,0.6907,-0.0962,-0.925,-0.135,0.067,48,-24,152,161.1955334368791
468523,23431.0,120960,45,99363,-0.0178,0.6907,-0.0964,-0.996,-0.16,0.028,47,-25,152,161.0527863776346
468632,23441.0,120960,45,99365,-0.0142,0.6905,-0.1013,-0.98,-0.181,0.044,46,-24,152,160.61133210331082
468727,23441.0,118080,45,99364,-0.0053,0.6897,-0.1113,-0.988,-0.166,0.03,47,-24,153,161.8456054392581
468823,23441.0,118080,45,99364,0.0089,0.6875,-0.127,-0.987,-0.173,0.036,48,-21,152,160.77624202599088
468924,23431.0,118080,45,99365,0.0284,0.6839,-0.1482,-0.981,-0.158,0.052,46,-21,152,160.19051157918187
469023,23431.0,118080,45,99363,0.0505,0.6792,-0.1721,-0.992,-0.16,0.05,44,-17,152,159.15087181665075
469123,23431.0,118080,45,99363,0.0726,0.6736,-0.196,-0.983,-0.124,0.054,47,-16,152,159.90309565483716
469223,23421.0,115200,45,99363,0.0946,0.6673,-0.2196,-0.982,-0.125,0.061,44,-12,151,157.73712308775
469329,23431.0,115200,45,99361,0.1166,0.6604,-0.2428,-0.985,-0.151,0.069,45,-11,152,158.90248582070703
469424,23431.0,115200,45,99361,0.1385,0.6526,-0.2659,-0.984,-0.104,0.071,44,-8,149,155.56670594957006
469523,23431.0,115200,45,99361,0.1601,0.6441,-0.2887,-0.985,-0.082,0.078,44,-5,150,156.40012787718558
469633,23431.0,115200,45,99363,0.1812,0.6375,-0.3057,-0.983,-0.103,0.081,43,-3,148,154.14927829866735
469732,23431.0,112320,45,99363,0.2004,0.6335,-0.3146,-0.982,-0.089,0.086,44,-2,146,152.499180325666
469832,23431.0,112320,45,99363,0.2115,0.6303,-0.3212,-0.981,-0.078,0.089,43,-1,145,151.24483462254173
469926,23431.0,112320,45,99369,0.2183,0.6295,-0.3222,-0.982,-0.082,0.088,42,1,144,150.00333329629711
470035,23431.0,112320,45,99359,0.2199,0.6295,-0.323,-0.981,-0.121,0.092,42,0,144,150.0
470127,23431.0,109440,45,99359,0.2257,0.6276,-0.3289,-0.98,-0.108,0.089,44,1,144,150.5755624263114
470233,23431.0,109440,45,99363,0.236,0.6231,-0.3398,-0.985,-0.12,0.098,44,0,146,152.48606493709516
470326,23431.0,109440,45,99362,0.2512,0.6159,-0.3555,-0.982,-0.118,0.096,43,3,144,150.3130067559025
470434,23431.0,106560,45,99363,0.2705,0.6053,-0.3758,-0.983,-0.103,0.103,42,3,141,147.15298162116866
470526,23431.0,106560,45,99363,0.2906,0.5935,-0.3968,-0.984,-0.056,0.099,43,6,140,146.57762448614045
470635,23431.0,106560,45,99364,0.3105,0.5811,-0.4174,-0.98,-0.063,0.101,41,7,139,145.08962747212496
470726,23431.0,106560,45,99365,0.3299,0.568,-0.4375,-0.982,-0.086,0.106,41,9,137,143.28642643321103
470832,23431.0,106560,45,99365,0.3491,0.5543,-0.4572,-0.984,-0.037,0.103,41,10,133,139.53494186045302
470926,23431.0,106560,45,99365,0.3678,0.54,-0.4763,-0.98,-0.043,0.103,40,12,133,139.40229553346674
471032,23431.0,106560,45,99365,0.3861,0.5251,-0.4949,-0.984,-0.055,0.111,41,12,129,135.88966112254457
471126,23431.0,106560,45,99365,0.4041,0.5096,-0.513,-0.985,-0.014,0.103,41,14,127,134.1864374666829
471234,23431.0,106560,45,99367,0.4216,0.4935,-0.5305,-0.98,-0.016,0.107,39,14,125,131.68902763708144
471326,23421.0,109440,45,99363,0.4403,0.4774,-0.5459,-0.98,-0.036,0.108,39,15,124,130.85106037017812
471423,23421.0,109440,45,99365,0.4569,0.4603,-0.5623,-0.986,0.009,0.098,39,14,120,126.95274711482222
471525,23421.0,109440,45,99365,0.4734,0.4429,-0.5776,-0.981,0.013,0.097,39,16,118,125.3036312322991
471628,23421.0,112320,45,99363,0.4893,0.425,-0.5922,-0.984,-0.003,0.097,39,15,115,122.35603785674004
471727,23421.0,112320,45,99357,0.5068,0.4069,-0.6045,-0.989,0.032,0.093,39,15,114,121.41663806908838
471834,23421.0,112320,45,99357,0.5216,0.3881,-0.618,-0.987,0.034,0.095,37,15,111,117.96185824239969
471926,23421.0,112320,45,99365,0.5376,0.369,-0.6293,-0.978,0.014,0.085,37,15,109,116.081867662439
472032,23421.0,109440,45,99361,0.5509,0.3494,-0.6417,-0.983,0.023,0.079,37,14,107,114.07892005098928
472137,23431.0,109440,45,99365,0.5635,0.3294,-0.6535,-0.991,0.056,0.084,37,14,105,112.20516922138658
472233,23431.0,106560,45,99365,0.5777,0.3092,-0.6626,-0.98,0.019,0.074,36,13,102,108.94494022211404
472323,23431.0,109440,45,99363,0.5911,0.2886,-0.6711,-0.984,0.036,0.066,36,12,100,106.9579356569675
472440,23431.0,115200,45,99365,0.6037,0.2677,-0.679,-0.992,0.074,0.065,35,12,99,105.6882207249228
472523,23431.0,118080,45,99365,0.6137,0.2466,-0.6878,-0.984,0.041,0.057,36,10,98,104.88088481701516
472632,23431.0,118080,45,99365,0.6231,0.2251,-0.696,-0.988,0.057,0.047,34,9,94,100.36433629531956
472723,23431.0,120960,45,99369,0.6325,0.2035,-0.7026,-0.993,0.093,0.041,35,8,93,99.68951800465284
472832,23431.0,123840,45,99369,0.6404,0.1817,-0.7092,-0.983,0.045,0.037,34,7,91,97.39609848448757
472923,23431.0,126720,45,99364,0.6484,0.1596,-0.7144,-0.989,0.062,0.025,35,5,91,97.62684057163789
473035,23441.0,129600,45,99365,0.6549,0.1374,-0.7194,-0.993,0.098,0.02,34,3,88,94.38749917229504
473123,23421.0,129600,45,99361,0.6608,0.115,-0.7236,-0.985,0.055,0.012,34,2,86,92.49864863877742
473232,23421.0,129600,45,99361,0.6659,0.0925,-0.7271,-0.99,0.072,0.003,34,0,84,90.62008607367352
473325,23431.0,132480,45,99368,0.6716,0.0698,-0.7285,-0.996,0.107,-0.001,34,-2,85,91.56964562561112
473423,23431.0,132480,45,99365,0.6759,0.0471,-0.7297,-0.986,0.048,-0.008,33,-4,83,89.40917178902845
473523,23431.0,132480,45,99365,0.6803,0.0241,-0.7293,-0.993,0.063,-0.02,33,-6,82,88.5945822271317
473625,23431.0,129600,45,99364,0.6839,0.0012,-0.7282,-0.994,0.105,-0.03,32,-7,82,88.30062287436029
473723,23421.0,126720,45,99363,0.6862,-0.0216,-0.7268,-0.988,0.054,-0.032,32,-9,81,87.55569655939013
473824,23421.0,120960,45,99363,-0.6884,0.0445,0.7239,-0.991,0.071,-0.044,32,-12,80,86.99425268372619
473923,23421.0,118080,45,99363,-0.6899,0.0673,0.7203,-0.993,0.101,-0.052,32,-13,81,88.05679985100527
474023,23431.0,115200,45,99365,-0.6897,0.0898,0.7166,-0.992,0.04,-0.056,33,-15,80,87.82938005018595
474123,23431.0,106560,45,99363,-0.6896,0.1125,0.7114,-0.995,0.053,-0.066,33,-17,80,88.19297024139736
474223,23431.0,100800,45,99363,-0.6886,0.135,0.7055,-0.997,0.093,-0.072,32,-19,80,88.23264701911646
474323,23421.0,95040,45,99364,-0.6864,0.1571,0.6993,-0.992,0.044,-0.074,32,-22,81,89.8276126811795
474432,23431.0,89280,45,99367,-0.6839,0.1793,0.6918,-0.996,0.046,-0.084,32,-24,81,90.33825324855468
474523,23431.0,80640,45,99367,-0.6808,0.2012,0.6834,-0.997,0.077,-0.091,32,-25,82,91.50409826887535
474623,23431.0,77760,45,99366,-0.6756,0.2223,0.6757,-0.999,0.071,-0.097,33,-27,83,93.31130692472377
474723,23421.0,72000,45,99362,-0.671,0.2438,0.6659,-0.998,0.05,-0.103,32,-29,84,94.451045520947
474835,23421.0,63360,45,99362,-0.6654,0.265,0.6556,-0.99,0.04,-0.102,33,-30,84,95.10520490488416
474923,23431.0,60480,45,99365,-0.6585,0.2855,0.6451,-1.0,0.047,-0.113,32,-33,87,98.39715443040006
475033,23411.0,54720,45,99362,-0.6514,0.306,0.6334,-0.998,0.025,-0.116,32,-35,86,98.2089608946149
475126,23431.0,46080,45,99367,-0.6437,0.326,0.621,-0.993,0.022,-0.114,32,-36,88,100.31948963187564
475226,23431.0,40320,45,99367,-0.6347,0.3455,0.6084,-1.001,0.034,-0.127,33,-38,90,103.11643903859364
475323,23431.0,40320,45,99366,-0.6253,0.3648,0.5947,-1.0,0.026,-0.127,33,-39,92,105.23307464861035
475434,23421.0,40320,45,99367,-0.6173,0.3827,0.5815,-0.998,0.005,-0.119,33,-41,93,106.85972113008718
475523,23421.0,40320,45,99367,-0.6122,0.3971,0.5703,-0.997,0.019,-0.125,33,-41,95,108.6047881080756
475633,23421.0,40320,45,99365,-0.6101,0.408,0.5614,-0.998,-0.004,-0.122,33,-42,95,108.98623766329398
475721,23421.0,40320,45,99362,-0.6099,0.414,0.5566,-0.998,0.005,-0.124,33,-43,97,111.11705539655016
475823,23431.0,40320,45,99366,-0.6117,0.4154,0.5543,-0.998,-0.012,-0.122,32,-43,97,110.82418508610834
475926,23431.0,40320,45,99366,-0.6131,0.4162,0.5528,-0.997,-0.012,-0.121,34,-43,97,111.41813137905338
476025,23411.0,40320,45,99366,-0.6141,0.4167,0.5517,-0.997,-0.01,-0.124,33,-43,97,111.11705539655016
476128,23431.0,40320,45,99364,-0.6149,0.417,0.5508,-0.997,-0.009,-0.123,33,-43,96,110.2451813005902
476228,23431.0,40320,45,99364,-0.6155,0.4173,0.5501,-0.998,-0.013,-0.123,34,-43,96,110.5486318323298
476331,23421.0,40320,45,99367,-0.616,0.4176,0.5496,-0.998,-0.011,-0.123,34,-43,97,111.41813137905338
476432,23421.0,40320,45,99368,-0.6164,0.4178,0.5491,-0.997,-0.011,-0.122,33,-43,96,110.2451813005902
476528,23421.0,40320,45,99368,-0.6168,0.4179,0.5488,-0.997,-0.011,-0.122,32,-43,95,109.07795377618706
476639,23421.0,40320,45,99367,-0.617,0.4181,0.5484,-0.996,-0.011,-0.121,33,-43,96,110.2451813005902
476723,23431.0,40320,45,99366,-0.6173,0.4182,0.5482,-0.996,-0.011,-0.12,33,-43,97,111.11705539655016
476832,23421.0,40320,45,99369,-0.6191,0.4177,0.5472,-0.924,-0.013,-0.153,33,-43,97,111.11705539655016
476923,23421.0,40320,45,99369,-0.6242,0.4112,0.5499,-1.001,0.025,-0.107,33,-44,96,110.6390527797486
477024,23421.0,40320,45,99366,-0.6314,0.3999,0.5565,-1.008,-0.021,-0.124,34,-42,95,109.2931836849856
477123,23411.0,40320,45,99369,-0.6409,0.3849,0.5658,-0.988,0.031,-0.136,32,-41,93,106.55515003977987
477232,23411.0,40320,45,99369,-0.6522,0.3652,0.5779,-1.006,0.028,-0.113,34,-39,92,105.55093557141026
477327,23421.0,40320,45,99368,-0.6632,0.3443,0.59,-0.992,-0.057,-0.128,34,-38,90,103.440804327886
477423,23421.0,43200,45,99367,-0.6736,0.3233,0.6011,-0.992,-0.04,-0.122,33,-35,88,100.28958071504736
477522,23421.0,48960,45,99367,-0.6831,0.3022,0.6117,-0.992,-0.014,-0.125,34,-33,86,98.18859404228172
477623,23411.0,54720,45,99365,-0.6918,0.2806,0.6214,-1.004,0.016,-0.121,33,-31,85,96.30680142129113
477722,23431.0,57600,45,99365,-0.6998,0.2589,0.6304,-0.99,-0.049,-0.125,33,-29,84,94.79451460923254
477825,23421.0,63360,45,99367,-0.7068,0.2375,0.6386,-0.996,-0.021,-0.135,33,-28,83,93.60555539069249
477927,23421.0,66240,45,99367,-0.7132,0.2157,0.6459,-0.996,0.02,-0.126,33,-23,82,91.33454987024352
478035,23421.0,69120,45,99369,-0.7187,0.1932,0.6526,-1.001,-0.033,-0.131,33,-23,82,91.33454987024352
478127,23421.0,74880,45,99365,-0.7235,0.171,0.6584,-0.985,-0.016,-0.119,34,-19,81,89.87769467448528
478224,23421.0,77760,45,99365,-0.7275,0.1491,0.6631,-1.001,0.027,-0.135,34,-18,81,89.67162315916892
478322,23421.0,77760,45,99365,-0.7308,0.1267,0.6672,-0.988,-0.028,-0.122,33,-15,80,87.82938005018595
478423,23421.0,83520,45,99367,-0.7332,0.1042,0.6705,-1.008,0.009,-0.116,34,-13,82,89.71621926942753
478527,23421.0,86400,45,99367,-0.7353,0.0817,0.6725,-0.991,0.013,-0.136,34,-11,80,87.6184911990614
478626,23421.0,89280,45,99368,0.7362,-0.0594,-0.6742,-1.002,0.003,-0.115,35,-8,81,88.60022573334675
478723,23421.0,89280,45,99369,0.7361,-0.0372,-0.6751,-0.983,0.004,-0.137,35,-6,82,89.35882720806042
478825,23421.0,92160,45,99369,0.7353,-0.0148,-0.6753,-0.996,0.034,-0.126,36,-5,82,89.69392398596462
478925,23421.0,92160,45,99369,0.7336,0.0069,-0.6748,-0.998,0.005,-0.123,35,-2,83,90.09994450608724
479023,23421.0,92160,45,99365,0.7318,0.0294,-0.6729,-0.987,0.028,-0.108,36,-1,84,91.39474820797966
479127,23431.0,92160,45,99365,0.7286,0.051,-0.6708,-0.999,0.042,-0.124,36,2,85,92.33092656309694
479232,23431.0,92160,45,99365,0.7251,0.0733,-0.6675,-1.002,0.024,-0.114,37,3,87,94.58858282054976
479328,23421.0,89280,45,99366,0.7201,0.0946,-0.6641,-1.006,0.06,-0.107,37,5,88,95.5928867646542
479433,23421.0,89280,45,99368,0.7145,0.1153,-0.66,-0.977,0.047,-0.122,37,7,90,97.5602378020882
479527,23421.0,89280,45,99365,0.7086,0.1374,-0.6546,-1.003,0.039,-0.105,37,9,90,97.72410142846032
479633,23421.0,86400,45,99365,0.7018,0.1588,-0.6487,-0.988,0.063,-0.1,37,10,94,101.51354589413178
479727,23431.0,83520,45,99369,0.6944,0.1797,-0.642,-0.991,0.07,-0.101,37,12,95,102.65476121447072
479835,23431.0,80640,45,99365,0.6855,0.1995,-0.6354,-0.971,0.049,-0.095,40,13,98,106.64426848171448
479924,23431.0,80640,45,99365,0.676,0.2195,-0.6279,-1.002,0.085,-0.089,37,15,98,105.82060290888538
480032,23431.0,80640,45,99365,0.6657,0.2389,-0.6197,-0.997,0.083,-0.084,39,15,101,109.30233300346336
480127,23431.0,83520,45,99366,0.6547,0.2578,-0.6111,-1.003,0.066,-0.077,39,17,103,111.44056711987784
480233,23431.0,86400,45,99366,0.6437,0.2776,-0.6011,-0.994,0.09,-0.063,41,17,106,114.91736161259531
480324,23421.0,86400,45,99366,0.6315,0.2962,-0.5911,-1.001,0.108,-0.066,40,17,108,116.41735265844176
480459,23431.0,89280,45,99365,0.6183,0.3145,-0.5804,-1.006,0.103,-0.05,42,19,111,120.19151384353223
480530,23421.0,92160,45,99365,0.6047,0.3322,-0.5692,-0.985,0.055,-0.053,41,20,112,120.93386622447824
480633,23421.0,92160,45,99365,0.5904,0.3495,-0.5576,-0.987,0.118,-0.053,41,19,115,123.55970216862778
480736,23431.0,92160,45,99365,0.5754,0.3668,-0.5453,-0.985,0.127,-0.056,42,19,118,126.6846478465327
480836,23421.0,92160,45,99368,0.5599,0.3834,-0.5323,-0.996,0.057,-0.024,43,19,120,128.87978895078933
480927,23421.0,95040,45,99368,0.5436,0.3995,-0.519,-0.976,0.104,-0.026,42,20,122,130.5679899515957
481040,23421.0,95040,45,99365,0.5268,0.4156,-0.5053,-1.013,0.116,-0.013,44,20,126,134.9518432626987
481127,23421.0,97920,45,99364,0.51,0.4324,-0.4905,-0.984,0.042,-0.002,43,20,127,135.56548233234005
481232,23421.0,97920,45,99364,0.492,0.4475,-0.4756,-1.004,0.115,0.005,44,19,132,140.4314779527724
481327,23421.0,97920,45,99367,0.4735,0.462,-0.4604,-0.98,0.092,0.007,44,19,133,141.37185009753534
481435,23421.0,100800,45,99371,0.4548,0.4763,-0.4447,-1.002,0.044,0.016,46,18,136,144.69277798148738
481527,23421.0,100800,45,99368,0.4353,0.49,-0.4287,-0.976,0.104,0.016,45,17,139,147.08840878872817
481632,23421.0,103680,45,99368,0.4151,0.5033,-0.412,-0.993,0.078,0.022,47,16,143,151.37370973851438
481727,23421.0,103680,45,99371,0.3948,0.516,-0.3952,-0.976,0.03,0.032,45,14,142,149.61617559608987
481832,23421.0,103680,45,99365,0.3738,0.5285,-0.3781,-0.993,0.081,0.032,47,12,147,154.7966407904254
481927,23421.0,103680,45,99365,0.3523,0.5404,-0.3607,-0.998,0.063,0.043,47,10,149,156.556698994326
482032,23431.0,106560,45,99369,0.3304,0.5517,-0.343,-0.978,-0.001,0.042,49,9,153,160.90680532531866
482128,23431.0,106560,45,99369,0.3083,0.5627,-0.3249,-0.988,0.065,0.045,49,5,153,160.73269735806713
482235,23431.0,106560,45,99369,0.2859,0.5733,-0.3064,-0.994,0.046,0.058,49,5,157,164.54482671904336
482327,23421.0,106560,45,99371,0.2629,0.5829,-0.2877,-0.988,-0.034,0.044,49,2,159,166.3911055315157
482423,23421.0,106560,45,99367,0.24,0.5923,-0.2685,-0.986,0.059,0.053,51,-1,162,169.84110221027183
482523,23421.0,106560,45,99372,0.2168,0.6013,-0.2491,-1.001,0.011,0.048,50,-2,163,170.5080643254154
482627,23421.0,106560,45,99372,0.1935,0.6097,-0.2294,-0.987,-0.045,0.061,51,-7,166,173.79873417260552
482723,23421.0,100800,45,99368,0.1697,0.6174,-0.2093,-0.994,0.016,0.04,50,-9,168,175.5135322418189
482823,23421.0,97920,45,99368,0.1459,0.6248,-0.1889,-0.988,-0.03,0.043,52,-13,168,176.34341496069538
482923,23421.0,97920,45,99368,0.1222,0.6318,-0.1685,-0.999,-0.082,0.061,51,-16,169,177.2512341282847
483023,23421.0,95040,45,99374,0.0982,0.6379,-0.1478,-0.988,0.007,0.042,52,-19,171,179.7386992275175
483123,23421.0,95040,45,99373,0.0742,0.6434,-0.127,-0.992,-0.019,0.049,52,-22,171,180.08053753806934
483224,23421.0,95040,45,99371,0.05,0.6487,-0.1059,-0.986,-0.055,0.023,53,-26,173,182.7949671079595
483327,23421.0,92160,45,99371,0.0259,0.6535,-0.0848,-1.004,-0.076,0.041,53,-29,173,183.24573664890545
483423,23421.0,92160,45,99371,0.0017,0.6574,-0.0635,-0.989,-0.052,0.019,53,-33,173,183.92117876960228
483524,23421.0,92160,45,99370,-0.0199,0.6608,-0.0444,-0.998,-0.06,0.008,54,-37,172,184.03532269648673
483624,23421.0,89280,45,99370,-0.0359,0.6636,-0.0304,-0.993,-0.079,0.014,54,-39,173,185.38068939347485
483731,23431.0,89280,45,99371,-0.0473,0.6804,-0.0215,-1.001,-0.099,0.008,55,-43,174,187.48333259252675
483825,23421.0,86400,45,99372,-0.0524,0.6835,-0.0188,-1.027,-0.119,0.006,53,-41,172,184.59144075498193
483923,23421.0,86400,45,99372,-0.0529,0.6848,-0.0191,-0.973,-0.107,0.016,52,-41,173,185.2403843658288
484033,23421.0,86400,45,99369,-0.0525,0.6849,-0.0188,-0.967,-0.085,-0.014,53,-41,173,185.52358340653083
484128,23421.0,86400,45,99369,-0.0492,0.6911,-0.0146,-0.963,-0.058,-0.012,52,-41,174,186.1746491872618
484234,23421.0,86400,45,99373,-0.0448,0.6989,-0.0099,-0.966,-0.064,-0.024,53,-41,175,187.38996771438968
484323,23421.0,86400,45,99373,-0.0399,0.7041,-0.005,-1.054,-0.06,-0.008,51,-43,176,188.2179587605816
484459,23431.0,83520,45,99373,-0.037,0.7065,-0.0023,-1.037,-0.065,-0.012,51,-44,177,189.3832093930188
484523,23411.0,80640,45,99369,-0.0354,0.7075,-0.0007,-1.035,-0.061,-0.022,50,-45,178,190.2866259094422
484624,23411.0,80640,45,99369,-0.0353,0.7073,-0.0007,-1.004,-0.033,-0.076,50,-44,177,189.1163662933486
484727,23411.0,80640,45,99369,-0.0347,0.707,-0.0012,-1.005,-0.055,-0.008,51,-45,177,189.6180371167258
484830,23421.0,80640,45,99370,-0.0345,0.708,-0.0009,-1.004,-0.044,-0.009,63,-56,178,196.94923203709124
484931,23421.0,80640,45,99370,-0.0343,0.7085,-0.0007,-0.999,-0.043,-0.022,64,-56,179,198.1741658239035
485038,23421.0,80640,45,99370,-0.0341,0.709,-0.0005,-0.992,-0.041,-0.016,65,-55,178,197.3170038288642
485137,23431.0,80640,45,99374,-0.034,0.7095,-0.0004,-0.993,-0.043,-0.02,66,-55,178,197.6486782146544
485241,23421.0,80640,45,99371,-0.0339,0.7097,-0.0002,-0.996,-0.042,-0.023,65,-55,175,194.61500456028563
485327,23421.0,80640,45,99371,-0.0338,0.71,-0.0001,-0.996,-0.042,-0.02,66,-54,173,192.87560758167425
485433,23421.0,80640,45,99371,-0.0337,0.7103,-0.0,-0.996,-0.043,-0.02,65,-54,172,191.637678967368
485529,23421.0,80640,45,99371,-0.0336,0.7105,0.0001,-0.997,-0.043,-0.024,64,-53,170,189.2220917334971
485624,23421.0,80640,45,99371,-0.0335,0.7107,0.0001,-0.996,-0.044,-0.021,63,-54,168,187.3739576355263
485727,23411.0,80640,45,99372,-0.0335,0.7109,0.0002,-0.998,-0.042,-0.021,61,-56,167,186.4027896786955
485835,23421.0,80640,45,99373,-0.0334,0.711,0.0003,-0.998,-0.045,-0.018,60,-56,166,185.18099254513135
485928,23421.0,80640,45,99373,-0.0334,0.7111,0.0003,-0.998,-0.046,-0.022,58,-57,166,184.84858668650944
486036,23421.0,80640,45,99369,-0.0333,0.7113,0.0004,-0.999,-0.041,-0.021,55,-58,165,183.34121195192313
486124,23421.0,80640,45,99371,-0.0333,0.7114,0.0004,-0.996,-0.044,-0.023,52,-59,165,182.7840255602223
486223,23421.0,80640,45,99369,-0.0333,0.7114,0.0004,-0.996,-0.042,-0.022,52,-58,165,182.4636950190366
486323,23421.0,80640,45,99369,-0.0333,0.7114,0.0004,-0.998,-0.047,-0.019,51,-59,166,183.40665200586375
486424,23421.0,80640,45,99365,-0.0333,0.7114,0.0004,-0.996,-0.042,-0.024,49,-59,168,184.67809832245945
486525,23421.0,80640,45,99372,-0.0333,0.7114,0.0004,-0.998,-0.042,-0.019,46,-59,168,183.90486671102536
486623,23421.0,80640,45,99372,-0.0333,0.7114,0.0004,-0.998,-0.044,-0.023,45,-59,170,185.48854412065452
486724,23411.0,80640,45,99370,-0.0333,0.7114,0.0004,-0.997,-0.045,-0.019,45,-59,174,189.16130682568252
486824,23411.0,80640,45,99371,-0.0333,0.7114,0.0004,-0.997,-0.044,-0.021,44,-58,175,189.53891421024863
486987,23431.0,80640,45,99369,-0.0333,0.7114,0.0004,-0.996,-0.043,-0.022,44,-55,176,189.57056733575496
487024,23431.0,80640,45,99369,-0.0333,0.7114,0.0004,-0.999,-0.043,-0.02,45,-53,178,191.09683409203828
487125,23421.0,80640,45,99370,-0.0333,0.7114,0.0004,-0.998,-0.044,-0.02,47,-51,179,191.96614284815956
487223,23421.0,80640,45,99371,-0.0333,0.7114,0.0004,-0.995,-0.042,-0.021,47,-48,180,192.12756179163884
487324,23421.0,80640,45,99371,-0.0333,0.7114,0.0004,-0.998,-0.044,-0.021,50,-47,181,193.57169214531345
487423,23421.0,80640,45,99369,-0.0333,0.7114,0.0004,-0.997,-0.042,-0.021,51,-44,180,192.1900101462092
487524,23431.0,80640,45,99370,-0.0333,0.7114,0.0004,-0.997,-0.044,-0.021,52,-44,178,190.58856209122308
487624,23431.0,80640,45,99370,-0.0333,0.7114,0.0004,-0.997,-0.042,-0.023,55,-41,179,191.69507035915137
487724,23411.0,80640,45,99364,-0.0333,0.7114,0.0004,-0.996,-0.044,-0.021,57,-40,178,191.13607718063065
487825,23411.0,80640,45,99372,-0.0333,0.7114,0.0004,-0.999,-0.044,-0.02,58,-39,175,188.44097219023257
487923,23421.0,80640,45,99370,-0.0333,0.7114,0.0004,-0.996,-0.047,-0.022,59,-37,173,186.49128665972577
488023,23421.0,80640,45,99370,-0.0333,0.7114,0.0004,-0.998,-0.045,-0.018,60,-38,171,185.16209115258988
488124,23411.0,80640,45,99368,-0.0333,0.7114,0.0004,-0.996,-0.044,-0.024,62,-39,171,186.02687977816535
488224,23421.0,80640,45,99370,-0.0333,0.7114,0.0004,-0.998,-0.044,-0.02,62,-40,170,185.321342537766
488324,23421.0,80640,45,99370,-0.0333,0.7114,0.0004,-0.997,-0.039,-0.021,63,-40,171,186.5743819499344
488426,23421.0,80640,45,99371,-0.0333,0.7114,0.0004,-0.996,-0.044,-0.024,63,-43,171,187.24048707477772
488521,23411.0,80640,45,99370,-0.0333,0.7114,0.0004,-0.997,-0.044,-0.021,62,-46,170,186.70832868407345
488624,23411.0,80640,45,99370,-0.0333,0.7114,0.0004,-0.998,-0.042,-0.022,62,-45,170,186.4644738281263
488723,23411.0,80640,45,99369,-0.0333,0.7114,0.0004,-0.998,-0.045,-0.019,43,-60,169,184.41800345953212
488824,23421.0,80640,45,99368,-0.0333,0.7114,0.0004,-0.997,-0.044,-0.02,59,-38,177,190.40483187146276
488928,23411.0,80640,45,99369,-0.0333,0.7114,0.0004,-0.996,-0.043,-0.021,62,-43,172,187.82172398314313
489030,23411.0,80640,45,99369,-0.0333,0.7114,0.0004,-1.005,-0.057,-0.016,62,-44,171,187.13898578329423
489134,23411.0,80640,45,99370,-0.0314,0.7105,-0.0006,-1.052,-0.07,-0.006,62,-43,172,187.82172398314313
489238,23411.0,83520,45,99368,-0.0287,0.7074,0.0019,-1.039,-0.063,0.003,63,-45,172,188.62131374794313
489323,23411.0,86400,45,99368,-0.0251,0.7033,0.0086,-1.023,-0.032,0.003,64,-47,168,185.81980518771405
489425,23411.0,86400,45,99369,-0.0179,0.6978,0.0147,-1.043,-0.012,-0.036,66,-48,166,184.97567407634983
489524,23411.0,89280,45,99368,-0.0109,0.6916,0.0164,-1.064,-0.034,0.056,65,-48,165,183.72261700726995
489623,23411.0,92160,45,99368,-0.0068,0.6849,0.0157,-1.025,0.053,0.064,65,-45,161,179.36276090649363
489726,23401.0,95040,45,99366,-0.0053,0.6782,0.013,-1.038,0.038,0.06,66,-44,157,175.90054007876157
489828,23421.0,97920,45,99369,-0.0065,0.6718,0.0079,-1.045,0.044,0.138,66,-44,157,175.90054007876157
489923,23411.0,100800,45,99364,-0.0104,0.6655,0.0,-1.02,0.005,0.053,67,-44,154,173.61163555476344
490024,23411.0,106560,45,99364,-0.0173,0.6599,-0.0103,-0.997,-0.041,0.087,68,-44,149,169.5906837063876
490125,23421.0,112320,45,99368,-0.025,0.6558,-0.0221,-0.925,-0.027,0.095,68,-38,149,168.13387523042465
490224,23421.0,115200,45,99366,-0.0313,0.6541,-0.0337,-0.949,-0.067,0.134,67,-36,145,163.73759494996864
490323,23421.0,118080,45,99366,-0.0354,0.6548,-0.0449,-0.939,-0.097,0.119,66,-34,143,161.1241757155021
490424,23421.0,118080,45,99365,-0.0375,0.6575,-0.0556,-0.93,-0.12,0.106,66,-31,142,159.6276918332155
490527,23411.0,120960,45,99365,-0.0371,0.6622,-0.0656,-0.936,-0.133,0.114,66,-30,142,159.43650773897426
490623,23411.0,120960,45,99363,-0.0341,0.6682,-0.0751,-0.942,-0.116,0.087,64,-29,140,156.64290599960154
490724,23411.0,120960,45,99363,-0.0295,0.6753,-0.0822,-0.947,-0.159,0.102,62,-27,143,158.18343781824947
490824,23421.0,120960,45,99366,-0.0268,0.6834,-0.087,-0.935,-0.172,0.101,60,-26,144,158.15182578775372
490924,23411.0,120960,45,99365,-0.0241,0.6891,-0.0919,-0.927,-0.157,0.062,61,-26,143,157.62613996415695
491034,23411.0,120960,45,99365,-0.0204,0.6898,-0.0951,-0.926,-0.133,0.069,60,-24,146,159.66214329013624
491124,23411.0,120960,45,99365,-0.02,0.6897,-0.0951,-0.994,-0.142,0.022,58,-24,146,158.92136420255144
491229,23411.0,120960,45,99367,-0.0198,0.6902,-0.0948,-0.979,-0.15,0.04,58,-23,147,159.6934563468397
491328,23411.0,120960,45,99367,-0.0192,0.6912,-0.0941,-0.986,-0.145,0.028,59,-24,147,160.20611723651504
491432,23411.0,120960,45,99365,-0.019,0.6916,-0.0938,-0.988,-0.146,0.029,58,-24,147,159.84054554461454
491527,23411.0,120960,45,99363,-0.0186,0.6921,-0.0934,-0.979,-0.15,0.034,59,-24,145,158.3729774930054
491629,23411.0,120960,45,99370,-0.0184,0.6925,-0.0932,-0.988,-0.145,0.029,59,-24,146,159.2890454488318
491728,23411.0,120960,45,99370,-0.0182,0.6928,-0.093,-0.983,-0.149,0.03,59,-25,146,159.44277970482077
491829,23401.0,120960,45,99365,-0.018,0.6931,-0.0927,-0.985,-0.148,0.031,60,-25,146,159.8155186457185
491928,23411.0,120960,45,99368,-0.0179,0.6933,-0.0926,-0.987,-0.147,0.029,58,-24,146,158.92136420255144
492029,23411.0,120960,45,99368,-0.0178,0.6934,-0.0924,-0.982,-0.148,0.032,58,-24,146,158.92136420255144
492130,23411.0,120960,45,99363,-0.0177,0.6936,-0.0923,-0.986,-0.147,0.029,59,-25,147,160.3589723090043
492231,23411.0,118080,45,99370,-0.0176,0.6937,-0.0922,-0.986,-0.147,0.028,59,-25,146,159.44277970482077
492324,23411.0,120960,45,99370,-0.0175,0.6939,-0.0921,-0.983,-0.148,0.031,59,-26,146,159.6026315572522
492441,23411.0,120960,45,99365,-0.0175,0.6939,-0.0921,-0.986,-0.148,0.029,59,-25,147,160.3589723090043
492524,23401.0,120960,45,99366,-0.0175,0.6939,-0.0921,-0.985,-0.149,0.029,59,-24,147,160.20611723651504
492625,23411.0,120960,45,99367,-0.0175,0.6939,-0.0921,-0.984,-0.146,0.032,58,-24,147,159.84054554461454
492724,23411.0,120960,45,99367,-0.0175,0.6939,-0.0921,-0.986,-0.148,0.029,58,-25,146,159.07545379473223
492825,23411.0,120960,45,99365,-0.0175,0.6939,-0.0921,-0.986,-0.149,0.03,59,-24,146,159.2890454488318
492925,23411.0,120960,45,99365,-0.0175,0.6939,-0.0921,-0.983,-0.146,0.032,58,-23,147,159.6934563468397
493024,23411.0,120960,45,99365,-0.0175,0.6939,-0.0921,-0.985,-0.149,0.03,59,-25,147,160.3589723090043
493125,23411.0,120960,45,99363,-0.0175,0.6939,-0.0921,-0.984,-0.149,0.031,59,-25,146,159.44277970482077
493225,23401.0,120960,45,99365,-0.0175,0.6939,-0.0921,-0.984,-0.148,0.032,59,-25,146,159.44277970482077
493366,23401.0,120960,45,99365,-0.0175,0.6939,-0.0921,-0.985,-0.15,0.031,58,-24,147,159.84054554461454
493421,23411.0,118080,45,99365,-0.0175,0.6939,-0.0921,-0.984,-0.148,0.031,58,-25,147,159.99374987792493
493524,23411.0,120960,45,99365,-0.0175,0.6939,-0.0921,-0.985,-0.148,0.029,59,-24,147,160.20611723651504
493624,23411.0,118080,45,99368,-0.0175,0.6939,-0.0921,-0.985,-0.149,0.029,58,-25,147,159.99374987792493
493724,23411.0,118080,45,99368,-0.0175,0.6939,-0.0921,-0.983,-0.148,0.031,59,-24,148,161.1241757155021
493824,23411.0,118080,45,99368,-0.0175,0.6939,-0.0921,-0.985,-0.149,0.029,59,-24,147,160.20611723651504
493924,23411.0,120960,45,99369,-0.0175,0.6939,-0.0921,-0.987,-0.15,0.028,59,-25,146,159.44277970482077
494026,23411.0,120960,45,99369,-0.0175,0.6939,-0.0921,-0.983,-0.15,0.03,58,-24,147,159.84054554461454
494124,23411.0,120960,45,99367,-0.0175,0.6939,-0.0921,-0.984,-0.149,0.03,58,-25,147,159.99374987792493
494224,23411.0,120960,45,99371,-0.0175,0.6939,-0.0921,-0.985,-0.148,0.03,58,-24,147,159.84054554461454
494324,23401.0,118080,45,99366,-0.0175,0.6939,-0.0921,-0.986,-0.149,0.03,59,-24,147,160.20611723651504
494424,23401.0,118080,45,99366,-0.0175,0.6939,-0.0921,-0.985,-0.149,0.028,58,-25,146,159.07545379473223
494525,23411.0,120960,45,99363,-0.0175,0.6939,-0.0921,-0.983,-0.149,0.027,59,-25,146,159.44277970482077
494624,23411.0,120960,45,99366,-0.0175,0.6939,-0.0921,-0.985,-0.149,0.027,58,-24,146,158.92136420255144
494724,23411.0,120960,45,99366,-0.0175,0.6939,-0.0921,-0.985,-0.15,0.03,58,-24,147,159.84054554461454
494825,23411.0,118080,45,99365,-0.0175,0.6939,-0.0921,-0.984,-0.147,0.03,59,-24,147,160.20611723651504
494924,23411.0,118080,45,99365,-0.0175,0.6939,-0.0921,-0.984,-0.15,0.029,59,-24,147,160.20611723651504
495024,23411.0,118080,45,99365,-0.0175,0.6939,-0.0921,-0.985,-0.148,0.028,58,-24,145,158.00316452527144
495125,23411.0,120960,45,99365,-0.0175,0.6939,-0.0921,-0.986,-0.152,0.03,59,-25,146,159.44277970482077
495225,23411.0,118080,45,99363,-0.0175,0.6939,-0.0921,-0.984,-0.151,0.029,59,-24,146,159.2890454488318
495332,23401.0,118080,45,99363,-0.0175,0.6939,-0.0921,-0.986,-0.148,0.029,59,-23,146,159.14144651849813
495426,23401.0,118080,45,99363,-0.0175,0.6939,-0.0921,-0.987,-0.147,0.032,59,-24,148,161.1241757155021
495524,23411.0,118080,45,99367,-0.0175,0.6939,-0.0921,-0.986,-0.149,0.031,58,-24,146,158.92136420255144
495624,23411.0,120960,45,99363,-0.0175,0.6939,-0.0921,-0.987,-0.15,0.028,59,-25,146,159.44277970482077
495725,23411.0,118080,45,99363,-0.0175,0.6939,-0.0921,-0.986,-0.15,0.03,58,-24,146,158.92136420255144
495825,23411.0,120960,45,99369,-0.0175,0.6939,-0.0921,-0.986,-0.15,0.031,58,-25,147,159.99374987792493
495924,23401.0,120960,45,99363,-0.0175,0.6939,-0.0921,-0.985,-0.15,0.029,59,-25,147,160.3589723090043
496025,23401.0,118080,45,99363,-0.0175,0.6939,-0.0921,-0.986,-0.15,0.03,59,-24,147,160.20611723651504
496124,23411.0,118080,45,99366,-0.0182,0.6935,-0.0914,-0.922,-0.155,0.078,58,-25,146,159.07545379473223
496224,23411.0,120960,45,99367,-0.0222,0.6877,-0.0879,-0.913,-0.164,0.066,62,-26,147,161.64467204334326
496328,23411.0,120960,45,99369,-0.0251,0.6806,-0.0827,-0.885,-0.11,0.076,59,-26,145,158.6883738652583
496424,23411.0,120960,45,99369,-0.0276,0.6724,-0.0771,-0.928,-0.086,0.127,61,-25,145,159.28276742949942
496524,23401.0,120960,45,99367,-0.0295,0.6655,-0.0695,-0.928,-0.109,0.144,64,-26,142,157.91136754521506
496626,23411.0,120960,45,99365,-0.0314,0.6602,-0.0584,-0.92,-0.113,0.03,64,-30,141,157.7244432546839
496724,23411.0,120960,45,99365,-0.0306,0.6569,-0.0466,-0.956,-0.11,0.099,65,-30,142,159.02515524281057
496824,23401.0,118080,45,99368,-0.0282,0.6554,-0.035,-0.999,-0.091,0.14,66,-33,143,160.91612722160573
496924,23401.0,118080,45,99368,-0.0259,0.6553,-0.0248,-0.972,-0.043,0.099,66,-34,143,161.1241757155021
497024,23401.0,115200,45,99368,-0.024,0.6568,-0.0157,-0.971,-0.035,0.113,67,-36,146,164.62381358722072
497124,23411.0,112320,45,99367,-0.0223,0.6599,-0.0079,-0.997,-0.027,0.115,66,-38,146,164.66936569987752
497225,23401.0,106560,45,99368,-0.0213,0.6645,-0.0012,-0.98,-0.016,0.097,67,-40,150,169.08281994336386
497323,23411.0,103680,45,99368,-0.0211,0.6706,0.004,-1.009,-0.041,0.072,68,-40,154,173.03178898687952
497425,23411.0,97920,45,99368,-0.0228,0.6777,0.0076,-1.051,-0.028,0.038,67,-43,154,173.36089524457353
497527,23401.0,95040,45,99369,-0.0273,0.6847,0.0087,-1.041,-0.022,0.051,66,-42,161,179.0
497631,23401.0,92160,45,99373,-0.0329,0.6915,0.0054,-1.041,-0.054,0.015,66,-43,162,180.13605968822566
497731,23401.0,92160,45,99373,-0.0373,0.6968,-0.0021,-1.062,-0.083,0.028,65,-43,164,181.57643018850217
497824,23401.0,89280,45,99371,-0.0408,0.7001,-0.0083,-1.031,-0.114,-0.011,67,-42,166,183.8722382525432
497925,23411.0,89280,45,99370,-0.0441,0.7021,-0.0108,-1.043,-0.107,0.013,65,-44,167,184.52642087245937
498025,23411.0,89280,45,99371,-0.0471,0.7023,-0.0118,-0.978,-0.091,-0.03,65,-41,167,183.83416439824236
498124,23411.0,86400,45,99371,-0.0468,0.7018,-0.0121,-0.964,-0.069,-0.008,65,-40,168,184.52371121349148
498224,23411.0,86400,45,99370,-0.046,0.7022,-0.0109,-0.951,-0.077,-0.028,65,-41,168,184.74306482247175
498328,23401.0,86400,45,99371,-0.0435,0.7049,-0.0084,-0.966,-0.059,-0.007,64,-42,169,185.52897347853784
498424,23401.0,86400,45,99371,-0.0395,0.7086,-0.0046,-0.995,-0.063,-0.006,65,-42,168,184.967564724197
498524,23411.0,83520,45,99369,-0.0358,0.7115,-0.001,-1.019,-0.061,-0.002,64,-43,171,187.57931655702345
498634,23401.0,83520,45,99368,-0.0336,0.7125,0.0011,-1.035,-0.057,-0.012,62,-44,172,188.05318396666408
498729,23401.0,80640,45,99368,-0.0332,0.7123,0.0014,-1.017,-0.053,-0.015,62,-45,172,188.28967045486056
498824,23401.0,80640,45,99372,-0.0327,0.7116,0.0008,-1.011,-0.005,-0.004,63,-44,173,189.2987057536316
498929,23411.0,80640,45,99376,-0.0326,0.7116,0.0008,-0.996,-0.041,-0.029,62,-43,171,186.9063936841113
499032,23401.0,80640,45,99369,-0.0327,0.7119,0.0008,-0.993,-0.042,-0.009,62,-44,171,187.13898578329423
499128,23401.0,80640,45,99369,-0.0326,0.712,0.0008,-0.994,-0.048,-0.029,64,-52,178,196.17339269126177
499229,23411.0,80640,45,99372,-0.0326,0.712,0.0008,-1.002,-0.043,-0.02,65,-52,177,195.59652348648737
499328,23411.0,80640,45,99371,-0.0326,0.7121,0.0008,-0.999,-0.044,-0.021,66,-53,176,195.29720940146584
499430,23411.0,80640,45,99371,-0.0326,0.7122,0.0008,-0.997,-0.044,-0.023,66,-53,176,195.29720940146584
499528,23411.0,80640,45,99370,-0.0326,0.7122,0.0008,-0.998,-0.044,-0.021,65,-53,175,194.05926929677955
499632,23411.0,80640,45,99370,-0.0326,0.7122,0.0009,-0.999,-0.044,-0.02,65,-54,174,193.43474351832455
499724,23411.0,80640,45,99370,-0.0326,0.7123,0.0008,-0.995,-0.043,-0.022,65,-55,173,192.81856757065697
499825,23411.0,80640,45,99371,-0.0326,0.7123,0.0008,-0.996,-0.043,-0.026,65,-56,172,192.21082175569617
499924,23401.0,80640,45,99371,-0.0326,0.7123,0.0008,-0.996,-0.047,-0.021,65,-56,171,191.3164917094185
500024,23401.0,80640,45,99375,-0.0326,0.7123,0.0008,-0.996,-0.043,-0.021,64,-57,171,191.27467161127217
500124,23401.0,80640,45,99375,-0.0326,0.7123,0.0008,-0.997,-0.047,-0.023,65,-55,172,191.92185909895724
500224,23401.0,80640,45,99375,-0.0326,0.7123,0.0008,-0.998,-0.043,-0.021,64,-55,172,191.58549005600608
500324,23401.0,80640,45,99369,-0.0326,0.7123,0.0008,-0.997,-0.042,-0.02,63,-53,171,189.78672240175283
500424,23401.0,80640,45,99369,-0.0326,0.7123,0.0008,-0.998,-0.043,-0.02,64,-52,172,190.74590428106185
500524,23411.0,80640,45,99369,-0.0326,0.7123,0.0008,-0.998,-0.042,-0.02,64,-51,172,190.4757202375148
500626,23411.0,80640,45,99371,-0.0326,0.7123,0.0008,-0.998,-0.045,-0.02,63,-48,172,189.3594465560142
500725,23401.0,80640,45,99372,-0.0326,0.7123,0.0008,-0.997,-0.044,-0.02,63,-47,174,190.9293062890032
500824,23401.0,80640,45,99372,-0.0326,0.7123,0.0008,-0.996,-0.043,-0.019,63,-46,176,192.5123372669918
500924,23401.0,80640,45,99369,-0.0326,0.7123,0.0008,-0.995,-0.044,-0.022,63,-44,176,192.04426573058615
501024,23411.0,80640,45,99373,-0.0326,0.7123,0.0008,-0.999,-0.046,-0.019,62,-41,178,192.89634522198705
501124,23411.0,80640,45,99373,-0.0326,0.7123,0.0008,-0.996,-0.044,-0.02,62,-41,178,192.89634522198705
501226,23411.0,80640,45,99379,-0.0326,0.7123,0.0008,-0.998,-0.044,-0.022,61,-39,178,192.16139050287913
501324,23401.0,80640,45,99371,-0.0326,0.7123,0.0008,-0.997,-0.043,-0.019,59,-38,178,191.3347851280577
501421,23401.0,80640,45,99371,-0.0326,0.7123,0.0008,-0.996,-0.044,-0.022,59,-38,178,191.3347851280577
501523,23411.0,80640,45,99371,-0.0326,0.7123,0.0008,-0.999,-0.044,-0.019,58,-38,179,191.96093352554837
501624,23411.0,80640,45,99367,-0.0326,0.7123,0.0008,-0.999,-0.043,-0.021,56,-38,176,188.56298682403184
501730,23401.0,80640,45,99373,-0.0326,0.7123,0.0008,-0.996,-0.044,-0.021,54,-40,176,188.39320582229072
501834,23401.0,80640,45,99373,-0.0326,0.7123,0.0008,-0.999,-0.043,-0.02,54,-41,175,187.67525143182837
501931,23411.0,80640,45,99373,-0.0326,0.7123,0.0008,-0.997,-0.042,-0.023,52,-41,174,186.1746491872618
502032,23411.0,80640,45,99373,-0.0326,0.7123,0.0008,-0.998,-0.045,-0.022,50,-44,173,185.37799222129905
502124,23411.0,80640,45,99373,-0.0326,0.7123,0.0008,-0.996,-0.044,-0.021,50,-47,172,185.1836925865774
502225,23401.0,80640,45,99371,-0.0326,0.7123,0.0008,-0.999,-0.042,-0.021,48,-48,172,184.91078930121952
502424,23401.0,80640,45,99374,-0.0326,0.7123,0.0008,-0.996,-0.043,-0.023,46,-53,170,183.9157415774952
502526,23401.0,80640,45,99373,-0.0326,0.7123,0.0008,-0.997,-0.041,-0.021,45,-55,168,182.41162243672963
502624,23411.0,80640,45,99369,-0.0326,0.7123,0.0008,-0.996,-0.043,-0.022,46,-57,168,183.273020382161
502724,23411.0,80640,45,99375,-0.0326,0.7123,0.0008,-0.997,-0.044,-0.019,45,-59,168,183.6572895367891
502824,23411.0,80640,45,99375,-0.0326,0.7123,0.0008,-0.996,-0.044,-0.02,46,-59,168,183.90486671102536
502925,23401.0,80640,45,99373,-0.0326,0.7123,0.0008,-0.997,-0.045,-0.022,45,-60,168,183.98097727754356
503024,23401.0,80640,45,99373,-0.0326,0.7123,0.0008,-0.998,-0.044,-0.019,62,-44,175,190.80094339389416
503126,23401.0,80640,45,99373,-0.0326,0.7123,0.0008,-0.997,-0.043,-0.022,47,-49,174,186.7779430232596
503224,23401.0,80640,45,99369,-0.0326,0.7123,0.0008,-1.0,-0.043,-0.02,45,-55,172,186.10212250267324
503324,23411.0,80640,45,99375,-0.0316,0.7119,0.0002,-1.047,-0.072,-0.003,50,-45,178,190.2866259094422
503425,23411.0,83520,45,99375,-0.0288,0.7097,0.0009,-1.044,-0.043,0.005,52,-45,177,189.88944151795275
503524,23401.0,83520,45,99369,-0.0257,0.7061,0.0067,-1.041,-0.027,0.004,53,-45,177,190.165717204758
503624,23411.0,86400,45,99371,-0.0196,0.701,0.0141,-1.043,-0.032,-0.033,52,-45,173,186.16659206205608
503727,23401.0,89280,45,99371,-0.0117,0.6949,0.0168,-1.057,-0.013,0.048,53,-46,173,186.6922601502269
503824,23401.0,92160,45,99371,-0.0065,0.6884,0.0172,-1.043,-0.002,0.018,56,-47,169,184.1358194377183
503924,23411.0,92160,45,99371,-0.0043,0.6818,0.0153,-1.055,-0.029,0.053,54,-47,165,179.8610574860495
504025,23411.0,95040,45,99369,-0.0045,0.6752,0.0108,-1.036,-0.003,0.064,54,-44,163,177.2596964907703
504125,23411.0,97920,45,99369,-0.0076,0.6688,0.0038,-1.023,0.045,0.108,55,-42,159,173.40703561274557
504225,23401.0,106560,45,99368,-0.0133,0.6631,-0.0055,-1.017,0.014,0.129,55,-41,154,168.5882558187254
504324,23401.0,109440,45,99371,-0.0211,0.6584,-0.0169,-0.962,-0.009,0.091,57,-39,153,167.8660180024534
504425,23401.0,115200,45,99367,-0.028,0.6557,-0.0288,-0.925,-0.045,0.105,57,-36,149,163.54204352398193
504524,23401.0,118080,45,99367,-0.033,0.6556,-0.0401,-0.914,-0.051,0.111,54,-33,147,160.04374402018968
504624,23411.0,118080,45,99372,-0.036,0.6576,-0.0511,-0.916,-0.047,0.138,53,-30,148,160.0406198438384
504726,23391.0,120960,45,99368,-0.0365,0.6615,-0.0613,-0.915,-0.117,0.071,53,-29,148,159.85618536672268
504828,23391.0,120960,45,99368,-0.0345,0.6671,-0.0709,-0.926,-0.103,0.089,51,-29,146,157.34675084030175
504926,23411.0,120960,45,99371,-0.0302,0.6738,-0.0793,-0.926,-0.098,0.155,51,-28,149,159.9562440169186
505024,23401.0,120960,45,99365,-0.0265,0.6818,-0.0843,-0.901,-0.133,0.042,48,-26,150,159.62455951387932
505125,23401.0,120960,45,99365,-0.0243,0.6886,-0.0893,-0.932,-0.148,0.098,48,-25,149,158.52444606432158
505234,23401.0,120960,45,99365,-0.0212,0.692,-0.0938,-0.926,-0.128,0.064,50,-26,151,161.17381921391575
505325,23401.0,120960,45,99365,-0.0195,0.6912,-0.0944,-0.987,-0.135,0.02,47,-24,153,161.8456054392581
505434,23401.0,120960,45,99367,-0.0178,0.6912,-0.097,-0.981,-0.166,0.041,47,-25,152,161.0527863776346
505525,23401.0,118080,45,99367,-0.0106,0.6904,-0.1051,-0.992,-0.174,0.02,47,-23,152,160.75447116643443
505634,23401.0,118080,45,99368,0.0016,0.6888,-0.1189,-0.977,-0.159,0.041,48,-23,152,161.0496817755316
505728,23401.0,118080,45,99365,0.0192,0.6866,-0.1376,-0.985,-0.168,0.037,46,-21,152,160.19051157918187
505822,23401.0,118080,45,99365,0.0409,0.682,-0.1614,-0.985,-0.137,0.044,45,-18,152,159.5399636454766
505924,23401.0,118080,45,99364,0.0631,0.6768,-0.1851,-0.978,-0.128,0.049,46,-15,152,159.51488958714793
506027,23401.0,118080,45,99366,0.0853,0.6711,-0.2087,-0.986,-0.119,0.053,44,-13,151,157.8163489629639
506132,23401.0,118080,45,99366,0.1076,0.6646,-0.2319,-0.981,-0.131,0.066,45,-11,150,156.99044556914922
506237,23391.0,118080,45,99366,0.1297,0.6574,-0.2547,-0.981,-0.114,0.068,45,-8,149,155.85249436566616
506324,23401.0,115200,45,99366,0.1515,0.6494,-0.2775,-0.987,-0.104,0.067,44,-6,149,155.47668635522177
506427,23391.0,115200,45,99366,0.1721,0.6411,-0.2987,-0.982,-0.086,0.079,44,-4,148,154.45387661046257
506524,23391.0,115200,45,99366,0.1896,0.635,-0.3128,-0.982,-0.088,0.086,44,-1,146,152.4893438899912
506640,23391.0,115200,45,99366,0.2055,0.6319,-0.3186,-0.984,-0.082,0.088,43,-1,145,151.24483462254173
506724,23401.0,112320,45,99363,0.2149,0.6304,-0.3206,-0.982,-0.079,0.089,44,-1,145,151.53217480126128
506834,23401.0,112320,45,99363,0.2174,0.6304,-0.3205,-0.982,-0.122,0.093,43,-1,144,150.28639326299637
506924,23401.0,112320,45,99364,0.2214,0.6293,-0.3245,-0.981,-0.115,0.09,43,0,145,151.24152868838638
507037,23401.0,112320,45,99366,0.23,0.6258,-0.3336,-0.979,-0.111,0.094,44,1,145,151.53217480126128
507124,23401.0,112320,45,99366,0.2434,0.6193,-0.3476,-0.984,-0.13,0.095,43,2,143,149.33854157584372
507234,23401.0,109440,45,99365,0.2614,0.6099,-0.3664,-0.983,-0.095,0.094,42,4,143,149.093930124603
507325,23401.0,109440,45,99366,0.2821,0.5988,-0.3871,-0.98,-0.077,0.096,43,6,140,146.57762448614045
507433,23401.0,106560,45,99367,0.3023,0.5868,-0.4077,-0.982,-0.063,0.095,40,7,138,143.85061696079026
507524,23401.0,106560,45,99367,0.3222,0.5741,-0.4278,-0.982,-0.077,0.105,41,8,137,143.22709240922262
507636,23391.0,106560,45,99366,0.3416,0.5608,-0.4475,-0.981,-0.053,0.101,42,10,134,140.78352176302454
507724,23401.0,106560,45,99366,0.3613,0.5471,-0.4662,-0.984,-0.036,0.1,41,12,132,138.74076545846214
507833,23401.0,106560,45,99366,0.3802,0.5326,-0.4847,-0.984,-0.045,0.108,39,13,130,136.3451502621197
507924,23401.0,106560,45,99366,0.3983,0.5174,-0.5031,-0.978,-0.031,0.103,40,12,127,133.6899397860587
508034,23391.0,109440,45,99362,0.416,0.5017,-0.5209,-0.982,-0.017,0.1,40,14,125,131.988635874457
508124,23391.0,109440,45,99367,0.4337,0.4855,-0.5376,-0.985,-0.029,0.109,39,15,122,128.9573572930215
508233,23391.0,109440,45,99367,0.4516,0.4688,-0.5532,-0.984,-0.009,0.102,40,14,119,126.3210196285638
508331,23391.0,112320,45,99365,0.4684,0.4516,-0.5688,-0.985,0.009,0.096,39,15,118,125.17987058628876
508425,23401.0,112320,45,99367,0.4854,0.4339,-0.5831,-0.986,0.001,0.101,37,16,116,122.804723036209
508530,23401.0,115200,45,99367,0.5024,0.4159,-0.5963,-0.983,0.011,0.095,39,15,113,120.47821379818012
508634,23401.0,115200,45,99364,0.5181,0.3973,-0.6095,-0.984,0.017,0.092,36,14,111,117.52871989433052
508728,23391.0,115200,45,99367,0.5334,0.3784,-0.6219,-0.986,0.04,0.091,37,15,108,115.14338886796756
508835,23391.0,115200,45,99367,0.5481,0.3591,-0.6336,-0.983,-0.009,0.088,37,14,106,113.14150432091664
508929,23401.0,112320,45,99365,0.5616,0.3394,-0.6451,-0.986,0.027,0.082,36,14,103,110.00454536063498
509033,23401.0,109440,45,99364,0.5751,0.3193,-0.6554,-0.988,0.058,0.074,36,13,102,108.94494022211404
509128,23391.0,109440,45,99368,0.5879,0.2989,-0.665,-0.984,0.015,0.072,37,12,101,108.23123393919153
509234,23391.0,115200,45,99368,0.5989,0.2781,-0.675,-0.989,0.057,0.065,36,11,97,104.04806581575652
509330,23391.0,118080,45,99366,0.6097,0.2571,-0.6837,-0.992,0.079,0.06,36,10,96,103.01456207740728
509444,23391.0,118080,45,99365,0.6207,0.2358,-0.6909,-0.984,0.019,0.054,35,9,93,99.77474630386187
509528,23391.0,120960,45,99365,0.6303,0.2143,-0.6981,-0.989,0.056,0.048,35,8,92,98.75727821279808
509634,23401.0,123840,45,99364,0.6392,0.1925,-0.7044,-0.992,0.092,0.038,36,7,90,97.18538984847466
509730,23401.0,126720,45,99365,0.6474,0.1705,-0.71,-0.986,0.041,0.03,35,5,91,97.62684057163789
509825,23401.0,129600,45,99365,0.655,0.1483,-0.7148,-0.991,0.073,0.023,34,5,87,93.54143466934852
509928,23401.0,129600,45,99364,0.6611,0.1261,-0.7193,-0.992,0.103,0.02,34,2,87,93.42911751697112
510025,23401.0,129600,45,99368,0.6665,0.1038,-0.7232,-0.99,0.034,0.012,33,0,84,90.24965373894794
510129,23401.0,132480,45,99367,0.6718,0.0812,-0.7256,-0.992,0.074,0.004,35,-2,85,91.94563611178074
510224,23401.0,132480,45,99367,0.6764,0.0585,-0.7272,-0.992,0.106,-0.005,32,-3,82,88.07383266328314
510328,23401.0,132480,45,99367,0.6804,0.0358,-0.7278,-0.992,0.049,-0.013,34,-5,84,90.75791976461338
510463,23391.0,132480,45,99368,0.6836,0.0129,-0.7278,-0.991,0.085,-0.024,32,-7,81,87.37276463521113
510532,23391.0,129600,45,99368,0.686,-0.0098,-0.7269,-0.994,0.111,-0.028,33,-10,82,88.95504482602435
510626,23401.0,126720,45,99369,0.687,-0.0323,-0.7259,-0.992,0.049,-0.032,32,-11,80,86.86195945291587
510724,23391.0,120960,45,99364,-0.688,0.0553,0.7233,-0.994,0.069,-0.043,32,-14,82,89.12911982062877
510825,23391.0,118080,45,99364,-0.6893,0.0782,0.719,-0.994,0.097,-0.05,33,-14,80,87.66413177577246
510924,23391.0,115200,45,99369,-0.6889,0.1008,0.7148,-0.995,0.042,-0.056,33,-18,80,88.3911760301898
511024,23391.0,106560,45,99364,-0.6876,0.1234,0.7098,-0.994,0.072,-0.068,32,-20,81,89.35882720806042
511124,23401.0,100800,45,99367,-0.6865,0.146,0.7032,-0.995,0.09,-0.075,33,-22,81,90.18869108707588
511232,23401.0,95040,45,99367,-0.683,0.1677,0.6975,-0.997,0.032,-0.074,31,-23,81,89.72736483370053
511324,23401.0,89280,45,99368,-0.6795,0.1897,0.6901,-0.995,0.05,-0.083,31,-26,82,91.43850392476902
511424,23391.0,80640,45,99362,-0.6753,0.2113,0.6821,-0.999,0.064,-0.089,33,-27,82,92.42294087508792
511529,23391.0,74880,45,99362,-0.6712,0.2331,0.6723,-0.996,0.041,-0.097,32,-29,84,94.451045520947
511625,23401.0,69120,45,99367,-0.6682,0.2552,0.66,-0.998,0.034,-0.102,33,-30,85,95.98958276813168
511728,23401.0,63360,45,99366,-0.6643,0.277,0.6471,-0.996,0.046,-0.107,32,-33,87,98.39715443040006
511834,23391.0,57600,45,99361,-0.6574,0.2974,0.6359,-0.997,0.023,-0.111,32,-34,86,97.85703858180054
511934,23391.0,54720,45,99361,-0.6489,0.317,0.6248,-0.999,0.015,-0.114,33,-37,89,101.87737727287644
512024,23391.0,46080,45,99364,-0.6423,0.3376,0.6104,-1.002,0.029,-0.118,33,-37,89,101.87737727287644
512128,23411.0,43200,45,99368,-0.633,0.3567,0.5973,-0.999,-0.003,-0.119,33,-39,91,104.3599540053559
512233,23411.0,40320,45,99368,-0.6232,0.3745,0.5847,-0.998,0.017,-0.13,33,-41,93,106.85972113008718
512329,23401.0,40320,45,99368,-0.6178,0.3914,0.5719,-0.998,0.004,-0.123,33,-42,95,108.98623766329398
512434,23401.0,40320,45,99366,-0.6146,0.4041,0.5622,-0.997,0.0,-0.122,35,-41,95,109.2291169972549
512529,23401.0,40320,45,99366,-0.613,0.4114,0.5567,-0.999,0.012,-0.123,33,-43,97,111.11705539655016
512630,23391.0,40320,45,99367,-0.6136,0.4137,0.5546,-0.997,-0.011,-0.122,33,-44,96,110.6390527797486
512731,23391.0,40320,45,99368,-0.6148,0.4144,0.5532,-0.997,-0.009,-0.121,33,-41,96,109.48059188732952
512829,23401.0,40320,45,99367,-0.6157,0.4149,0.5523,-0.997,-0.011,-0.121,33,-43,97,111.11705539655016
512929,23401.0,40320,45,99367,-0.6164,0.4152,0.5515,-0.995,-0.01,-0.122,34,-44,97,111.80787092150534
513031,23401.0,40320,45,99368,-0.617,0.4156,0.5508,-0.996,-0.01,-0.122,33,-43,96,110.2451813005902
513128,23401.0,40320,45,99367,-0.6175,0.4158,0.5503,-0.997,-0.01,-0.124,33,-42,97,110.73391531053169
513230,23401.0,40320,45,99367,-0.6178,0.416,0.5499,-0.997,-0.009,-0.124,32,-43,97,110.82418508610834
513332,23401.0,40320,45,99367,-0.6182,0.4162,0.5496,-0.999,-0.012,-0.122,33,-43,97,111.11705539655016
513431,23401.0,40320,45,99367,-0.6184,0.4163,0.5493,-0.998,-0.01,-0.122,33,-43,97,111.11705539655016
513530,23401.0,40320,45,99367,-0.6186,0.4164,0.549,-0.998,-0.013,-0.123,33,-42,96,109.85900054160332
513624,23401.0,40320,45,99367,-0.6188,0.4165,0.5489,-0.943,-0.004,-0.162,34,-43,96,110.5486318323298
513724,23391.0,40320,45,99368,-0.6236,0.4127,0.5489,-0.995,-0.004,-0.153,33,-42,96,109.85900054160332
513824,23391.0,40320,45,99364,-0.6297,0.4028,0.5546,-1.011,0.017,-0.125,35,-41,96,110.09995458672996
513926,23391.0,40320,45,99364,-0.6383,0.3893,0.5627,-1.001,0.0,-0.129,32,-42,91,105.20931517693668
514029,23391.0,40320,45,99367,-0.6491,0.3713,0.5738,-0.995,0.026,-0.127,34,-39,91,104.68046618161384
514122,23391.0,40320,45,99366,-0.6603,0.3502,0.5863,-1.011,-0.007,-0.12,34,-38,90,103.440804327886
514222,23391.0,40320,45,99366,-0.6709,0.3295,0.5975,-1.001,-0.026,-0.119,34,-36,88,100.9752444909147
514325,23401.0,46080,45,99367,-0.6807,0.3083,0.6082,-0.995,-0.06,-0.126,34,-33,85,97.3139250056229
514458,23401.0,51840,45,99365,-0.6897,0.2869,0.6183,-0.993,-0.023,-0.118,33,-31,86,97.19053451854248
514526,23401.0,54720,45,99365,-0.6979,0.265,0.6275,-0.996,-0.009,-0.124,34,-28,85,95.73400649716902
514628,23391.0,60480,45,99366,-0.7051,0.2436,0.636,-0.995,-0.05,-0.127,34,-27,83,93.66963221877197
514735,23401.0,63360,45,99368,-0.7118,0.222,0.6435,-0.988,-0.004,-0.12,34,-23,81,90.80748867797192
514832,23401.0,66240,45,99367,-0.7177,0.1998,0.6502,-1.002,-0.007,-0.119,34,-23,82,91.700599779936
514924,23401.0,72000,45,99367,-0.7226,0.1775,0.6563,-1.004,-0.028,-0.105,34,-20,81,90.09439494219384
515024,23401.0,77760,45,99367,-0.7269,0.1554,0.6614,-1.005,0.007,-0.126,34,-18,81,89.67162315916892
515124,23401.0,77760,45,99366,-0.7304,0.1332,0.6656,-0.996,0.005,-0.132,34,-15,80,88.20997676000147
515225,23401.0,83520,45,99366,-0.733,0.1107,0.6692,-1.004,-0.015,-0.121,34,-13,80,87.89197915623473
515326,23401.0,86400,45,99370,-0.7349,0.0884,0.6719,-0.995,0.02,-0.128,34,-11,81,88.53247991556545
515425,23401.0,89280,45,99367,-0.736,0.0664,0.6737,-0.997,0.007,-0.122,36,-9,81,89.09545442950498
515525,23391.0,89280,45,99368,0.7362,-0.0443,-0.6749,-0.983,-0.008,-0.129,33,-6,80,86.74675786448736
515625,23391.0,92160,45,99368,0.7356,-0.0216,-0.6754,-0.995,0.036,-0.127,35,-4,84,91.08786966440702
515724,23401.0,92160,45,99365,0.7342,0.0002,-0.675,-1.007,0.021,-0.108,35,-3,83,90.12768719988324
515824,23401.0,95040,45,99368,0.7319,0.022,-0.6739,-1.004,0.021,-0.127,37,-1,84,91.79324593890335
515929,23401.0,95040,45,99368,0.7294,0.0446,-0.6716,-0.986,0.041,-0.112,36,2,84,91.41115905621152
516037,23401.0,92160,45,99368,0.7257,0.0663,-0.669,-1.004,0.04,-0.133,36,3,88,95.1262319236918
516129,23401.0,92160,45,99370,0.7209,0.0876,-0.6658,-0.992,0.011,-0.098,37,5,87,94.67312184564318
516234,23401.0,92160,45,99370,0.7154,0.1086,-0.6619,-0.991,0.067,-0.115,38,7,90,97.94386147176353
516329,23391.0,89280,45,99365,0.709,0.1295,-0.6573,-0.988,0.048,-0.107,38,9,90,98.10708435174293
516434,23401.0,89280,45,99367,0.7021,0.1504,-0.6519,-1.007,0.044,-0.095,37,10,94,101.51354589413178
516529,23411.0,86400,45,99367,0.6943,0.1708,-0.6458,-0.994,0.087,-0.102,37,10,94,101.51354589413178
516634,23411.0,86400,45,99367,0.6856,0.1906,-0.6393,-0.986,0.066,-0.096,38,12,94,102.09799214480176
516729,23401.0,83520,45,99370,0.6761,0.2105,-0.6323,-0.999,0.049,-0.094,38,13,97,104.98571331376476
516837,23401.0,83520,45,99372,0.6659,0.2304,-0.6243,-0.998,0.104,-0.078,38,14,98,106.03772913449252
516929,23401.0,83520,45,99372,0.655,0.2496,-0.6158,-1.003,0.08,-0.075,39,15,100,108.3789647487002
517034,23401.0,86400,45,99370,0.6434,0.2683,-0.6068,-0.988,0.067,-0.055,39,16,103,111.2924076476019
517129,23401.0,86400,45,99369,0.6311,0.287,-0.5971,-1.004,0.024,-0.061,41,17,106,114.91736161259531
517234,23401.0,89280,45,99369,0.6181,0.3053,-0.5868,-0.989,0.128,-0.065,40,17,107,115.49025932952097
517329,23401.0,89280,45,99368,0.6044,0.3234,-0.5759,-1.001,0.109,-0.051,42,19,110,119.26860441876563
517436,23401.0,92160,45,99371,0.5902,0.3409,-0.5644,-0.978,0.061,-0.047,42,20,111,120.3536455617361
517529,23401.0,92160,45,99367,0.5752,0.3585,-0.5524,-1.009,0.115,-0.033,43,20,115,124.39453364195712
517636,23401.0,95040,45,99367,0.5597,0.3754,-0.5397,-0.991,0.102,-0.036,41,20,117,125.57866060760485
517729,23401.0,95040,45,99367,0.5436,0.3919,-0.5265,-0.995,0.033,-0.007,44,19,121,130.14607178090316
517835,23401.0,97920,45,99369,0.5269,0.4078,-0.5131,-0.995,0.124,-0.013,42,20,123,131.50285168010618
517929,23401.0,97920,45,99369,0.5096,0.4237,-0.4991,-1.005,0.103,-0.008,44,18,127,135.60604706280617
518034,23401.0,97920,45,99368,0.4915,0.4391,-0.4844,-0.991,0.046,-0.001,43,20,128,136.50274722510167
518133,23391.0,97920,45,99368,0.473,0.4538,-0.4695,-0.989,0.106,0.002,44,18,132,140.29967925836468
518237,23391.0,100800,45,99368,0.4542,0.4684,-0.454,-1.002,0.074,0.013,44,18,133,141.24092891226678
518325,23401.0,100800,45,99367,0.4347,0.4824,-0.4382,-0.985,0.04,0.025,46,17,137,145.5128860273206
518424,23401.0,103680,45,99368,0.4146,0.496,-0.4218,-1.004,0.093,0.029,45,18,140,148.15194902531658
518529,23401.0,103680,45,99371,0.3942,0.5091,-0.4051,-0.976,0.052,0.024,47,14,143,151.17539482336403
518635,23401.0,106560,45,99371,0.3733,0.5219,-0.3882,-1.0,0.021,0.04,46,14,144,151.81567771478674
518725,23401.0,106560,45,99373,0.3519,0.5341,-0.371,-0.98,0.084,0.034,48,13,149,157.07959765672945
518833,23391.0,106560,45,99371,0.3302,0.5456,-0.3534,-0.99,0.048,0.044,46,10,150,157.21323099535866
518931,23391.0,106560,45,99371,0.308,0.5569,-0.3354,-0.968,-0.007,0.046,49,9,153,160.90680532531866
519037,23401.0,106560,45,99368,0.2857,0.5678,-0.3171,-1.003,0.078,0.054,48,6,154,161.4187101918486
519133,23391.0,106560,45,99373,0.2627,0.5778,-0.2985,-0.979,0.02,0.047,50,5,158,165.79806995257815
519237,23401.0,106560,45,99369,0.2396,0.5874,-0.2796,-0.994,-0.039,0.06,49,2,159,166.3911055315157
519329,23401.0,106560,45,99369,0.2164,0.5967,-0.2603,-0.991,0.041,0.054,49,0,162,169.24833824885843
519425,23401.0,106560,45,99373,0.1931,0.6055,-0.2407,-1.002,-0.023,0.06,50,-3,164,171.4788616710526
519525,23391.0,106560,45,99371,0.1694,0.6135,-0.2208,-0.981,-0.036,0.06,51,-6,166,173.761330565808
519625,23391.0,103680,45,99371,0.1456,0.6212,-0.2006,-0.995,0.02,0.044,51,-9,166,173.89077031286047
519726,23391.0,97920,45,99373,0.1218,0.6284,-0.1803,-0.99,-0.018,0.046,52,-12,169,177.22584461641028
519825,23391.0,97920,45,99370,0.0978,0.6351,-0.1596,-0.995,-0.078,0.049,51,-15,168,176.21010186706096
519925,23391.0,97920,45,99370,0.0738,0.6409,-0.1389,-0.987,-0.049,0.034,52,-19,171,179.7386992275175
520024,23391.0,95040,45,99369,0.0496,0.6464,-0.1179,-1.0,-0.034,0.03,52,-23,171,180.20543831971332
520125,23381.0,95040,45,99364,0.0255,0.6515,-0.0968,-0.991,-0.064,0.017,53,-26,172,181.8488383245821
520224,23391.0,92160,45,99372,0.0014,0.6559,-0.0756,-0.999,-0.073,0.041,52,-30,172,182.17573932881405
520325,23391.0,92160,45,99372,-0.022,0.6596,-0.055,-0.991,-0.077,0.015,53,-33,173,183.92117876960228
520425,23401.0,92160,45,99372,-0.0388,0.6679,-0.0375,-0.991,-0.112,0.013,55,-37,172,184.331223616619
520529,23391.0,89280,45,99375,-0.0503,0.677,-0.0252,-1.001,-0.087,0.002,54,-39,173,185.38068939347485
520625,23391.0,89280,45,99375,-0.0573,0.6826,-0.0198,-1.034,-0.11,0.004,55,-42,173,186.32766836946143
520725,23391.0,89280,45,99369,-0.0589,0.6847,-0.0195,-0.984,-0.118,-0.019,53,-41,173,185.52358340653083
520825,23401.0,89280,45,99371,-0.0586,0.6842,-0.0197,-0.967,-0.061,0.012,53,-41,175,187.38996771438968
520929,23401.0,89280,45,99371,-0.0554,0.6904,-0.0158,-0.949,-0.077,-0.03,52,-41,173,185.2403843658288
521035,23391.0,86400,45,99377,-0.0503,0.6984,-0.0103,-0.971,-0.065,-0.002,53,-42,174,186.67886864881092
521127,23401.0,86400,45,99371,-0.0452,0.704,-0.0051,-1.016,-0.085,0.004,53,-42,175,187.61130029931567
521238,23391.0,86400,45,99372,-0.0416,0.707,-0.0017,-1.023,-0.063,0.003,51,-43,176,188.2179587605816
521329,23391.0,83520,45,99372,-0.0393,0.7083,0.0005,-1.038,-0.063,-0.012,50,-44,177,189.1163662933486
521444,23391.0,80640,45,99373,-0.0388,0.7083,0.0011,-1.022,-0.053,-0.016,50,-44,177,189.1163662933486
521524,23391.0,80640,45,99368,-0.0381,0.7077,0.0005,-1.012,-0.01,0.002,51,-44,179,191.25375813301028
521627,23391.0,80640,45,99368,-0.0379,0.7081,0.0007,-0.994,-0.044,-0.029,50,-44,177,189.1163662933486
521807,23391.0,80640,45,99371,-0.0376,0.709,0.0011,-0.991,-0.039,-0.009,55,-40,179,191.48368076679537
521833,23391.0,80640,45,99373,-0.0373,0.7094,0.0013,-0.995,-0.051,-0.026,55,-41,178,190.76163136228416
521929,23391.0,80640,45,99373,-0.0371,0.7097,0.0016,-0.999,-0.045,-0.026,57,-40,176,189.274932307477
522031,23401.0,80640,45,99373,-0.037,0.7101,0.0017,-1.001,-0.04,-0.016,58,-39,176,189.3700081850344
522129,23391.0,80640,45,99375,-0.0368,0.7103,0.0019,-0.997,-0.045,-0.024,59,-38,176,189.47559209565753
522225,23391.0,80640,45,99374,-0.0367,0.7105,0.0021,-0.997,-0.046,-0.023,61,-39,174,188.46219780104445
522329,23391.0,80640,45,99374,-0.0366,0.7107,0.0022,-0.998,-0.043,-0.019,61,-39,173,187.53932920856897
522447,23391.0,80640,45,99373,-0.0365,0.7109,0.0023,-0.999,-0.043,-0.023,63,-40,172,187.49133313302775
522529,23391.0,80640,45,99371,-0.0364,0.7111,0.0024,-0.997,-0.043,-0.022,62,-41,171,186.45642922677672
522626,23391.0,80640,45,99371,-0.0363,0.7112,0.0025,-0.996,-0.044,-0.021,63,-43,171,187.24048707477772
522725,23391.0,80640,45,99371,-0.0362,0.7113,0.0025,-0.999,-0.043,-0.019,63,-44,171,187.47266467407988
522825,23391.0,80640,45,99373,-0.0362,0.7114,0.0026,-0.997,-0.041,-0.018,63,-47,171,188.1993623793662
522924,23391.0,80640,45,99371,-0.0362,0.7114,0.0026,-0.997,-0.043,-0.02,62,-48,173,189.93946404052
523027,23391.0,80640,45,99371,-0.0362,0.7114,0.0026,-0.997,-0.044,-0.02,63,-51,173,191.04711460788937
523128,23381.0,80640,45,99369,-0.0362,0.7114,0.0026,-0.998,-0.043,-0.02,62,-52,174,191.89580506097573
523231,23391.0,80640,45,99373,-0.0362,0.7114,0.0026,-0.999,-0.046,-0.022,61,-54,176,193.940712590214
523367,23391.0,80640,45,99373,-0.0362,0.7114,0.0026,-0.995,-0.042,-0.025,62,-55,177,195.44308634484875
523427,23381.0,80640,45,99369,-0.0362,0.7114,0.0026,-0.997,-0.044,-0.021,62,-56,179,197.5373382426725
523525,23391.0,80640,45,99375,-0.0362,0.7114,0.0026,-0.996,-0.045,-0.021,62,-57,179,197.82315334661916
523625,23391.0,80640,45,99375,-0.0362,0.7114,0.0026,-0.998,-0.042,-0.021,63,-56,181,199.66471896657157
523725,23401.0,80640,45,99370,-0.0362,0.7114,0.0026,-0.997,-0.043,-0.024,63,-55,180,198.47921805569467
523825,23391.0,80640,45,99370,-0.0362,0.7114,0.0026,-0.998,-0.041,-0.021,64,-55,179,197.89391097252084
523925,23391.0,80640,45,99374,-0.0362,0.7114,0.0026,-0.998,-0.044,-0.021,64,-56,179,198.1741658239035
524027,23391.0,80640,45,99374,-0.0362,0.7114,0.0026,-0.997,-0.045,-0.02,64,-55,179,197.89391097252084
524125,23391.0,80640,45,99373,-0.0362,0.7114,0.0026,-0.996,-0.044,-0.023,65,-54,176,195.23575492209412
524225,23391.0,80640,45,99369,-0.0362,0.7114,0.0026,-0.997,-0.043,-0.021,65,-54,175,194.3347627162984
524425,23391.0,80640,45,99369,-0.0362,0.7114,0.0026,-0.998,-0.042,-0.019,62,-52,171,189.17980864775183
524525,23401.0,80640,45,99375,-0.0362,0.7114,0.0026,-0.995,-0.043,-0.024,64,-53,169,188.3241885685426
524627,23401.0,80640,45,99375,-0.0362,0.7114,0.0026,-0.997,-0.041,-0.021,62,-54,167,186.14241859393576
524725,23401.0,80640,45,99373,-0.0362,0.7114,0.0026,-0.998,-0.044,-0.021,61,-55,166,185.2079911882854
524825,23391.0,80640,45,99373,-0.0362,0.7114,0.0026,-0.996,-0.044,-0.02,57,-56,165,183.3303030052588
524927,23391.0,80640,45,99371,-0.0362,0.7114,0.0026,-0.997,-0.043,-0.022,57,-56,165,183.3303030052588
525025,23391.0,80640,45,99371,-0.0362,0.7114,0.0026,-0.997,-0.044,-0.023,54,-58,164,182.14280112043957
525125,23401.0,80640,45,99371,-0.0362,0.7114,0.0026,-1.001,-0.044,-0.02,52,-59,164,181.8818297686715
525225,23391.0,80640,45,99373,-0.0362,0.7114,0.0026,-0.995,-0.04,-0.021,50,-59,166,183.13110058097723
525337,23391.0,80640,45,99373,-0.0362,0.7114,0.0026,-0.997,-0.046,-0.023,47,-61,166,182.99180309511135
525425,23391.0,80640,45,99373,-0.0362,0.7114,0.0026,-0.997,-0.041,-0.023,47,-61,169,185.71752744423452
525525,23401.0,80640,45,99375,-0.0362,0.7114,0.0026,-0.994,-0.045,-0.023,44,-60,170,185.5693940282179
525624,23401.0,80640,45,99371,-0.0362,0.7114,0.0026,-0.997,-0.042,-0.019,59,-54,169,186.97058592195725
525725,23401.0,80640,45,99371,-0.0362,0.7114,0.0026,-0.995,-0.042,-0.021,52,-41,178,189.918403531622
525825,23391.0,80640,45,99370,-0.0362,0.7114,0.0026,-0.997,-0.044,-0.021,61,-40,173,187.7498335551859
525925,23391.0,80640,45,99373,-0.0358,0.7113,0.0022,-1.03,-0.061,-0.012,62,-43,173,188.73791352030997
526027,23391.0,80640,45,99373,-0.0328,0.7094,0.0021,-1.049,-0.043,0.008,61,-43,171,186.57706182701023
526125,23401.0,83520,45,99367,-0.0301,0.706,0.0069,-1.051,-0.074,0.002,63,-43,172,188.15419208723463
526225,23401.0,86400,45,99369,-0.0246,0.7011,0.0146,-1.055,-0.078,-0.074,64,-44,171,187.81107528577755
526328,23401.0,86400,45,99369,-0.0169,0.6953,0.0181,-1.025,0.023,-0.03,63,-46,166,183.41483037093812
526429,23401.0,89280,45,99370,-0.0111,0.6888,0.0188,-1.037,0.021,0.039,65,-45,164,182.0604295282201
526525,23391.0,92160,45,99371,-0.0083,0.6822,0.0176,-1.014,0.048,0.024,66,-44,160,178.58331389018403
526625,23401.0,95040,45,99368,-0.0079,0.6755,0.0135,-1.026,0.054,0.094,68,-46,158,178.05617091243988
526725,23401.0,97920,45,99368,-0.0104,0.6691,0.0071,-1.01,0.026,0.064,67,-43,156,175.13994404475525
526825,23401.0,103680,45,99368,-0.0158,0.6632,-0.0018,-0.999,0.032,0.061,67,-41,151,170.2086954300514
526925,23401.0,106560,45,99368,-0.0232,0.6581,-0.013,-0.96,-0.018,0.101,66,-38,148,166.44518617250546
527025,23401.0,112320,45,99368,-0.0304,0.655,-0.0248,-0.918,-0.023,0.123,66,-35,146,164.00304875214974
527127,23401.0,115200,45,99368,-0.0358,0.6543,-0.0362,-0.92,-0.054,0.125,66,-33,142,160.0281225285106
527224,23401.0,118080,45,99368,-0.0392,0.6559,-0.0473,-0.961,-0.097,0.112,67,-30,142,159.8530575247155
527326,23401.0,120960,45,99368,-0.0402,0.6594,-0.0578,-0.928,-0.097,0.114,65,-29,143,159.73415414368964
527430,23391.0,120960,45,99360,-0.0387,0.6648,-0.0675,-0.958,-0.167,0.101,62,-27,142,157.2800050864699
527533,23401.0,120960,45,99367,-0.0346,0.6714,-0.0763,-0.925,-0.119,0.136,63,-25,143,158.24980252752292
527634,23411.0,120960,45,99369,-0.0305,0.6791,-0.0818,-0.974,-0.147,0.096,63,-25,144,159.15401345866212
527725,23411.0,120960,45,99369,-0.0285,0.6864,-0.0869,-0.9,-0.125,0.085,58,-25,144,157.24185193516388
527838,23391.0,118080,45,99370,-0.0253,0.6902,-0.0914,-0.927,-0.155,0.058,59,-24,146,159.2890454488318
527926,23401.0,120960,45,99364,-0.0234,0.6905,-0.093,-0.989,-0.12,0.051,59,-23,147,160.0593639872407
528033,23401.0,118080,45,99364,-0.0232,0.6909,-0.0928,-0.973,-0.152,0.026,59,-23,147,160.0593639872407
528129,23401.0,118080,45,99366,-0.0227,0.6913,-0.0923,-0.988,-0.144,0.032,58,-23,147,159.6934563468397
528231,23401.0,120960,45,99368,-0.0222,0.692,-0.0917,-0.978,-0.148,0.04,59,-23,147,160.0593639872407
528329,23401.0,118080,45,99368,-0.0219,0.6926,-0.0913,-0.989,-0.146,0.029,59,-24,147,160.20611723651504
528430,23401.0,120960,45,99369,-0.0216,0.6928,-0.091,-0.985,-0.152,0.028,58,-23,147,159.6934563468397
528532,23391.0,118080,45,99371,-0.0213,0.6932,-0.0906,-0.985,-0.147,0.033,58,-24,147,159.84054554461454
528633,23391.0,120960,45,99367,-0.0211,0.6934,-0.0905,-0.988,-0.15,0.028,58,-23,146,158.7734234687909
528729,23391.0,120960,45,99367,-0.021,0.6936,-0.0903,-0.983,-0.15,0.033,58,-23,147,159.6934563468397
528833,23391.0,120960,45,99365,-0.0208,0.6937,-0.0901,-0.987,-0.148,0.031,58,-23,147,159.6934563468397
528925,23391.0,120960,45,99368,-0.0207,0.6939,-0.09,-0.986,-0.149,0.025,58,-23,147,159.6934563468397
529030,23391.0,120960,45,99368,-0.0206,0.694,-0.0899,-0.983,-0.149,0.031,58,-23,147,159.6934563468397
529130,23391.0,118080,45,99370,-0.0205,0.6941,-0.0897,-0.985,-0.147,0.03,59,-24,146,159.2890454488318
529225,23391.0,118080,45,99361,-0.0204,0.6942,-0.0897,-0.987,-0.147,0.028,58,-24,147,159.84054554461454
529329,23401.0,120960,45,99370,-0.0204,0.6942,-0.0897,-0.984,-0.15,0.031,59,-23,148,160.97825940169685
529426,23401.0,120960,45,99370,-0.0204,0.6942,-0.0897,-0.987,-0.147,0.031,59,-25,147,160.3589723090043
529525,23391.0,118080,45,99366,-0.0204,0.6942,-0.0897,-0.986,-0.147,0.03,58,-23,147,159.6934563468397
529627,23401.0,120960,45,99367,-0.0204,0.6942,-0.0897,-0.983,-0.148,0.031,58,-23,147,159.6934563468397
529728,23401.0,120960,45,99367,-0.0204,0.6942,-0.0897,-0.986,-0.149,0.028,59,-23,146,159.14144651849813
529825,23391.0,120960,45,99365,-0.0204,0.6942,-0.0897,-0.985,-0.149,0.03,59,-24,147,160.20611723651504
529925,23391.0,120960,45,99366,-0.0204,0.6942,-0.0897,-0.982,-0.15,0.029,58,-23,145,157.85436325930303
530025,23391.0,120960,45,99366,-0.0204,0.6942,-0.0897,-0.987,-0.148,0.028,59,-23,147,160.0593639872407
530125,23391.0,120960,45,99367,-0.0204,0.6942,-0.0897,-0.985,-0.15,0.03,59,-23,147,160.0593639872407
530225,23401.0,118080,45,99367,-0.0204,0.6942,-0.0897,-0.985,-0.148,0.032,59,-22,146,159.0
530328,23401.0,120960,45,99369,-0.0204,0.6942,-0.0897,-0.987,-0.148,0.027,59,-23,147,160.0593639872407
530428,23401.0,120960,45,99369,-0.0204,0.6942,-0.0897,-0.984,-0.149,0.029,58,-23,147,159.6934563468397
530526,23391.0,120960,45,99370,-0.0204,0.6942,-0.0897,-0.983,-0.149,0.03,59,-24,147,160.20611723651504
530625,23381.0,120960,45,99365,-0.0204,0.6942,-0.0897,-0.986,-0.148,0.031,59,-24,147,160.20611723651504
530725,23381.0,118080,45,99365,-0.0204,0.6942,-0.0897,-0.985,-0.149,0.03,58,-23,147,159.6934563468397
530825,23391.0,118080,45,99366,-0.0204,0.6942,-0.0897,-0.984,-0.149,0.032,58,-23,147,159.6934563468397
530925,23391.0,120960,45,99373,-0.0204,0.6942,-0.0897,-0.985,-0.148,0.031,58,-23,145,157.85436325930303
531028,23391.0,120960,45,99373,-0.0204,0.6942,-0.0897,-0.983,-0.148,0.03,59,-22,146,159.0
531125,23391.0,120960,45,99366,-0.0204,0.6942,-0.0897,-0.986,-0.149,0.03,59,-23,147,160.0593639872407
531225,23391.0,120960,45,99368,-0.0204,0.6942,-0.0897,-0.987,-0.149,0.029,58,-23,146,158.7734234687909
531325,23391.0,120960,45,99366,-0.0204,0.6942,-0.0897,-0.985,-0.151,0.033,58,-23,147,159.6934563468397
531426,23391.0,120960,45,99366,-0.0204,0.6942,-0.0897,-0.985,-0.149,0.03,58,-22,146,158.63164879682742
531530,23391.0,120960,45,99368,-0.0204,0.6942,-0.0897,-0.986,-0.149,0.029,59,-23,147,160.0593639872407
531630,23381.0,118080,45,99364,-0.0204,0.6942,-0.0897,-0.986,-0.15,0.031,59,-25,147,160.3589723090043
531729,23381.0,118080,45,99364,-0.0204,0.6942,-0.0897,-0.984,-0.147,0.031,59,-24,146,159.2890454488318
531832,23401.0,120960,45,99370,-0.0204,0.6942,-0.0897,-0.984,-0.148,0.029,58,-24,148,160.76069171286866
531925,23391.0,120960,45,99364,-0.0204,0.6942,-0.0897,-0.985,-0.15,0.031,58,-23,146,158.7734234687909
532028,23391.0,120960,45,99364,-0.0204,0.6942,-0.0897,-0.986,-0.149,0.032,60,-23,147,160.4306703844374
532125,23401.0,120960,45,99368,-0.0204,0.6942,-0.0897,-0.987,-0.151,0.03,58,-23,147,159.6934563468397
532225,23391.0,118080,45,99364,-0.0204,0.6942,-0.0897,-0.984,-0.15,0.032,58,-24,147,159.84054554461454
532326,23401.0,120960,45,99368,-0.0204,0.6942,-0.0897,-0.985,-0.149,0.03,59,-23,146,159.14144651849813
532425,23401.0,120960,45,99368,-0.0204,0.6942,-0.0897,-0.986,-0.149,0.029,58,-23,146,158.7734234687909
532525,23381.0,118080,45,99364,-0.0204,0.6942,-0.0897,-0.984,-0.148,0.03,59,-24,145,158.3729774930054
532625,23391.0,118080,45,99366,-0.0204,0.6942,-0.0897,-0.985,-0.147,0.031,59,-24,147,160.20611723651504
532728,23391.0,120960,45,99366,-0.0204,0.6942,-0.0897,-0.984,-0.148,0.029,59,-23,147,160.0593639872407
532825,23401.0,118080,45,99366,-0.0204,0.6942,-0.0897,-0.985,-0.149,0.029,58,-23,147,159.6934563468397
532926,23391.0,120960,45,99365,-0.0204,0.6942,-0.0897,-0.941,-0.109,0.048,58,-23,147,159.6934563468397
533027,23391.0,118080,45,99366,-0.0231,0.6913,-0.0878,-0.894,-0.141,0.066,60,-25,145,158.90248582070703
533125,23391.0,120960,45,99366,-0.0265,0.6859,-0.0831,-0.918,-0.132,0.077,58,-25,146,159.07545379473223
533225,23391.0,120960,45,99362,-0.0289,0.6777,-0.0776,-0.897,-0.123,0.085,62,-26,143,158.01582199260935
533326,23401.0,120960,45,99364,-0.0312,0.6702,-0.0714,-0.919,-0.087,0.138,62,-26,143,158.01582199260935
533425,23401.0,120960,45,99364,-0.0333,0.6641,-0.0621,-0.958,-0.126,0.122,61,-27,142,156.8884954354525
533525,23391.0,120960,45,99364,-0.034,0.6596,-0.0505,-0.905,-0.116,0.037,64,-28,142,158.2529620575868
533626,23381.0,120960,45,99364,-0.0321,0.657,-0.0388,-0.968,-0.071,0.097,66,-31,144,161.4094173212951
533725,23381.0,118080,45,99364,-0.0298,0.6563,-0.0276,-0.973,-0.07,0.119,64,-33,144,161.0
533825,23391.0,118080,45,99365,-0.0276,0.6568,-0.0179,-0.989,-0.064,0.106,66,-34,147,164.68454693747074
533925,23391.0,115200,45,99370,-0.0255,0.659,-0.0094,-1.017,-0.07,0.104,66,-38,147,165.55663683464942
534026,23401.0,112320,45,99368,-0.0242,0.6627,-0.0022,-0.99,-0.052,0.088,68,-39,150,169.24833824885843
534126,23401.0,106560,45,99368,-0.0237,0.6681,0.0038,-1.0,0.037,0.105,69,-40,152,171.65372119473554
534225,23391.0,103680,45,99373,-0.0241,0.6748,0.0086,-1.038,-0.029,0.041,68,-43,154,173.7498201437918
534325,23401.0,97920,45,99370,-0.0268,0.6818,0.0109,-1.025,-0.013,0.043,69,-43,159,178.58051405458548
534425,23401.0,95040,45,99370,-0.0325,0.6887,0.0104,-1.041,-0.078,-0.027,69,-44,161,180.6045403637461
534526,23391.0,92160,45,99373,-0.0377,0.695,0.0047,-1.046,-0.057,0.05,66,-44,164,182.17573932881405
534625,23391.0,92160,45,99371,-0.0413,0.6993,-0.0028,-1.047,-0.098,0.0,66,-41,166,183.28393273825176
534727,23391.0,89280,45,99371,-0.0447,0.702,-0.0074,-1.04,-0.097,0.012,65,-42,167,184.05977290000115
534835,23391.0,89280,45,99369,-0.0493,0.7031,-0.0093,-1.026,-0.108,0.016,65,-41,167,183.83416439824236
534925,23391.0,89280,45,99369,-0.0499,0.703,-0.01,-0.975,-0.105,0.022,64,-40,169,185.0864662799525
535036,23391.0,89280,45,99371,-0.0496,0.7025,-0.0098,-0.967,-0.081,-0.004,65,-40,167,183.61372497719228
535134,23391.0,89280,45,99371,-0.0479,0.7037,-0.0078,-0.963,-0.064,-0.01,64,-41,168,184.39360075664231
535237,23391.0,86400,45,99370,-0.0448,0.7069,-0.0047,-0.967,-0.06,-0.026,64,-41,170,186.21761463406193
535328,23391.0,86400,45,99373,-0.0405,0.7106,-0.0006,-1.055,-0.06,-0.001,64,-42,170,186.44033898274267
535438,23391.0,86400,45,99373,-0.0377,0.7126,0.002,-1.033,-0.056,-0.016,62,-43,171,186.9063936841113
535527,23401.0,83520,45,99368,-0.0362,0.713,0.0035,-1.038,-0.061,-0.017,63,-45,172,188.62131374794313
535625,23391.0,83520,45,99370,-0.0361,0.7123,0.0034,-1.007,-0.034,-0.071,61,-44,172,187.725863961256
535727,23391.0,80640,45,99370,-0.0355,0.712,0.0029,-1.002,-0.054,-0.004,62,-44,172,188.05318396666408
535828,23391.0,80640,45,99370,-0.0355,0.7121,0.0029,-1.003,-0.044,-0.014,46,-60,166,182.40614024752568
535934,23391.0,80640,45,99366,-0.0355,0.7121,0.0029,-0.998,-0.045,-0.021,46,-62,167,183.98097727754356
536032,23391.0,80640,45,99370,-0.0355,0.7122,0.0029,-0.994,-0.042,-0.015,47,-62,167,184.23354743368537
536134,23391.0,80640,45,99370,-0.0355,0.7123,0.0029,-0.995,-0.044,-0.02,49,-62,167,184.75389035146188
536235,23391.0,80640,45,99368,-0.0355,0.7123,0.0029,-0.996,-0.044,-0.023,50,-61,168,185.59364213248256
536331,23391.0,80640,45,99373,-0.0354,0.7124,0.003,-0.997,-0.043,-0.019,52,-59,171,188.2179587605816
536446,23391.0,80640,45,99373,-0.0354,0.7124,0.003,-0.997,-0.044,-0.019,54,-59,170,187.87495841649573
536526,23391.0,80640,45,99369,-0.0354,0.7124,0.003,-0.997,-0.045,-0.019,55,-58,172,189.66549501688493
536626,23391.0,80640,45,99373,-0.0354,0.7124,0.003,-0.998,-0.043,-0.021,58,-57,174,192.06509313251067
536725,23391.0,80640,45,99367,-0.0354,0.7124,0.003,-1.001,-0.042,-0.019,58,-55,175,192.39022844209111
536826,23391.0,80640,45,99367,-0.0354,0.7124,0.003,-0.997,-0.044,-0.023,59,-55,176,193.60268593178145
536926,23391.0,80640,45,99366,-0.0354,0.7124,0.003,-0.997,-0.044,-0.02,62,-53,177,194.88971240165552
537025,23381.0,80640,45,99373,-0.0354,0.7124,0.003,-0.998,-0.044,-0.025,63,-53,177,195.2101431790879
537128,23381.0,83520,45,99373,-0.0354,0.7124,0.003,-0.998,-0.041,-0.022,64,-53,179,197.34740940787648
537226,23381.0,80640,45,99368,-0.0354,0.7124,0.003,-0.997,-0.045,-0.018,64,-53,178,196.44083078627008
537326,23381.0,83520,45,99371,-0.0354,0.7124,0.003,-0.997,-0.043,-0.022,64,-52,178,196.17339269126177
537428,23381.0,80640,45,99371,-0.0354,0.7124,0.003,-0.997,-0.043,-0.022,64,-54,177,195.8085799958725
537526,23391.0,80640,45,99374,-0.0354,0.7124,0.003,-0.996,-0.044,-0.021,65,-54,176,195.23575492209412
537626,23381.0,80640,45,99369,-0.0354,0.7124,0.003,-0.999,-0.046,-0.018,65,-54,175,194.3347627162984
537729,23391.0,83520,45,99371,-0.0354,0.7124,0.003,-0.998,-0.044,-0.02,65,-55,174,193.71628738957392
537825,23391.0,80640,45,99371,-0.0354,0.7124,0.003,-0.995,-0.044,-0.022,65,-54,174,193.43474351832455
537926,23391.0,80640,45,99372,-0.0354,0.7124,0.003,-0.997,-0.047,-0.019,64,-55,173,192.48376554920156
538025,23391.0,80640,45,99371,-0.0354,0.7124,0.003,-0.995,-0.044,-0.022,64,-55,173,192.48376554920156
538126,23391.0,83520,45,99371,-0.0354,0.7124,0.003,-0.997,-0.045,-0.022,63,-56,171,190.646269305224
538225,23381.0,80640,45,99367,-0.0354,0.7124,0.003,-0.995,-0.043,-0.023,63,-55,172,191.25375813301028
538327,23391.0,83520,45,99371,-0.0354,0.7124,0.003,-0.995,-0.041,-0.019,64,-54,172,191.3008102439715
538422,23391.0,83520,45,99371,-0.0354,0.7124,0.003,-0.998,-0.044,-0.02,63,-53,172,190.68822721919673
538526,23391.0,83520,45,99370,-0.0354,0.7124,0.003,-0.998,-0.044,-0.019,63,-52,174,192.2212267154697
538626,23381.0,83520,45,99371,-0.0354,0.7124,0.003,-0.997,-0.044,-0.022,64,-50,174,192.0208322031753
538726,23391.0,83520,45,99373,-0.0354,0.7124,0.003,-1.0,-0.046,-0.018,63,-48,175,192.0885212603814
538826,23391.0,80640,45,99373,-0.0354,0.7124,0.003,-0.997,-0.044,-0.02,62,-47,176,192.42920776223136
538926,23381.0,83520,45,99372,-0.0354,0.7124,0.003,-0.996,-0.044,-0.023,62,-45,176,191.9505144562004
539026,23381.0,83520,45,99370,-0.0354,0.7124,0.003,-0.997,-0.045,-0.019,63,-43,177,192.73557014728755
539128,23381.0,83520,45,99370,-0.0354,0.7124,0.003,-0.997,-0.044,-0.023,61,-41,177,191.65333286953296
539226,23381.0,83520,45,99372,-0.0354,0.7124,0.003,-0.996,-0.044,-0.022,62,-41,179,193.8195036625571
539325,23381.0,83520,45,99369,-0.0354,0.7124,0.003,-0.998,-0.043,-0.02,61,-39,177,191.23545696339892
539426,23381.0,80640,45,99369,-0.0354,0.7124,0.003,-0.998,-0.042,-0.024,59,-38,177,190.40483187146276
539526,23391.0,83520,45,99371,-0.0354,0.7124,0.003,-0.998,-0.049,-0.02,59,-38,177,190.40483187146276
539625,23391.0,80640,45,99368,-0.0354,0.7124,0.003,-0.997,-0.044,-0.022,58,-39,177,190.2997635311195
539728,23381.0,83520,45,99370,-0.0354,0.7124,0.003,-0.997,-0.044,-0.022,63,-53,172,190.68822721919673
539824,23381.0,80640,45,99370,-0.0354,0.7124,0.003,-0.997,-0.043,-0.019,50,-44,177,189.1163662933486
539925,23381.0,83520,45,99370,-0.0354,0.7124,0.003,-0.997,-0.04,-0.021,45,-55,172,186.10212250267324
540031,23381.0,80640,45,99371,-0.0354,0.7124,0.003,-0.998,-0.044,-0.021,50,-45,177,189.3515249476486
540132,23381.0,83520,45,99371,-0.0354,0.7124,0.003,-1.008,-0.071,-0.009,50,-45,177,189.3515249476486
540230,23391.0,80640,45,99374,-0.0334,0.7114,0.0019,-1.051,-0.071,-0.007,50,-43,176,187.94946129212505
540340,23391.0,83520,45,99372,-0.0304,0.7084,0.0049,-1.035,-0.062,-0.008,50,-45,177,189.3515249476486
540467,23381.0,86400,45,99374,-0.0266,0.7042,0.0118,-1.024,-0.035,0.0,53,-47,174,187.8669742131384
540525,23381.0,86400,45,99374,-0.0193,0.6987,0.0178,-1.053,-0.034,-0.03,52,-47,172,185.73368030596927
540626,23391.0,89280,45,99377,-0.0124,0.6926,0.0194,-1.052,-0.018,0.037,52,-46,170,183.63006289820848
540725,23391.0,92160,45,99373,-0.0083,0.6859,0.0188,-1.031,0.043,0.063,54,-45,167,181.190507477627
540826,23391.0,92160,45,99373,-0.0068,0.6792,0.016,-1.04,0.023,0.074,54,-45,163,177.51056306597644
540928,23391.0,95040,45,99374,-0.0081,0.6728,0.0108,-1.043,0.045,0.127,57,-43,161,176.12211672586722
541027,23381.0,100800,45,99368,-0.0121,0.6665,0.003,-1.021,0.004,0.071,57,-42,155,170.40539897550195
541226,23391.0,109440,45,99368,-0.0267,0.6567,-0.0192,-0.925,-0.018,0.1,54,-37,151,164.57824886661055
541325,23391.0,115200,45,99371,-0.033,0.6551,-0.0308,-0.952,-0.082,0.129,53,-34,147,159.91872935963443
541426,23381.0,118080,45,99365,-0.037,0.6557,-0.0419,-0.942,-0.088,0.127,54,-32,148,160.76069171286866
541525,23381.0,118080,45,99365,-0.0391,0.6585,-0.0527,-0.933,-0.126,0.1,54,-30,149,161.29786111415115
541626,23391.0,120960,45,99367,-0.0388,0.6632,-0.0628,-0.938,-0.132,0.112,51,-28,147,158.09490820390135
541727,23391.0,120960,45,99369,-0.0359,0.6692,-0.0722,-0.928,-0.107,0.073,50,-26,149,159.30160074525304
541826,23391.0,120960,45,99369,-0.0313,0.6764,-0.0793,-0.951,-0.18,0.099,50,-26,150,160.23732399163436
541925,23391.0,120960,45,99366,-0.0287,0.6846,-0.0841,-0.941,-0.188,0.105,48,-25,149,158.52444606432158
542025,23391.0,120960,45,99366,-0.0261,0.6901,-0.089,-0.93,-0.154,0.065,48,-24,152,161.1955334368791
542130,23391.0,120960,45,99366,-0.0225,0.6906,-0.0922,-0.928,-0.136,0.067,47,-25,153,161.99691355084516
542225,23401.0,120960,45,99365,-0.0221,0.6905,-0.0923,-0.995,-0.161,0.027,48,-24,152,161.1955334368791
542330,23391.0,120960,45,99369,-0.0184,0.6903,-0.0972,-0.98,-0.18,0.041,46,-23,153,161.41251500425858
542435,23391.0,120960,45,99363,-0.0095,0.6896,-0.1073,-0.988,-0.169,0.034,47,-23,152,160.75447116643443
542525,23391.0,118080,45,99363,0.0048,0.6874,-0.123,-0.985,-0.168,0.034,45,-21,150,158.0063289871643
542628,23391.0,118080,45,99366,0.0241,0.6841,-0.144,-0.981,-0.153,0.047,46,-19,152,159.94061397906412
542725,23391.0,118080,45,99368,0.0465,0.6796,-0.1678,-0.987,-0.153,0.045,45,-16,151,158.3729774930054
542826,23391.0,118080,45,99368,0.0686,0.6741,-0.1917,-0.983,-0.128,0.052,45,-15,150,157.32132722552274
542925,23391.0,118080,45,99366,0.0908,0.668,-0.2153,-0.982,-0.121,0.059,45,-10,152,158.83639381451596
543026,23391.0,118080,45,99366,0.1126,0.6611,-0.2386,-0.985,-0.147,0.068,44,-9,150,156.5790535161073
543126,23391.0,118080,45,99366,0.1346,0.6535,-0.2617,-0.98,-0.101,0.071,45,-5,149,155.7273257973693
543226,23391.0,118080,45,99367,0.1565,0.6453,-0.2844,-0.984,-0.08,0.076,45,-5,149,155.7273257973693
543330,23401.0,115200,45,99369,0.1769,0.6383,-0.3021,-0.983,-0.106,0.083,44,-4,147,153.4959282847594
543436,23391.0,115200,45,99364,0.1962,0.6344,-0.3109,-0.979,-0.087,0.088,43,-3,147,153.18942522250026
543533,23391.0,115200,45,99364,0.2075,0.6314,-0.3174,-0.983,-0.079,0.087,42,0,146,151.92103211866353
543639,23391.0,115200,45,99367,0.2143,0.6306,-0.3182,-0.982,-0.081,0.091,43,0,145,151.24152868838638
543731,23381.0,115200,45,99363,0.216,0.6307,-0.319,-0.978,-0.119,0.09,43,0,144,150.28306624500314
543836,23381.0,115200,45,99363,0.2218,0.6288,-0.325,-0.984,-0.114,0.091,43,0,145,151.24152868838638
543930,23391.0,115200,45,99367,0.2323,0.6244,-0.3361,-0.985,-0.116,0.095,42,2,142,148.09456438370722
544039,23391.0,112320,45,99366,0.2475,0.6172,-0.3518,-0.98,-0.11,0.101,42,2,144,150.0133327407934
544129,23391.0,112320,45,99364,0.2672,0.6073,-0.3716,-0.981,-0.082,0.094,44,3,143,149.64624953536256
544235,23391.0,109440,45,99364,0.288,0.5958,-0.3922,-0.983,-0.054,0.09,42,4,140,146.21901381147393
544326,23391.0,109440,45,99367,0.3081,0.5836,-0.4127,-0.98,-0.061,0.104,42,6,139,145.33065746772084
544462,23381.0,106560,45,99365,0.3277,0.5708,-0.4328,-0.978,-0.064,0.103,43,9,137,143.87147041717478
544530,23381.0,106560,45,99365,0.3473,0.5572,-0.4523,-0.982,-0.04,0.1,41,9,135,141.37538682528864
544635,23391.0,109440,45,99366,0.3665,0.5432,-0.4711,-0.982,-0.042,0.103,40,10,132,138.28955130450024
544734,23381.0,109440,45,99367,0.3851,0.5285,-0.4896,-0.979,-0.035,0.102,41,12,130,136.83932183404008
544839,23381.0,109440,45,99367,0.4048,0.5136,-0.5064,-0.983,-0.011,0.098,40,13,128,134.73306943731373
544930,23381.0,109440,45,99363,0.4241,0.4982,-0.5226,-0.981,-0.018,0.104,39,14,125,131.68902763708144
545041,23391.0,112320,45,99364,0.4427,0.4821,-0.5383,-0.978,-0.013,0.103,40,15,122,129.2632971883357
545129,23391.0,112320,45,99369,0.4599,0.4653,-0.5543,-0.982,0.008,0.097,40,15,121,128.3199127181748
545235,23391.0,115200,45,99369,0.4778,0.4484,-0.5686,-0.983,0.003,0.098,39,15,118,125.17987058628876
545330,23381.0,115200,45,99368,0.4947,0.4309,-0.5825,-0.98,0.012,0.094,39,15,117,124.23767544509194
545438,23381.0,115200,45,99367,0.5116,0.4128,-0.5956,-0.982,-0.003,0.093,37,15,113,119.84573417523043
545530,23381.0,115200,45,99367,0.5278,0.3944,-0.608,-0.983,0.041,0.086,38,14,111,118.15667564721004
545635,23391.0,115200,45,99369,0.5419,0.3754,-0.6211,-0.984,0.003,0.087,38,14,109,116.27983488120373
545730,23371.0,115200,45,99364,0.5559,0.356,-0.6332,-0.985,0.024,0.079,37,14,107,114.07892005098928
545835,23371.0,115200,45,99364,0.5691,0.3363,-0.6446,-0.984,0.061,0.075,37,14,105,112.20516922138658
545930,23391.0,112320,45,99368,0.5815,0.3162,-0.6555,-0.983,0.007,0.074,37,12,103,110.09995458672996
546035,23381.0,112320,45,99369,0.5936,0.2957,-0.6654,-0.985,0.035,0.063,36,12,100,106.9579356569675
546130,23381.0,115200,45,99367,0.6051,0.275,-0.6745,-0.984,0.083,0.055,36,11,99,105.9150603077768
546238,23381.0,118080,45,99367,0.6156,0.2539,-0.6833,-0.987,0.032,0.057,37,10,96,103.36827366266692
546330,23381.0,118080,45,99367,0.6257,0.2325,-0.6909,-0.99,0.058,0.047,36,9,95,101.99019560722492
546435,23391.0,120960,45,99367,0.6353,0.2109,-0.6976,-0.988,0.093,0.038,35,9,92,98.84331034521254
546530,23391.0,126720,45,99367,0.6438,0.1892,-0.704,-0.986,0.028,0.034,35,6,91,97.68316129200568
546635,23371.0,129600,45,99366,0.6519,0.167,-0.7093,-0.991,0.054,0.024,34,6,90,96.39502061828712
546730,23381.0,129600,45,99364,0.6593,0.1448,-0.7138,-0.988,0.101,0.019,35,3,89,95.68176419778224
546835,23381.0,129600,45,99364,0.6652,0.1226,-0.7182,-0.987,0.047,0.012,33,1,86,92.11948762341224
546925,23391.0,132480,45,99366,0.6703,0.1003,-0.7219,-0.993,0.07,0.002,33,-1,86,92.11948762341224
547026,23381.0,132480,45,99366,0.6753,0.0778,-0.7242,-0.991,0.106,-0.002,33,-1,85,91.18662182579196
547127,23391.0,132480,45,99366,0.6796,0.0551,-0.7256,-0.989,0.036,-0.008,34,-4,84,90.70832376358854
547226,23391.0,132480,45,99366,0.6825,0.0325,-0.727,-0.994,0.065,-0.017,33,-5,83,89.45948803788227
547328,23381.0,132480,45,99364,0.6854,0.0098,-0.7267,-0.994,0.107,-0.027,34,-7,82,89.04493247793498
547426,23381.0,129600,45,99366,0.6868,-0.0128,-0.7264,-0.991,0.047,-0.033,33,-10,81,88.03408430829505
547528,23381.0,126720,45,99366,-0.6891,0.0359,0.7238,-0.996,0.07,-0.039,33,-10,82,88.95504482602435
547628,23381.0,120960,45,99368,-0.6898,0.0586,0.7211,-0.995,0.101,-0.046,33,-13,80,87.50999942863673
547726,23381.0,118080,45,99373,-0.689,0.0809,0.7184,-0.993,0.031,-0.051,32,-15,81,88.3742043811428
547826,23381.0,115200,45,99366,-0.6873,0.1032,0.7149,-0.995,0.053,-0.064,32,-18,80,88.02272433866155
547928,23381.0,106560,45,99366,-0.6868,0.1262,0.7088,-0.996,0.085,-0.071,31,-19,81,88.7862601982987
548039,23381.0,100800,45,99367,-0.6847,0.1485,0.7029,-0.994,0.035,-0.075,33,-21,80,89.05054744357274
548129,23381.0,95040,45,99369,-0.6826,0.1712,0.6952,-0.997,0.052,-0.083,32,-24,82,91.23595782365636
548235,23381.0,86400,45,99369,-0.6805,0.1936,0.6862,-0.998,0.052,-0.085,32,-25,82,91.50409826887535
548326,23391.0,80640,45,99366,-0.676,0.2152,0.6779,-0.999,0.061,-0.097,32,-28,83,93.25770745627408
548424,23391.0,74880,45,99371,-0.6701,0.2362,0.6697,-1.0,0.037,-0.098,33,-29,85,95.68176419778224
548528,23391.0,69120,45,99371,-0.665,0.2578,0.6591,-0.998,0.039,-0.107,32,-32,85,96.29641737884126
548626,23381.0,63360,45,99362,-0.6584,0.2786,0.6486,-0.999,0.039,-0.11,32,-32,85,96.29641737884126
548728,23391.0,57600,45,99366,-0.6503,0.2986,0.6382,-0.999,0.017,-0.11,32,-36,87,99.443451267542
548835,23381.0,54720,45,99366,-0.6429,0.3191,0.6256,-1.0,0.017,-0.116,33,-36,86,98.89893831583836
548934,23381.0,46080,45,99366,-0.6334,0.3384,0.6138,-1.0,0.024,-0.122,33,-38,90,103.11643903859364
549035,23391.0,43200,45,99363,-0.6232,0.3573,0.6014,-1.001,0.02,-0.126,33,-40,92,105.60776486603623
549131,23381.0,40320,45,99369,-0.6171,0.3766,0.5864,-0.997,0.01,-0.124,32,-40,94,107.05138952858108
549226,23381.0,40320,45,99369,-0.6129,0.3916,0.5744,-1.0,0.01,-0.125,31,-42,95,108.397416943394
549330,23391.0,40320,45,99371,-0.6118,0.4034,0.5648,-0.999,-0.003,-0.124,32,-42,96,109.5627673984187
549446,23381.0,40320,45,99370,-0.612,0.4098,0.5596,-0.998,0.007,-0.126,33,-42,97,110.73391531053169
549531,23381.0,40320,45,99370,-0.6141,0.4113,0.5572,-0.996,-0.012,-0.12,33,-43,96,110.2451813005902
549632,23391.0,40320,45,99371,-0.6156,0.4121,0.5555,-0.996,-0.01,-0.12,33,-43,96,110.2451813005902
549730,23381.0,40320,45,99366,-0.6168,0.4126,0.5542,-0.999,-0.012,-0.122,34,-43,97,111.41813137905338
549831,23391.0,40320,45,99366,-0.6176,0.413,0.5533,-0.998,-0.009,-0.124,33,-42,97,110.73391531053169
549930,23391.0,40320,45,99366,-0.6182,0.4134,0.5526,-0.997,-0.009,-0.123,33,-42,97,110.73391531053169
550034,23381.0,40320,45,99366,-0.6187,0.4136,0.552,-0.996,-0.01,-0.123,33,-42,96,109.85900054160332
550128,23391.0,40320,45,99368,-0.6191,0.4138,0.5516,-0.998,-0.011,-0.123,33,-42,96,109.85900054160332
550231,23391.0,40320,45,99368,-0.6195,0.414,0.5512,-0.998,-0.011,-0.124,34,-44,95,110.07724560507498
550330,23391.0,40320,45,99365,-0.6198,0.4141,0.5509,-0.999,-0.01,-0.122,33,-43,97,111.11705539655016
550431,23391.0,40320,45,99366,-0.62,0.4142,0.5506,-0.997,-0.01,-0.123,33,-43,96,110.2451813005902
550528,23391.0,40320,45,99370,-0.621,0.4134,0.5506,-0.923,-0.014,-0.156,32,-43,97,110.82418508610834
550626,23391.0,40320,45,99370,-0.6259,0.4066,0.5536,-1.002,0.024,-0.111,33,-43,96,110.2451813005902
550726,23391.0,40320,45,99366,-0.6331,0.3952,0.5601,-1.008,-0.02,-0.122,33,-41,96,109.48059188732952
550826,23391.0,40320,45,99369,-0.6425,0.38,0.5694,-0.986,0.026,-0.143,32,-41,92,105.68348972285122
550926,23391.0,40320,45,99369,-0.6537,0.3601,0.5814,-1.009,0.019,-0.11,34,-39,91,104.68046618161384
551026,23391.0,40320,45,99367,-0.6646,0.3392,0.5932,-0.999,-0.006,-0.135,33,-38,90,103.11643903859364
551128,23391.0,43200,45,99369,-0.6749,0.318,0.6042,-0.996,-0.036,-0.121,33,-35,88,100.28958071504736
551227,23391.0,46080,45,99369,-0.6843,0.2968,0.6145,-0.993,-0.007,-0.134,33,-34,88,99.94498486667553
551326,23391.0,54720,45,99368,-0.6929,0.2751,0.6241,-1.0,-0.001,-0.117,32,-32,85,96.29641737884126
551426,23391.0,54720,45,99368,-0.7008,0.2532,0.6328,-0.991,-0.047,-0.124,33,-30,84,95.10520490488416
551526,23391.0,60480,45,99369,-0.7077,0.2317,0.6408,-0.994,-0.015,-0.136,33,-29,83,93.9095309327014
551626,23391.0,63360,45,99369,-0.714,0.2099,0.6479,-0.998,0.005,-0.127,33,-25,82,91.85858696931932
551726,23391.0,66240,45,99369,-0.7194,0.1874,0.6544,-1.001,-0.034,-0.125,33,-24,82,91.59148432032316
551828,23381.0,74880,45,99367,-0.724,0.1652,0.66,-0.99,-0.003,-0.121,35,-21,80,89.81091247727082
551931,23381.0,77760,45,99367,-0.7282,0.1428,0.6643,-1.0,0.005,-0.131,34,-18,81,89.67162315916892
552029,23391.0,77760,45,99369,-0.7313,0.1205,0.6682,-0.987,-0.028,-0.121,34,-16,81,89.29165694509202
552126,23391.0,83520,45,99366,-0.7336,0.0979,0.6713,-1.017,0.017,-0.113,34,-13,80,87.89197915623473
552226,23391.0,86400,45,99366,-0.7351,0.0759,0.6735,-0.99,-0.003,-0.132,34,-13,81,88.80315309717331
552327,23391.0,89280,45,99366,0.7358,-0.0535,-0.675,-1.002,0.004,-0.118,34,-9,81,88.30628516702534
552451,23381.0,92160,45,99368,0.736,-0.0308,-0.6754,-0.985,0.018,-0.137,36,-7,83,90.74139077620532
552528,23381.0,92160,45,99369,0.7351,-0.0083,-0.6754,-1.005,0.019,-0.112,35,-6,82,89.35882720806042
552626,23381.0,95040,45,99369,0.7333,0.0134,-0.6747,-0.996,-0.004,-0.121,36,-3,85,92.35799911215054
552724,23391.0,95040,45,99366,0.7312,0.0359,-0.6727,-0.99,0.039,-0.109,36,-1,84,91.39474820797966
552839,23391.0,95040,45,99366,0.7279,0.0575,-0.6704,-1.005,0.029,-0.113,36,2,86,93.25234581499814
552929,23391.0,92160,45,99366,0.7247,0.0805,-0.6666,-1.004,0.022,-0.107,36,3,86,93.27915093953204
553036,23381.0,92160,45,99368,0.7197,0.1018,-0.6629,-0.995,0.07,-0.117,37,5,88,95.5928867646542
553132,23391.0,92160,45,99368,0.714,0.1224,-0.6585,-0.981,0.034,-0.111,37,6,88,95.65040512198576
553237,23391.0,92160,45,99368,0.7074,0.1434,-0.6535,-1.007,0.041,-0.101,37,8,91,98.55962662266938
553370,23391.0,89280,45,99365,0.7001,0.164,-0.6477,-0.984,0.075,-0.106,37,9,93,100.4937809021036
553438,23391.0,86400,45,99366,0.692,0.1841,-0.6412,-0.998,0.053,-0.093,37,12,95,102.65476121447072
553530,23391.0,86400,45,99368,0.683,0.2039,-0.6343,-0.977,0.05,-0.094,38,13,96,104.06248123122954
553647,23391.0,86400,45,99368,0.6734,0.2238,-0.6267,-1.001,0.106,-0.097,39,14,99,107.32194556566704
553730,23381.0,86400,45,99369,0.663,0.2433,-0.6183,-0.99,0.073,-0.086,39,15,100,108.3789647487002
553838,23381.0,86400,45,99370,0.6518,0.2621,-0.6095,-1.003,0.061,-0.072,39,16,104,112.21853679316978
553930,23381.0,86400,45,99370,0.6399,0.2808,-0.6,-0.986,0.031,-0.064,40,16,105,113.49449325848369
554035,23391.0,86400,45,99372,0.6275,0.2994,-0.5899,-0.997,0.115,-0.071,41,18,107,115.9913789899922
554130,23391.0,89280,45,99366,0.6141,0.3176,-0.5791,-1.008,0.094,-0.04,41,19,110,118.92014127135909
554235,23391.0,92160,45,99369,0.6003,0.3353,-0.5678,-0.986,0.037,-0.05,40,19,113,121.3672113875902
554330,23391.0,92160,45,99369,0.5858,0.3526,-0.5561,-0.99,0.116,-0.049,41,19,114,122.62952336203546
554438,23381.0,95040,45,99365,0.5707,0.3699,-0.5437,-0.985,0.117,-0.051,43,19,117,126.09123680890754
554530,23391.0,95040,45,99368,0.555,0.3864,-0.5306,-1.003,0.044,-0.019,42,20,120,128.70120434556935
554635,23391.0,97920,45,99368,0.5386,0.4025,-0.5172,-0.967,0.109,-0.032,43,19,123,131.67763667381033
554730,23401.0,97920,45,99373,0.5217,0.4184,-0.5034,-1.008,0.109,-0.012,43,20,125,133.69367973094316
554835,23381.0,97920,45,99367,0.5041,0.4339,-0.489,-0.991,0.022,0.004,45,19,129,137.93839204514455
554930,23381.0,100800,45,99367,0.4859,0.449,-0.474,-1.0,0.113,0.004,44,19,130,138.55323886506588
555035,23391.0,100800,45,99369,0.4672,0.4635,-0.4588,-0.977,0.079,0.008,45,18,133,141.55564276990162
555130,23401.0,103680,45,99371,0.4483,0.4776,-0.4431,-1.012,0.032,0.024,45,17,135,143.3143398268296
555238,23391.0,103680,45,99371,0.4287,0.4913,-0.427,-0.979,0.113,0.009,46,16,139,147.28543716199508
555331,23391.0,106560,45,99371,0.4084,0.5046,-0.4102,-0.991,0.062,0.021,47,16,140,148.54292308959052
555434,23391.0,106560,45,99373,0.3879,0.5173,-0.3934,-0.983,0.021,0.035,47,14,145,153.0686120666154
555530,23391.0,106560,45,99369,0.3667,0.5298,-0.3763,-0.994,0.082,0.032,48,13,146,154.23683088030563
555635,23391.0,106560,45,99369,0.3452,0.5415,-0.3588,-0.992,0.054,0.039,48,10,150,157.81001235663092
555730,23391.0,106560,45,99366,0.3232,0.5528,-0.341,-0.981,-0.007,0.048,48,9,152,159.6527481755325
555838,23391.0,106560,45,99371,0.3011,0.5637,-0.3228,-0.992,0.07,0.048,49,6,155,162.67144801716125
555930,23391.0,106560,45,99371,0.2785,0.5741,-0.3043,-0.995,0.039,0.052,47,6,156,163.03680566056244
556037,23391.0,106560,45,99368,0.2554,0.5837,-0.2855,-0.991,-0.036,0.052,50,3,159,166.70332930088708
556130,23401.0,106560,45,99375,0.2323,0.593,-0.2664,-0.986,0.062,0.056,50,0,161,168.5852899869974
556226,23391.0,106560,45,99373,0.209,0.6019,-0.2469,-1.001,0.0,0.054,51,-2,163,170.80398121823742
556326,23391.0,106560,45,99373,0.1857,0.6102,-0.2272,-0.992,-0.042,0.063,50,-7,164,171.59545448525145
556428,23401.0,106560,45,99371,0.1618,0.6179,-0.2071,-0.995,0.013,0.046,51,-8,167,174.79702514631077
556526,23391.0,103680,45,99374,0.1379,0.6252,-0.1867,-0.984,-0.037,0.043,51,-13,167,175.09711591000007
556626,23391.0,100800,45,99374,0.1142,0.632,-0.1663,-1.001,-0.076,0.065,52,-14,170,178.3255450012701
556726,23391.0,97920,45,99372,0.0901,0.6381,-0.1455,-0.986,-0.056,0.046,52,-19,169,177.8370040233472
556826,23401.0,97920,45,99373,0.0661,0.6436,-0.1248,-0.993,-0.012,0.041,53,-22,172,181.3201588351389
556923,23401.0,95040,45,99373,0.0418,0.6487,-0.1037,-0.978,-0.049,0.025,52,-25,171,180.47160441465576
557025,23391.0,95040,45,99372,0.0177,0.6534,-0.0826,-1.001,-0.064,0.036,54,-29,173,183.53746211604863
557126,23381.0,95040,45,99373,-0.0066,0.6573,-0.0613,-0.997,-0.058,0.016,52,-33,171,181.75257907386072
557227,23391.0,92160,45,99371,-0.0281,0.6606,-0.0423,-0.998,-0.074,0.011,54,-37,174,185.9058901702687
557330,23391.0,92160,45,99371,-0.0438,0.6664,-0.0279,-0.989,-0.082,0.015,53,-39,174,186.02687977816535
557439,23391.0,89280,45,99368,-0.0541,0.6778,-0.0186,-1.001,-0.103,0.013,55,-43,173,186.555621732501
557538,23391.0,89280,45,99373,-0.059,0.6815,-0.0158,-1.03,-0.116,0.007,54,-41,173,185.81173267584583
557626,23391.0,89280,45,99373,-0.0593,0.6831,-0.016,-0.973,-0.091,0.037,52,-41,173,185.2403843658288
557725,23401.0,89280,45,99371,-0.059,0.6827,-0.0158,-0.968,-0.085,-0.01,53,-41,174,186.45642922677672
557845,23391.0,89280,45,99370,-0.0552,0.6892,-0.0111,-0.962,-0.055,-0.014,53,-41,174,186.45642922677672
557930,23391.0,89280,45,99372,-0.0504,0.6977,-0.0059,-0.964,-0.069,-0.026,52,-42,173,185.46428227559073
558026,23391.0,86400,45,99372,-0.0455,0.7029,-0.001,-1.055,-0.062,-0.002,51,-44,175,187.51533270642165
558130,23391.0,86400,45,99367,-0.0427,0.7055,0.0017,-1.033,-0.055,-0.019,50,-44,178,190.0526242912736
558237,23381.0,83520,45,99371,-0.041,0.7066,0.0033,-1.039,-0.065,-0.02,50,-44,176,188.18076416042103
558327,23381.0,83520,45,99371,-0.0409,0.7063,0.0034,-1.006,-0.035,-0.07,50,-44,176,188.18076416042103
558428,23391.0,83520,45,99375,-0.0403,0.706,0.0028,-1.003,-0.057,-0.004,50,-44,177,189.1163662933486
558534,23401.0,83520,45,99373,-0.0399,0.7072,0.0032,-1.003,-0.043,-0.015,50,-44,177,189.1163662933486
558631,23401.0,83520,45,99373,-0.0397,0.7078,0.0035,-1.0,-0.046,-0.023,65,-53,171,190.4599695474091
558730,23401.0,83520,45,99371,-0.0395,0.7085,0.0037,-0.995,-0.041,-0.014,63,-52,169,187.70721882761995
558831,23391.0,83520,45,99373,-0.0393,0.709,0.004,-0.992,-0.041,-0.019,62,-54,168,187.040102651811
558931,23391.0,83520,45,99373,-0.0391,0.7093,0.0042,-0.997,-0.042,-0.025,60,-56,168,186.97593428032388
559036,23391.0,83520,45,99373,-0.039,0.7096,0.0043,-0.999,-0.044,-0.02,59,-57,165,184.2688253612097
559130,23391.0,83520,45,99369,-0.0388,0.7099,0.0045,-0.996,-0.04,-0.022,56,-57,165,183.3303030052588
559238,23401.0,83520,45,99373,-0.0387,0.7102,0.0046,-0.998,-0.045,-0.018,55,-58,164,182.44177153272767
559330,23401.0,83520,45,99373,-0.0386,0.7104,0.0047,-0.998,-0.045,-0.02,52,-60,166,184.0108692441835
559435,23391.0,83520,45,99371,-0.0385,0.7106,0.0048,-0.998,-0.045,-0.022,50,-59,166,183.13110058097723
559530,23391.0,83520,45,99375,-0.0385,0.7107,0.0049,-0.999,-0.042,-0.02,48,-60,167,183.8287246324687
559635,23391.0,83520,45,99375,-0.0384,0.7109,0.0049,-0.996,-0.044,-0.024,47,-60,169,185.39147768977944
559727,23401.0,83520,45,99371,-0.0384,0.711,0.005,-0.997,-0.043,-0.022,45,-59,171,186.405472022685
559826,23391.0,83520,45,99373,-0.0384,0.711,0.005,-0.998,-0.042,-0.023,44,-58,172,186.77258899528056
559927,23391.0,83520,45,99368,-0.0384,0.711,0.005,-0.997,-0.042,-0.022,44,-57,175,189.2353032602532
560028,23391.0,83520,45,99368,-0.0384,0.711,0.005,-0.995,-0.043,-0.021,45,-55,178,191.66115934116647
560124,23391.0,83520,45,99369,-0.0384,0.711,0.005,-0.996,-0.043,-0.02,45,-54,177,190.44684297724655
560226,23401.0,83520,45,99375,-0.0384,0.711,0.005,-0.999,-0.043,-0.017,46,-51,178,190.7904609774818
560326,23401.0,83520,45,99375,-0.0384,0.711,0.005,-0.998,-0.043,-0.021,47,-50,179,191.70289512680813
560427,23381.0,83520,45,99371,-0.0384,0.711,0.005,-0.998,-0.043,-0.022,49,-47,179,191.44450893143943
560526,23391.0,83520,45,99371,-0.0384,0.711,0.005,-0.997,-0.043,-0.023,50,-45,179,191.22238362702208
560627,23391.0,83520,45,99371,-0.0384,0.711,0.005,-0.997,-0.044,-0.02,51,-43,179,191.0261762167688
560729,23391.0,83520,45,99373,-0.0384,0.711,0.005,-0.997,-0.044,-0.019,54,-42,178,190.69347130932405
560826,23391.0,83520,45,99371,-0.0384,0.711,0.005,-0.997,-0.045,-0.023,55,-40,176,188.68227261722285
560926,23381.0,83520,45,99370,-0.0384,0.711,0.005,-0.995,-0.041,-0.023,57,-38,176,188.86238376129853
561026,23381.0,83520,45,99370,-0.0384,0.711,0.005,-0.998,-0.044,-0.018,59,-37,174,187.41931597356768
561123,23381.0,83520,45,99373,-0.0384,0.711,0.005,-0.997,-0.043,-0.02,60,-38,173,187.0106948813356
561222,23391.0,83520,45,99371,-0.0384,0.711,0.005,-0.996,-0.044,-0.021,62,-38,171,185.81980518771405
561328,23391.0,83520,45,99371,-0.0384,0.711,0.005,-0.994,-0.041,-0.021,63,-40,171,186.5743819499344
561427,23391.0,83520,45,99373,-0.0384,0.711,0.005,-0.998,-0.042,-0.02,63,-41,170,185.87630295441105
561529,23381.0,83520,45,99371,-0.0384,0.711,0.005,-0.998,-0.045,-0.021,62,-44,171,187.13898578329423
561631,23381.0,83520,45,99369,-0.0384,0.711,0.005,-0.996,-0.043,-0.022,62,-44,170,186.22566955175648
561733,23381.0,83520,45,99369,-0.0384,0.711,0.005,-0.995,-0.043,-0.024,63,-47,170,187.2912170925268
561826,23391.0,83520,45,99373,-0.0384,0.711,0.005,-0.998,-0.045,-0.018,62,-49,170,187.4699975996159
561928,23381.0,83520,45,99368,-0.0384,0.711,0.005,-0.998,-0.044,-0.018,62,-51,171,188.90738471536787
562026,23381.0,83520,45,99368,-0.0384,0.711,0.005,-0.995,-0.043,-0.023,62,-53,174,192.16919628285905
562125,23381.0,83520,45,99366,-0.0384,0.711,0.005,-0.995,-0.042,-0.022,62,-54,175,193.3520105920805
562227,23391.0,83520,45,99375,-0.0384,0.711,0.005,-0.998,-0.045,-0.018,61,-57,177,195.70130301048076
562327,23391.0,83520,45,99375,-0.0384,0.711,0.005,-0.997,-0.042,-0.019,62,-57,178,196.91876497683
562426,23391.0,83520,45,99373,-0.0384,0.711,0.005,-0.998,-0.045,-0.019,62,-57,176,195.1127878945919
562528,23391.0,83520,45,99373,-0.0384,0.711,0.005,-0.996,-0.046,-0.021,45,-57,173,187.6246252494592
562628,23391.0,83520,45,99375,-0.0384,0.711,0.005,-0.998,-0.042,-0.021,60,-37,177,190.5203401214684
562726,23391.0,83520,45,99375,-0.0384,0.711,0.005,-0.997,-0.044,-0.022,61,-44,172,187.725863961256
562826,23391.0,83520,45,99369,-0.0384,0.711,0.005,-0.995,-0.043,-0.022,62,-43,172,187.82172398314313
562926,23391.0,83520,45,99369,-0.0374,0.7107,0.0044,-1.037,-0.066,-0.004,62,-44,171,187.13898578329423
563036,23391.0,83520,45,99369,-0.0346,0.7085,0.0049,-1.046,-0.042,0.007,64,-47,171,188.53646862079495
563125,23391.0,83520,45,99371,-0.0319,0.7048,0.0101,-1.056,-0.051,0.013,65,-45,171,188.39055178007203
563226,23401.0,86400,45,99371,-0.026,0.6998,0.0177,-1.056,-0.062,-0.043,63,-46,168,185.22688789697892
563328,23401.0,86400,45,99371,-0.0181,0.6938,0.0206,-1.07,-0.033,0.06,65,-46,166,184.11137933327203
563426,23391.0,89280,45,99374,-0.0127,0.6874,0.0211,-1.043,-0.018,0.011,66,-45,164,182.41984541162185
563526,23401.0,92160,45,99372,-0.0103,0.6807,0.0194,-1.04,-0.002,0.061,65,-45,159,177.5697046232831
563626,23391.0,95040,45,99369,-0.0104,0.6741,0.0151,-1.027,0.009,0.053,68,-45,157,176.91240770505613
563726,23391.0,97920,45,99369,-0.0133,0.6677,0.0082,-1.028,0.063,0.133,69,-43,154,174.1436188896969
563831,23391.0,103680,45,99368,-0.0189,0.6618,-0.001,-1.007,0.001,0.091,66,-41,149,168.04166150095045
563926,23391.0,106560,45,99369,-0.0264,0.6569,-0.0122,-0.957,-0.006,0.093,68,-36,147,165.91865476793137
564026,23391.0,112320,45,99369,-0.0334,0.654,-0.0241,-0.92,-0.033,0.107,66,-35,144,162.22515218054195
564128,23391.0,115200,45,99367,-0.0385,0.6538,-0.0354,-0.917,-0.054,0.118,66,-33,141,159.14144651849813
564226,23401.0,118080,45,99368,-0.0416,0.6557,-0.0464,-0.912,-0.038,0.12,66,-32,142,159.82490419205638
564327,23401.0,120960,45,99368,-0.0422,0.6595,-0.0568,-0.917,-0.122,0.079,64,-29,144,160.22796260328596
564429,23401.0,120960,45,99365,-0.0401,0.6651,-0.0663,-0.927,-0.091,0.114,62,-27,144,159.08802594790097
564526,23391.0,120960,45,99363,-0.0359,0.6718,-0.0748,-0.932,-0.115,0.164,61,-26,146,160.3527361787132
564626,23391.0,120960,45,99367,-0.0321,0.6798,-0.08,-0.918,-0.138,0.057,61,-26,144,158.5339080449353
564728,23391.0,120960,45,99367,-0.03,0.6867,-0.0851,-0.927,-0.151,0.1,59,-24,146,159.2890454488318
564840,23391.0,118080,45,99366,-0.0267,0.6898,-0.0895,-0.919,-0.131,0.061,61,-26,148,162.17583050504166
564926,23381.0,118080,45,99363,-0.0248,0.6895,-0.0902,-0.986,-0.118,0.025,59,-24,147,160.20611723651504
565032,23381.0,118080,45,99363,-0.0246,0.6899,-0.09,-0.978,-0.151,0.04,58,-24,147,159.84054554461454
565130,23391.0,120960,45,99367,-0.0242,0.6905,-0.0895,-0.992,-0.148,0.017,59,-23,146,159.14144651849813
565228,23391.0,118080,45,99367,-0.0238,0.6913,-0.089,-0.976,-0.148,0.038,58,-24,146,158.92136420255144
565331,23391.0,118080,45,99366,-0.0235,0.6919,-0.0886,-0.988,-0.146,0.031,59,-23,147,160.0593639872407
565426,23391.0,120960,45,99366,-0.0233,0.6922,-0.0883,-0.984,-0.149,0.03,59,-24,146,159.2890454488318
565533,23391.0,118080,45,99363,-0.023,0.6926,-0.0881,-0.982,-0.149,0.03,58,-24,147,159.84054554461454
565632,23401.0,118080,45,99365,-0.0229,0.6928,-0.0879,-0.989,-0.148,0.028,60,-24,146,159.66214329013624
565830,23391.0,118080,45,99368,-0.0226,0.6933,-0.0875,-0.983,-0.147,0.031,58,-24,147,159.84054554461454
565936,23381.0,118080,45,99366,-0.0225,0.6934,-0.0874,-0.987,-0.147,0.028,59,-23,147,160.0593639872407
566035,23381.0,118080,45,99366,-0.0224,0.6936,-0.0873,-0.983,-0.149,0.031,58,-24,146,158.92136420255144
566136,23381.0,120960,45,99362,-0.0223,0.6938,-0.0872,-0.984,-0.146,0.031,59,-24,145,158.3729774930054
566226,23391.0,118080,45,99364,-0.0223,0.6938,-0.0872,-0.988,-0.148,0.029,60,-24,146,159.66214329013624
566327,23391.0,120960,45,99363,-0.0223,0.6938,-0.0872,-0.983,-0.151,0.03,58,-24,146,158.92136420255144
566428,23391.0,118080,45,99363,-0.0223,0.6938,-0.0872,-0.987,-0.148,0.031,59,-24,146,159.2890454488318
566527,23391.0,120960,45,99362,-0.0223,0.6938,-0.0872,-0.986,-0.15,0.032,58,-25,146,159.07545379473223
566628,23391.0,118080,45,99365,-0.0223,0.6938,-0.0872,-0.984,-0.148,0.031,59,-22,146,159.0
566726,23391.0,118080,45,99365,-0.0223,0.6938,-0.0872,-0.986,-0.148,0.03,59,-23,147,160.0593639872407
566827,23391.0,120960,45,99370,-0.0223,0.6938,-0.0872,-0.984,-0.148,0.028,59,-23,147,160.0593639872407
566927,23401.0,120960,45,99364,-0.0223,0.6938,-0.0872,-0.985,-0.148,0.03,59,-23,145,158.22452401571636
567027,23401.0,120960,45,99364,-0.0223,0.6938,-0.0872,-0.985,-0.148,0.028,58,-23,146,158.7734234687909
567128,23391.0,120960,45,99367,-0.0223,0.6938,-0.0872,-0.986,-0.149,0.031,59,-24,146,159.2890454488318
567227,23391.0,120960,45,99364,-0.0223,0.6938,-0.0872,-0.986,-0.149,0.032,59,-23,146,159.14144651849813
567326,23391.0,120960,45,99366,-0.0223,0.6938,-0.0872,-0.985,-0.148,0.03,58,-23,147,159.6934563468397
567427,23391.0,118080,45,99366,-0.0223,0.6938,-0.0872,-0.984,-0.147,0.03,58,-24,147,159.84054554461454
567527,23391.0,120960,45,99366,-0.0223,0.6938,-0.0872,-0.984,-0.15,0.028,59,-25,146,159.44277970482077
567628,23391.0,118080,45,99367,-0.0223,0.6938,-0.0872,-0.984,-0.149,0.03,59,-24,147,160.20611723651504
567827,23381.0,120960,45,99364,-0.0223,0.6938,-0.0872,-0.984,-0.146,0.029,58,-24,147,159.84054554461454
567927,23381.0,120960,45,99360,-0.0223,0.6938,-0.0872,-0.985,-0.148,0.03,59,-23,146,159.14144651849813
568027,23381.0,118080,45,99360,-0.0223,0.6938,-0.0872,-0.984,-0.15,0.029,59,-24,147,160.20611723651504
568127,23391.0,118080,45,99368,-0.0223,0.6938,-0.0872,-0.984,-0.148,0.032,58,-23,147,159.6934563468397
568227,23391.0,120960,45,99362,-0.0223,0.6938,-0.0872,-0.985,-0.149,0.03,59,-23,146,159.14144651849813
568331,23391.0,120960,45,99364,-0.0223,0.6938,-0.0872,-0.984,-0.15,0.029,58,-23,146,158.7734234687909
568427,23391.0,118080,45,99364,-0.0223,0.6938,-0.0872,-0.984,-0.149,0.031,58,-24,147,159.84054554461454
568527,23391.0,118080,45,99366,-0.0223,0.6938,-0.0872,-0.986,-0.15,0.031,57,-23,146,158.41085821369697
568627,23391.0,118080,45,99361,-0.0223,0.6938,-0.0872,-0.985,-0.149,0.029,59,-24,146,159.2890454488318
568730,23391.0,120960,45,99361,-0.0223,0.6938,-0.0872,-0.984,-0.149,0.03,58,-25,146,159.07545379473223
568831,23391.0,120960,45,99362,-0.0223,0.6938,-0.0872,-0.986,-0.151,0.03,59,-24,146,159.2890454488318
568927,23391.0,118080,45,99363,-0.0223,0.6938,-0.0872,-0.984,-0.147,0.028,59,-24,147,160.20611723651504
569027,23391.0,118080,45,99360,-0.0223,0.6938,-0.0872,-0.985,-0.149,0.029,59,-23,146,159.14144651849813
569127,23391.0,120960,45,99360,-0.0223,0.6938,-0.0872,-0.986,-0.15,0.028,59,-23,146,159.14144651849813
569227,23381.0,118080,45,99359,-0.0223,0.6938,-0.0872,-0.985,-0.148,0.03,59,-24,146,159.2890454488318
569327,23391.0,118080,45,99365,-0.0223,0.6938,-0.0872,-0.984,-0.15,0.032,58,-24,146,158.92136420255144
569428,23391.0,118080,45,99365,-0.0223,0.6938,-0.0872,-0.985,-0.15,0.03,59,-24,147,160.20611723651504
569527,23391.0,120960,45,99360,-0.0223,0.6938,-0.0872,-0.985,-0.148,0.031,59,-24,145,158.3729774930054
569627,23391.0,120960,45,99360,-0.0223,0.6938,-0.0872,-0.983,-0.148,0.029,58,-23,146,158.7734234687909
569727,23391.0,118080,45,99360,-0.0223,0.6938,-0.0872,-0.986,-0.148,0.03,58,-23,146,158.7734234687909
569826,23391.0,118080,45,99362,-0.0223,0.6938,-0.0872,-0.984,-0.15,0.032,58,-23,147,159.6934563468397
569931,23391.0,120960,45,99362,-0.0223,0.6938,-0.0872,-0.939,-0.125,0.061,59,-23,147,160.0593639872407
570038,23391.0,118080,45,99364,-0.0256,0.6899,-0.0848,-0.897,-0.126,0.065,59,-24,146,159.2890454488318
570134,23391.0,120960,45,99364,-0.0286,0.6838,-0.0798,-0.942,-0.169,0.075,59,-23,146,159.14144651849813
570233,23391.0,120960,45,99360,-0.031,0.6755,-0.0743,-0.908,-0.123,0.095,58,-26,143,156.4896162689397
570340,23391.0,120960,45,99364,-0.0331,0.668,-0.0679,-0.933,-0.099,0.169,62,-26,145,159.8280325850256
570426,23391.0,120960,45,99364,-0.0352,0.6622,-0.058,-0.915,-0.085,0.095,63,-27,143,158.5780564895408
570527,23391.0,120960,45,99364,-0.0356,0.6579,-0.0462,-0.929,-0.085,0.113,63,-28,142,157.851195750935
570627,23381.0,120960,45,99364,-0.0335,0.6556,-0.0346,-0.999,-0.047,0.146,65,-30,144,160.81355664246718
570729,23381.0,118080,45,99364,-0.0312,0.655,-0.0236,-0.955,-0.072,0.08,66,-32,143,160.71403174583108
570829,23401.0,115200,45,99367,-0.029,0.6559,-0.014,-1.006,-0.066,0.103,66,-35,145,163.11345744603662
570927,23391.0,112320,45,99365,-0.0271,0.6583,-0.0057,-1.002,-0.068,0.1,67,-36,147,165.51132891738862
571028,23381.0,109440,45,99369,-0.0259,0.6622,0.0013,-0.961,0.03,0.09,66,-38,147,165.55663683464942
571127,23381.0,106560,45,99369,-0.0254,0.6677,0.0072,-1.022,-0.048,0.083,67,-39,152,170.6282508847817
571227,23391.0,100800,45,99366,-0.026,0.6746,0.0117,-1.044,-0.005,0.126,68,-41,154,173.2656919300529
571327,23391.0,97920,45,99369,-0.0294,0.6816,0.0136,-1.043,-0.025,0.085,68,-43,157,176.41428513586987
571427,23391.0,95040,45,99369,-0.0351,0.6884,0.0125,-1.044,-0.079,-0.031,70,-44,160,180.0999722376436
571528,23391.0,92160,45,99371,-0.0403,0.6945,0.0062,-1.048,-0.088,0.002,68,-44,162,181.11874557869487
571626,23391.0,89280,45,99368,-0.0437,0.6985,-0.0012,-1.008,-0.05,0.0,67,-43,164,182.3019473291495
571727,23391.0,89280,45,99368,-0.0471,0.701,-0.0053,-1.045,-0.1,0.025,65,-40,168,184.52371121349148
571832,23391.0,89280,45,99368,-0.0517,0.7019,-0.0071,-1.025,-0.118,0.015,64,-42,166,182.80043763623763
571927,23391.0,89280,45,99370,-0.0518,0.7017,-0.0076,-0.98,-0.078,0.078,65,-39,169,185.2214890340751
572028,23391.0,89280,45,99366,-0.0514,0.7014,-0.0072,-0.964,-0.074,0.002,65,-40,167,183.61372497719228
572125,23391.0,89280,45,99366,-0.0496,0.7031,-0.005,-0.965,-0.069,-0.019,65,-40,167,183.61372497719228
572239,23391.0,86400,45,99365,-0.0463,0.7067,-0.0018,-0.948,-0.046,-0.028,65,-41,169,185.65290194338465
572327,23401.0,86400,45,99367,-0.0421,0.7104,0.0023,-1.053,-0.061,-0.002,64,-42,169,185.52897347853784
572436,23401.0,83520,45,99367,-0.0396,0.7121,0.0046,-1.026,-0.052,-0.02,64,-43,171,187.57931655702345
572526,23391.0,83520,45,99367,-0.0383,0.7124,0.0058,-1.038,-0.062,-0.022,62,-43,171,186.9063936841113
572627,23391.0,83520,45,99362,-0.0381,0.7117,0.0056,-1.006,-0.003,0.005,62,-44,171,187.13898578329423
572727,23391.0,83520,45,99368,-0.0377,0.7115,0.0052,-0.998,-0.047,-0.016,62,-45,172,188.28967045486056
572832,23391.0,83520,45,99368,-0.0376,0.7117,0.0053,-0.999,-0.045,-0.019,61,-45,173,188.87826767524103
572930,23391.0,83520,45,99368,-0.0377,0.7118,0.0052,-1.001,-0.042,-0.022,60,-40,176,190.19989484749985
573035,23401.0,83520,45,99373,-0.0377,0.7119,0.0052,-0.997,-0.043,-0.018,61,-41,176,190.730175903028
573127,23401.0,83520,45,99373,-0.0377,0.712,0.0053,-0.994,-0.042,-0.02,60,-39,178,191.84629264074923
573232,23391.0,83520,45,99370,-0.0376,0.712,0.0053,-0.995,-0.043,-0.022,60,-39,178,191.84629264074923
573326,23381.0,83520,45,99369,-0.0376,0.7121,0.0053,-0.998,-0.044,-0.02,59,-38,179,192.26544151250897
573433,23381.0,83520,45,99369,-0.0376,0.7121,0.0053,-0.995,-0.041,-0.022,58,-37,179,191.76548177396265
573526,23391.0,83520,45,99368,-0.0376,0.7121,0.0053,-0.997,-0.046,-0.02,57,-39,178,190.9293062890032
573632,23401.0,83520,45,99370,-0.0376,0.7122,0.0054,-0.998,-0.042,-0.019,56,-37,177,189.2987057536316
573728,23381.0,83520,45,99366,-0.0376,0.7122,0.0054,-0.998,-0.043,-0.017,55,-40,178,190.5492062434268
573826,23381.0,83520,45,99366,-0.0376,0.7122,0.0054,-0.999,-0.044,-0.017,54,-39,176,188.1834211613765
573927,23401.0,83520,45,99371,-0.0376,0.7122,0.0054,-0.996,-0.044,-0.021,52,-43,176,188.49137911321037
574027,23391.0,83520,45,99372,-0.0376,0.7122,0.0054,-0.998,-0.046,-0.02,51,-43,175,187.28320800328044
574126,23391.0,83520,45,99372,-0.0376,0.7122,0.0054,-0.997,-0.043,-0.022,48,-46,172,184.40173534975207
574231,23391.0,83520,45,99373,-0.0376,0.7122,0.0054,-0.999,-0.045,-0.022,47,-49,171,183.98641254179617
574334,23391.0,83520,45,99371,-0.0376,0.7122,0.0054,-0.997,-0.044,-0.022,47,-51,171,184.52913049163809
574433,23391.0,83520,45,99371,-0.0376,0.7122,0.0054,-0.997,-0.043,-0.022,46,-53,169,182.99180309511135
574536,23391.0,83520,45,99372,-0.0376,0.7122,0.0054,-0.999,-0.044,-0.022,45,-55,168,182.41162243672963
574627,23391.0,83520,45,99372,-0.0376,0.7122,0.0054,-0.999,-0.042,-0.021,46,-58,167,182.67183690979843
574726,23391.0,83520,45,99367,-0.0376,0.7122,0.0054,-0.998,-0.049,-0.021,45,-59,167,182.74298892159993
574827,23391.0,83520,45,99367,-0.0376,0.7122,0.0054,-0.997,-0.042,-0.019,45,-60,168,183.98097727754356
574929,23391.0,83520,45,99365,-0.0376,0.7122,0.0054,-0.996,-0.042,-0.023,45,-61,168,184.30952227163957
575028,23391.0,83520,45,99368,-0.0376,0.7122,0.0054,-0.998,-0.042,-0.02,47,-61,168,184.808008484481
575126,23391.0,83520,45,99368,-0.0376,0.7122,0.0054,-0.996,-0.042,-0.022,50,-62,169,186.82879863661276
575227,23401.0,83520,45,99375,-0.0376,0.7122,0.0054,-0.996,-0.043,-0.022,51,-61,170,187.67525143182837
575327,23401.0,83520,45,99372,-0.0376,0.7122,0.0054,-0.997,-0.043,-0.021,52,-60,169,186.72171807264417
575429,23401.0,83520,45,99372,-0.0376,0.7122,0.0054,-0.997,-0.045,-0.02,52,-59,170,187.30990363565937
575526,23391.0,83520,45,99370,-0.0376,0.7122,0.0054,-0.996,-0.044,-0.021,54,-59,171,188.78029558192773
575638,23391.0,83520,45,99367,-0.0376,0.7122,0.0054,-0.997,-0.042,-0.019,57,-58,173,191.15961916681044
575728,23381.0,83520,45,99370,-0.0376,0.7122,0.0054,-0.997,-0.043,-0.019,58,-55,174,191.48106956041372
575827,23381.0,83520,45,99370,-0.0376,0.7122,0.0054,-0.998,-0.046,-0.02,60,-54,174,191.81240835774935
575926,23391.0,83520,45,99370,-0.0376,0.7122,0.0054,-0.997,-0.044,-0.023,60,-54,176,193.62851029742495
576027,23391.0,83520,45,99369,-0.0376,0.7122,0.0054,-0.996,-0.045,-0.019,62,-54,177,195.1640335717624
576128,23391.0,83520,45,99369,-0.0376,0.7122,0.0054,-0.995,-0.042,-0.019,63,-54,178,196.38991827484423
576227,23381.0,83520,45,99368,-0.0376,0.7122,0.0054,-0.997,-0.043,-0.022,64,-52,176,194.36048981210143
576326,23391.0,83520,45,99367,-0.0376,0.7122,0.0054,-0.996,-0.043,-0.022,65,-52,175,193.78854455307723
576427,23391.0,83520,45,99371,-0.0376,0.7122,0.0054,-0.998,-0.045,-0.021,65,-53,176,194.96153466773904
576526,23391.0,83520,45,99371,-0.0376,0.7122,0.0054,-0.999,-0.045,-0.021,64,-52,176,194.36048981210143
576627,23391.0,83520,45,99371,-0.0376,0.7122,0.0054,-0.996,-0.044,-0.02,66,-54,174,193.7730631434617
576729,23391.0,83520,45,99373,-0.0376,0.7122,0.0054,-0.995,-0.044,-0.023,65,-53,175,194.05926929677955
576827,23391.0,83520,45,99373,-0.0376,0.7122,0.0054,-0.997,-0.044,-0.022,66,-54,176,195.57095898931416
576926,23391.0,83520,45,99371,-0.0376,0.7122,0.0054,-0.997,-0.042,-0.021,57,-39,177,189.99736840282816
577027,23391.0,83520,45,99371,-0.0376,0.7122,0.0054,-0.997,-0.043,-0.019,46,-53,172,185.7659818158319
577127,23391.0,83520,45,99371,-0.0376,0.7122,0.0054,-0.997,-0.043,-0.02,45,-55,173,187.02673605663975
577227,23401.0,83520,45,99368,-0.0374,0.7122,0.0052,-1.033,-0.075,-0.003,50,-44,178,190.0526242912736
577334,23381.0,83520,45,99367,-0.0349,0.7105,0.0043,-1.05,-0.065,0.004,50,-44,177,189.1163662933486
577426,23391.0,86400,45,99369,-0.0319,0.7072,0.0087,-1.031,-0.047,-0.025,52,-45,178,190.8219064992277
577528,23391.0,86400,45,99369,-0.027,0.7025,0.0163,-1.026,-0.058,-0.109,51,-45,176,188.68492255609615
577628,23391.0,89280,45,99367,-0.0194,0.6968,0.0207,-1.032,0.031,0.046,52,-47,173,186.66011893278113
577726,23391.0,92160,45,99366,-0.0131,0.6905,0.0216,-1.026,0.05,0.021,56,-48,171,186.2283544468994
577827,23391.0,95040,45,99366,-0.0098,0.6839,0.0206,-1.046,0.019,0.066,55,-46,168,182.6608879864543
577926,23391.0,95040,45,99370,-0.009,0.6772,0.0171,-1.018,0.034,0.045,54,-45,164,178.42925769054804
578028,23391.0,100800,45,99369,-0.0109,0.6708,0.0112,-1.023,0.001,0.058,55,-44,162,176.64937022248338
578129,23391.0,106560,45,99369,-0.0158,0.6648,0.0028,-1.026,0.006,0.111,55,-42,159,173.40703561274557
578223,23391.0,109440,45,99368,-0.023,0.6594,-0.0081,-0.972,0.007,0.129,56,-40,154,168.67720652180603
578327,23391.0,115200,45,99367,-0.0303,0.6558,-0.0198,-0.95,-0.056,0.125,54,-37,152,165.4962235218677
578427,23391.0,118080,45,99367,-0.036,0.6549,-0.0312,-0.961,-0.086,0.092,54,-34,150,163.00920219423196
578530,23391.0,118080,45,99367,-0.0397,0.6561,-0.0424,-0.948,-0.114,0.135,54,-32,148,160.76069171286866
578630,23371.0,120960,45,99362,-0.0412,0.6593,-0.053,-0.945,-0.111,0.091,53,-30,149,160.96583488430085
578735,23391.0,120960,45,99368,-0.0401,0.6644,-0.0628,-0.926,-0.096,0.103,53,-29,147,158.93080255255745
578834,23391.0,120960,45,99368,-0.0362,0.671,-0.0719,-0.956,-0.135,0.127,51,-28,149,159.9562440169186
578927,23401.0,120960,45,99365,-0.0319,0.6785,-0.0777,-0.955,-0.126,0.104,49,-26,150,159.928108848945
579028,23381.0,120960,45,99361,-0.0298,0.6862,-0.0828,-0.909,-0.181,0.052,48,-26,149,158.68522300453813
579131,23391.0,118080,45,99361,-0.0269,0.6905,-0.0877,-0.933,-0.143,0.074,47,-23,152,160.75447116643443
579230,23391.0,118080,45,99361,-0.0241,0.6903,-0.0896,-0.99,-0.194,0.024,48,-25,154,163.23296235748464
579334,23391.0,118080,45,99362,-0.0234,0.6905,-0.0905,-0.99,-0.168,0.031,47,-25,153,161.99691355084516
579440,23391.0,118080,45,99362,-0.0185,0.6902,-0.0969,-0.979,-0.154,0.023,47,-24,151,159.9562440169186
579531,23391.0,118080,45,99362,-0.0082,0.6893,-0.1083,-0.979,-0.162,0.042,47,-23,152,160.75447116643443
579627,23391.0,118080,45,99363,0.0074,0.6869,-0.1253,-0.988,-0.154,0.025,46,-21,152,160.19051157918187
579727,23391.0,118080,45,99358,0.0279,0.6832,-0.1476,-0.98,-0.152,0.048,47,-20,153,161.3009609394811
579828,23391.0,118080,45,99358,0.0502,0.6784,-0.1717,-0.985,-0.149,0.053,45,-18,151,158.58751527153706
579926,23391.0,118080,45,99366,0.0723,0.6728,-0.1955,-0.985,-0.11,0.052,45,-13,152,159.0534501354812
580029,23401.0,118080,45,99364,0.0943,0.6666,-0.219,-0.98,-0.151,0.067,44,-11,150,156.706732465456
580126,23391.0,118080,45,99361,0.1163,0.6596,-0.2424,-0.985,-0.141,0.071,45,-9,150,156.86299754881645
580227,23391.0,118080,45,99361,0.1381,0.6518,-0.2655,-0.984,-0.099,0.068,43,-7,148,154.2789681064791
580331,23391.0,118080,45,99361,0.1597,0.6436,-0.2876,-0.98,-0.108,0.079,44,-4,148,154.45387661046257
580437,23391.0,115200,45,99365,0.1808,0.638,-0.3019,-0.984,-0.089,0.08,45,-2,147,153.7465446766203
580532,23391.0,115200,45,99365,0.1979,0.6344,-0.31,-0.984,-0.079,0.088,44,-2,146,152.499180325666
580637,23381.0,115200,45,99360,0.2073,0.6319,-0.3153,-0.98,-0.081,0.089,43,-1,146,152.20381072758985
580731,23391.0,115200,45,99360,0.2123,0.6318,-0.315,-0.984,-0.106,0.089,41,-1,143,148.76491521860925
580837,23391.0,115200,45,99360,0.2143,0.6318,-0.317,-0.98,-0.12,0.092,42,0,143,149.04026301640775
580935,23381.0,115200,45,99362,0.2212,0.6293,-0.3242,-0.981,-0.11,0.092,43,0,145,151.24152868838638
581040,23401.0,115200,45,99367,0.2328,0.6243,-0.3362,-0.983,-0.122,0.095,42,3,143,149.07045314213008
581131,23381.0,112320,45,99361,0.2492,0.6167,-0.3531,-0.978,-0.119,0.096,43,3,142,148.39811319555247
581236,23381.0,112320,45,99361,0.2693,0.6058,-0.3742,-0.98,-0.098,0.098,43,6,141,147.53304714537688
581331,23401.0,109440,45,99360,0.2894,0.5941,-0.3952,-0.982,-0.05,0.092,42,6,139,145.33065746772084
581436,23391.0,109440,45,99358,0.3094,0.5817,-0.4158,-0.979,-0.09,0.1,42,9,137,143.57576397150044
581531,23391.0,109440,45,99358,0.3289,0.5687,-0.4359,-0.981,-0.075,0.102,41,10,135,141.44256784999345
581636,23391.0,109440,45,99364,0.348,0.555,-0.4556,-0.983,-0.029,0.097,40,9,133,139.17614738165446
